2025-10-31 11:09:53,290:WARNING:
'cuml' is a soft dependency and not included in the pycaret installation. Please run: `pip install cuml` to install.
2025-10-31 11:09:53,290:WARNING:
'cuml' is a soft dependency and not included in the pycaret installation. Please run: `pip install cuml` to install.
2025-10-31 11:09:53,290:WARNING:
'cuml' is a soft dependency and not included in the pycaret installation. Please run: `pip install cuml` to install.
2025-10-31 11:09:53,290:WARNING:
'cuml' is a soft dependency and not included in the pycaret installation. Please run: `pip install cuml` to install.
2025-10-31 11:09:53,739:INFO:PyCaret ClassificationExperiment
2025-10-31 11:09:53,739:INFO:Logging name: clf-default-name
2025-10-31 11:09:53,739:INFO:ML Usecase: MLUsecase.CLASSIFICATION
2025-10-31 11:09:53,739:INFO:version 3.3.2
2025-10-31 11:09:53,739:INFO:Initializing setup()
2025-10-31 11:09:53,739:INFO:self.USI: 82b2
2025-10-31 11:09:53,739:INFO:self._variable_keys: {'y_train', 'fold_groups_param', 'gpu_param', 'X_test', 'fold_generator', 'y', 'seed', 'is_multiclass', 'gpu_n_jobs_param', 'USI', 'memory', 'fix_imbalance', 'log_plots_param', 'pipeline', 'n_jobs_param', 'X', '_ml_usecase', 'html_param', 'exp_name_log', 'X_train', 'exp_id', 'fold_shuffle_param', 'idx', 'y_test', 'data', 'target_param', 'logging_param', '_available_plots'}
2025-10-31 11:09:53,739:INFO:Checking environment
2025-10-31 11:09:53,739:INFO:python_version: 3.11.9
2025-10-31 11:09:53,739:INFO:python_build: ('main', 'Apr 19 2024 16:40:41')
2025-10-31 11:09:53,739:INFO:machine: AMD64
2025-10-31 11:09:53,739:INFO:platform: Windows-10-10.0.19045-SP0
2025-10-31 11:09:53,739:INFO:Memory: svmem(total=34046668800, available=21303382016, percent=37.4, used=12743286784, free=21303382016)
2025-10-31 11:09:53,739:INFO:Physical Core: 10
2025-10-31 11:09:53,739:INFO:Logical Core: 12
2025-10-31 11:09:53,739:INFO:Checking libraries
2025-10-31 11:09:53,739:INFO:System:
2025-10-31 11:09:53,739:INFO:    python: 3.11.9 | packaged by Anaconda, Inc. | (main, Apr 19 2024, 16:40:41) [MSC v.1916 64 bit (AMD64)]
2025-10-31 11:09:53,739:INFO:executable: C:\Users\User\miniconda3\envs\py3_11_9\python.exe
2025-10-31 11:09:53,739:INFO:   machine: Windows-10-10.0.19045-SP0
2025-10-31 11:09:53,739:INFO:PyCaret required dependencies:
2025-10-31 11:09:53,753:INFO:                 pip: 25.2
2025-10-31 11:09:53,753:INFO:          setuptools: 80.9.0
2025-10-31 11:09:53,753:INFO:             pycaret: 3.3.2
2025-10-31 11:09:53,753:INFO:             IPython: 9.6.0
2025-10-31 11:09:53,753:INFO:          ipywidgets: 8.1.7
2025-10-31 11:09:53,753:INFO:                tqdm: 4.67.1
2025-10-31 11:09:53,753:INFO:               numpy: 1.26.4
2025-10-31 11:09:53,753:INFO:              pandas: 2.1.4
2025-10-31 11:09:53,753:INFO:              jinja2: 3.1.6
2025-10-31 11:09:53,753:INFO:               scipy: 1.11.4
2025-10-31 11:09:53,753:INFO:              joblib: 1.3.2
2025-10-31 11:09:53,753:INFO:             sklearn: 1.4.2
2025-10-31 11:09:53,753:INFO:                pyod: 2.0.5
2025-10-31 11:09:53,753:INFO:            imblearn: 0.14.0
2025-10-31 11:09:53,753:INFO:   category_encoders: 2.7.0
2025-10-31 11:09:53,753:INFO:            lightgbm: 4.6.0
2025-10-31 11:09:53,753:INFO:               numba: 0.62.1
2025-10-31 11:09:53,753:INFO:            requests: 2.32.5
2025-10-31 11:09:53,753:INFO:          matplotlib: 3.7.5
2025-10-31 11:09:53,753:INFO:          scikitplot: 0.3.7
2025-10-31 11:09:53,753:INFO:         yellowbrick: 1.5
2025-10-31 11:09:53,753:INFO:              plotly: 6.3.1
2025-10-31 11:09:53,753:INFO:    plotly-resampler: Not installed
2025-10-31 11:09:53,753:INFO:             kaleido: 1.1.0
2025-10-31 11:09:53,753:INFO:           schemdraw: 0.15
2025-10-31 11:09:53,753:INFO:         statsmodels: 0.14.5
2025-10-31 11:09:53,753:INFO:              sktime: 0.26.0
2025-10-31 11:09:53,753:INFO:               tbats: 1.1.3
2025-10-31 11:09:53,753:INFO:            pmdarima: 2.0.4
2025-10-31 11:09:53,753:INFO:              psutil: 7.1.2
2025-10-31 11:09:53,753:INFO:          markupsafe: 3.0.3
2025-10-31 11:09:53,753:INFO:             pickle5: Not installed
2025-10-31 11:09:53,753:INFO:         cloudpickle: 3.1.1
2025-10-31 11:09:53,753:INFO:         deprecation: 2.1.0
2025-10-31 11:09:53,753:INFO:              xxhash: 3.6.0
2025-10-31 11:09:53,753:INFO:           wurlitzer: Not installed
2025-10-31 11:09:53,753:INFO:PyCaret optional dependencies:
2025-10-31 11:09:53,753:INFO:                shap: Not installed
2025-10-31 11:09:53,753:INFO:           interpret: Not installed
2025-10-31 11:09:53,753:INFO:                umap: Not installed
2025-10-31 11:09:53,753:INFO:     ydata_profiling: Not installed
2025-10-31 11:09:53,753:INFO:  explainerdashboard: Not installed
2025-10-31 11:09:53,753:INFO:             autoviz: Not installed
2025-10-31 11:09:53,753:INFO:           fairlearn: Not installed
2025-10-31 11:09:53,753:INFO:          deepchecks: Not installed
2025-10-31 11:09:53,753:INFO:             xgboost: Not installed
2025-10-31 11:09:53,753:INFO:            catboost: Not installed
2025-10-31 11:09:53,753:INFO:              kmodes: Not installed
2025-10-31 11:09:53,753:INFO:             mlxtend: Not installed
2025-10-31 11:09:53,753:INFO:       statsforecast: Not installed
2025-10-31 11:09:53,753:INFO:        tune_sklearn: Not installed
2025-10-31 11:09:53,753:INFO:                 ray: Not installed
2025-10-31 11:09:53,753:INFO:            hyperopt: Not installed
2025-10-31 11:09:53,753:INFO:              optuna: Not installed
2025-10-31 11:09:53,753:INFO:               skopt: Not installed
2025-10-31 11:09:53,753:INFO:              mlflow: Not installed
2025-10-31 11:09:53,753:INFO:              gradio: Not installed
2025-10-31 11:09:53,753:INFO:             fastapi: Not installed
2025-10-31 11:09:53,753:INFO:             uvicorn: Not installed
2025-10-31 11:09:53,753:INFO:              m2cgen: Not installed
2025-10-31 11:09:53,753:INFO:           evidently: Not installed
2025-10-31 11:09:53,753:INFO:               fugue: Not installed
2025-10-31 11:09:53,753:INFO:           streamlit: Not installed
2025-10-31 11:09:53,753:INFO:             prophet: Not installed
2025-10-31 11:09:53,753:INFO:None
2025-10-31 11:09:53,753:INFO:Set up data.
2025-10-31 11:09:53,777:INFO:Set up folding strategy.
2025-10-31 11:09:53,777:INFO:Set up train/test split.
2025-10-31 11:09:53,797:INFO:Set up index.
2025-10-31 11:09:53,797:INFO:Assigning column types.
2025-10-31 11:09:53,801:INFO:Engine successfully changes for model 'lr' to 'sklearn'.
2025-10-31 11:09:53,824:INFO:Engine for model 'knn' has not been set explicitly, hence returning None.
2025-10-31 11:09:53,826:INFO:Engine for model 'rbfsvm' has not been set explicitly, hence returning None.
2025-10-31 11:09:53,839:WARNING:
'xgboost' is a soft dependency and not included in the pycaret installation. Please run: `pip install xgboost` to install.
Alternately, you can install this by running `pip install pycaret[models]`
2025-10-31 11:09:53,839:WARNING:
'catboost' is a soft dependency and not included in the pycaret installation. Please run: `pip install catboost` to install.
Alternately, you can install this by running `pip install pycaret[models]`
2025-10-31 11:09:53,855:INFO:Engine for model 'knn' has not been set explicitly, hence returning None.
2025-10-31 11:09:53,855:INFO:Engine for model 'rbfsvm' has not been set explicitly, hence returning None.
2025-10-31 11:09:53,886:WARNING:
'xgboost' is a soft dependency and not included in the pycaret installation. Please run: `pip install xgboost` to install.
Alternately, you can install this by running `pip install pycaret[models]`
2025-10-31 11:09:53,886:WARNING:
'catboost' is a soft dependency and not included in the pycaret installation. Please run: `pip install catboost` to install.
Alternately, you can install this by running `pip install pycaret[models]`
2025-10-31 11:09:53,886:INFO:Engine successfully changes for model 'knn' to 'sklearn'.
2025-10-31 11:09:53,902:INFO:Engine for model 'rbfsvm' has not been set explicitly, hence returning None.
2025-10-31 11:09:53,927:WARNING:
'xgboost' is a soft dependency and not included in the pycaret installation. Please run: `pip install xgboost` to install.
Alternately, you can install this by running `pip install pycaret[models]`
2025-10-31 11:09:53,927:WARNING:
'catboost' is a soft dependency and not included in the pycaret installation. Please run: `pip install catboost` to install.
Alternately, you can install this by running `pip install pycaret[models]`
2025-10-31 11:09:53,954:INFO:Engine for model 'rbfsvm' has not been set explicitly, hence returning None.
2025-10-31 11:09:53,969:WARNING:
'xgboost' is a soft dependency and not included in the pycaret installation. Please run: `pip install xgboost` to install.
Alternately, you can install this by running `pip install pycaret[models]`
2025-10-31 11:09:53,969:WARNING:
'catboost' is a soft dependency and not included in the pycaret installation. Please run: `pip install catboost` to install.
Alternately, you can install this by running `pip install pycaret[models]`
2025-10-31 11:09:53,969:INFO:Engine successfully changes for model 'rbfsvm' to 'sklearn'.
2025-10-31 11:09:54,000:WARNING:
'xgboost' is a soft dependency and not included in the pycaret installation. Please run: `pip install xgboost` to install.
Alternately, you can install this by running `pip install pycaret[models]`
2025-10-31 11:09:54,000:WARNING:
'catboost' is a soft dependency and not included in the pycaret installation. Please run: `pip install catboost` to install.
Alternately, you can install this by running `pip install pycaret[models]`
2025-10-31 11:09:54,048:WARNING:
'xgboost' is a soft dependency and not included in the pycaret installation. Please run: `pip install xgboost` to install.
Alternately, you can install this by running `pip install pycaret[models]`
2025-10-31 11:09:54,049:WARNING:
'catboost' is a soft dependency and not included in the pycaret installation. Please run: `pip install catboost` to install.
Alternately, you can install this by running `pip install pycaret[models]`
2025-10-31 11:09:54,050:INFO:Preparing preprocessing pipeline...
2025-10-31 11:09:54,051:INFO:Set up label encoding.
2025-10-31 11:09:54,051:INFO:Set up simple imputation.
2025-10-31 11:09:54,054:INFO:Set up encoding of ordinal features.
2025-10-31 11:09:54,055:INFO:Set up encoding of categorical features.
2025-10-31 11:09:54,140:INFO:Finished creating preprocessing pipeline.
2025-10-31 11:09:54,149:INFO:Pipeline: Pipeline(memory=FastMemory(location=C:\Users\User\AppData\Local\Temp\joblib),
         steps=[('label_encoding',
                 TransformerWrapperWithInverse(exclude=None, include=None,
                                               transformer=LabelEncoder())),
                ('numerical_imputer',
                 TransformerWrapper(exclude=None,
                                    include=['person_age', 'person_income',
                                             'person_emp_length', 'loan_amnt',
                                             'loan_int_rate', 'loan_status',
                                             'loan_perc...
NaN   -1
dtype: int64}],
                                                               return_df=True,
                                                               verbose=0))),
                ('onehot_encoding',
                 TransformerWrapper(exclude=None,
                                    include=['person_home_ownership',
                                             'loan_intent'],
                                    transformer=OneHotEncoder(cols=['person_home_ownership',
                                                                    'loan_intent'],
                                                              drop_invariant=False,
                                                              handle_missing='return_nan',
                                                              handle_unknown='value',
                                                              return_df=True,
                                                              use_cat_names=True,
                                                              verbose=0)))],
         verbose=False)
2025-10-31 11:09:54,149:INFO:Creating final display dataframe.
2025-10-31 11:09:54,359:INFO:Setup _display_container:                     Description                                     Value
0                    Session id                                       123
1                        Target                                loan_grade
2                   Target type                                Multiclass
3                Target mapping  A: 0, B: 1, C: 2, D: 3, E: 4, F: 5, G: 6
4           Original data shape                               (32581, 12)
5        Transformed data shape                               (32581, 20)
6   Transformed train set shape                               (22806, 20)
7    Transformed test set shape                                (9775, 20)
8              Numeric features                                         8
9          Categorical features                                         3
10     Rows with missing values                                     12.1%
11                   Preprocess                                      True
12              Imputation type                                    simple
13           Numeric imputation                                      mean
14       Categorical imputation                                      mode
15     Maximum one-hot encoding                                        25
16              Encoding method                                      None
17               Fold Generator                           StratifiedKFold
18                  Fold Number                                        10
19                     CPU Jobs                                        -1
20                      Use GPU                                     False
21               Log Experiment                                     False
22              Experiment Name                          clf-default-name
23                          USI                                      82b2
2025-10-31 11:09:54,420:WARNING:
'xgboost' is a soft dependency and not included in the pycaret installation. Please run: `pip install xgboost` to install.
Alternately, you can install this by running `pip install pycaret[models]`
2025-10-31 11:09:54,420:WARNING:
'catboost' is a soft dependency and not included in the pycaret installation. Please run: `pip install catboost` to install.
Alternately, you can install this by running `pip install pycaret[models]`
2025-10-31 11:09:54,463:WARNING:
'xgboost' is a soft dependency and not included in the pycaret installation. Please run: `pip install xgboost` to install.
Alternately, you can install this by running `pip install pycaret[models]`
2025-10-31 11:09:54,463:WARNING:
'catboost' is a soft dependency and not included in the pycaret installation. Please run: `pip install catboost` to install.
Alternately, you can install this by running `pip install pycaret[models]`
2025-10-31 11:09:54,465:INFO:setup() successfully completed in 0.73s...............
2025-10-31 11:09:57,091:INFO:Initializing compare_models()
2025-10-31 11:09:57,091:INFO:compare_models(self=<pycaret.classification.oop.ClassificationExperiment object at 0x000002AFB47C1D10>, include=None, exclude=None, fold=None, round=4, cross_validation=True, sort=Accuracy, n_select=1, budget_time=None, turbo=True, errors=ignore, fit_kwargs=None, groups=None, experiment_custom_tags=None, probability_threshold=None, verbose=True, parallel=None, caller_params={'self': <pycaret.classification.oop.ClassificationExperiment object at 0x000002AFB47C1D10>, 'include': None, 'exclude': None, 'fold': None, 'round': 4, 'cross_validation': True, 'sort': 'Accuracy', 'n_select': 1, 'budget_time': None, 'turbo': True, 'errors': 'ignore', 'fit_kwargs': None, 'groups': None, 'experiment_custom_tags': None, 'probability_threshold': None, 'engine': None, 'verbose': True, 'parallel': None, '__class__': <class 'pycaret.classification.oop.ClassificationExperiment'>})
2025-10-31 11:09:57,092:INFO:Checking exceptions
2025-10-31 11:09:57,100:INFO:Preparing display monitor
2025-10-31 11:09:57,142:INFO:Initializing Logistic Regression
2025-10-31 11:09:57,142:INFO:Total runtime is 0.0 minutes
2025-10-31 11:09:57,146:INFO:SubProcess create_model() called ==================================
2025-10-31 11:09:57,147:INFO:Initializing create_model()
2025-10-31 11:09:57,147:INFO:create_model(self=<pycaret.classification.oop.ClassificationExperiment object at 0x000002AFB47C1D10>, estimator=lr, fold=StratifiedKFold(n_splits=10, random_state=None, shuffle=False), round=4, cross_validation=True, predict=True, fit_kwargs={}, groups=None, refit=False, probability_threshold=None, experiment_custom_tags=None, verbose=False, system=False, add_to_model_list=True, metrics=None, display=<pycaret.internal.display.display.CommonDisplay object at 0x000002AFB4FC4410>, model_only=True, return_train_score=False, error_score=0.0, kwargs={})
2025-10-31 11:09:57,147:INFO:Checking exceptions
2025-10-31 11:09:57,147:INFO:Importing libraries
2025-10-31 11:09:57,147:INFO:Copying training dataset
2025-10-31 11:09:57,155:INFO:Defining folds
2025-10-31 11:09:57,155:INFO:Declaring metric variables
2025-10-31 11:09:57,158:INFO:Importing untrained model
2025-10-31 11:09:57,161:INFO:Logistic Regression Imported successfully
2025-10-31 11:09:57,169:INFO:Starting cross validation
2025-10-31 11:09:57,171:INFO:Cross validating with StratifiedKFold(n_splits=10, random_state=None, shuffle=False), n_jobs=-1
2025-10-31 11:10:12,640:WARNING:C:\Users\User\miniconda3\envs\py3_11_9\Lib\site-packages\sklearn\linear_model\_logistic.py:469: ConvergenceWarning: lbfgs failed to converge (status=1):
STOP: TOTAL NO. of ITERATIONS REACHED LIMIT.

Increase the number of iterations (max_iter) or scale the data as shown in:
    https://scikit-learn.org/stable/modules/preprocessing.html
Please also refer to the documentation for alternative solver options:
    https://scikit-learn.org/stable/modules/linear_model.html#logistic-regression
  n_iter_i = _check_optimize_result(

2025-10-31 11:10:12,667:WARNING:C:\Users\User\miniconda3\envs\py3_11_9\Lib\site-packages\sklearn\linear_model\_logistic.py:469: ConvergenceWarning: lbfgs failed to converge (status=1):
STOP: TOTAL NO. of ITERATIONS REACHED LIMIT.

Increase the number of iterations (max_iter) or scale the data as shown in:
    https://scikit-learn.org/stable/modules/preprocessing.html
Please also refer to the documentation for alternative solver options:
    https://scikit-learn.org/stable/modules/linear_model.html#logistic-regression
  n_iter_i = _check_optimize_result(

2025-10-31 11:10:12,709:WARNING:C:\Users\User\miniconda3\envs\py3_11_9\Lib\site-packages\pycaret\internal\metrics.py:204: FitFailedWarning: Metric 'make_scorer(roc_auc_score, response_method=('decision_function', 'predict_proba'), average=weighted, multi_class=ovr)' failed and error score 0.0 has been returned instead. If this is a custom metric, this usually means that the error is in the metric code. Full exception below:
Traceback (most recent call last):
  File "C:\Users\User\miniconda3\envs\py3_11_9\Lib\site-packages\pycaret\internal\metrics.py", line 196, in _score
    return super()._score(
           ^^^^^^^^^^^^^^^
  File "C:\Users\User\miniconda3\envs\py3_11_9\Lib\site-packages\sklearn\metrics\_scorer.py", line 350, in _score
    return self._sign * self._score_func(y_true, y_pred, **scoring_kwargs)
                        ^^^^^^^^^^^^^^^^^^^^^^^^^^^^^^^^^^^^^^^^^^^^^^^^^^
  File "C:\Users\User\miniconda3\envs\py3_11_9\Lib\site-packages\pycaret\internal\metrics.py", line 144, in __call__
    return self.score_func(y_true, y_pred, **kwargs)
           ^^^^^^^^^^^^^^^^^^^^^^^^^^^^^^^^^^^^^^^^^
  File "C:\Users\User\miniconda3\envs\py3_11_9\Lib\site-packages\sklearn\utils\_param_validation.py", line 213, in wrapper
    return func(*args, **kwargs)
           ^^^^^^^^^^^^^^^^^^^^^
  File "C:\Users\User\miniconda3\envs\py3_11_9\Lib\site-packages\sklearn\metrics\_ranking.py", line 634, in roc_auc_score
    return _multiclass_roc_auc_score(
           ^^^^^^^^^^^^^^^^^^^^^^^^^^
  File "C:\Users\User\miniconda3\envs\py3_11_9\Lib\site-packages\sklearn\metrics\_ranking.py", line 707, in _multiclass_roc_auc_score
    raise ValueError(
ValueError: Target scores need to be probabilities for multiclass roc_auc, i.e. they should sum up to 1.0 over classes

  warnings.warn(

2025-10-31 11:10:12,720:WARNING:C:\Users\User\miniconda3\envs\py3_11_9\Lib\site-packages\sklearn\metrics\_classification.py:1561: UserWarning: Note that pos_label (set to 'G') is ignored when average != 'binary' (got 'weighted'). You may use labels=[pos_label] to specify a single positive class.
  warnings.warn(

2025-10-31 11:10:12,744:WARNING:C:\Users\User\miniconda3\envs\py3_11_9\Lib\site-packages\sklearn\metrics\_classification.py:1561: UserWarning: Note that pos_label (set to 'G') is ignored when average != 'binary' (got 'weighted'). You may use labels=[pos_label] to specify a single positive class.
  warnings.warn(

2025-10-31 11:10:12,752:WARNING:C:\Users\User\miniconda3\envs\py3_11_9\Lib\site-packages\pycaret\internal\metrics.py:204: FitFailedWarning: Metric 'make_scorer(roc_auc_score, response_method=('decision_function', 'predict_proba'), average=weighted, multi_class=ovr)' failed and error score 0.0 has been returned instead. If this is a custom metric, this usually means that the error is in the metric code. Full exception below:
Traceback (most recent call last):
  File "C:\Users\User\miniconda3\envs\py3_11_9\Lib\site-packages\pycaret\internal\metrics.py", line 196, in _score
    return super()._score(
           ^^^^^^^^^^^^^^^
  File "C:\Users\User\miniconda3\envs\py3_11_9\Lib\site-packages\sklearn\metrics\_scorer.py", line 350, in _score
    return self._sign * self._score_func(y_true, y_pred, **scoring_kwargs)
                        ^^^^^^^^^^^^^^^^^^^^^^^^^^^^^^^^^^^^^^^^^^^^^^^^^^
  File "C:\Users\User\miniconda3\envs\py3_11_9\Lib\site-packages\pycaret\internal\metrics.py", line 144, in __call__
    return self.score_func(y_true, y_pred, **kwargs)
           ^^^^^^^^^^^^^^^^^^^^^^^^^^^^^^^^^^^^^^^^^
  File "C:\Users\User\miniconda3\envs\py3_11_9\Lib\site-packages\sklearn\utils\_param_validation.py", line 213, in wrapper
    return func(*args, **kwargs)
           ^^^^^^^^^^^^^^^^^^^^^
  File "C:\Users\User\miniconda3\envs\py3_11_9\Lib\site-packages\sklearn\metrics\_ranking.py", line 634, in roc_auc_score
    return _multiclass_roc_auc_score(
           ^^^^^^^^^^^^^^^^^^^^^^^^^^
  File "C:\Users\User\miniconda3\envs\py3_11_9\Lib\site-packages\sklearn\metrics\_ranking.py", line 707, in _multiclass_roc_auc_score
    raise ValueError(
ValueError: Target scores need to be probabilities for multiclass roc_auc, i.e. they should sum up to 1.0 over classes

  warnings.warn(

2025-10-31 11:10:12,757:WARNING:C:\Users\User\miniconda3\envs\py3_11_9\Lib\site-packages\sklearn\metrics\_classification.py:1509: UndefinedMetricWarning: Precision is ill-defined and being set to 0.0 in labels with no predicted samples. Use `zero_division` parameter to control this behavior.
  _warn_prf(average, modifier, f"{metric.capitalize()} is", len(result))

2025-10-31 11:10:12,759:WARNING:C:\Users\User\miniconda3\envs\py3_11_9\Lib\site-packages\sklearn\metrics\_classification.py:1561: UserWarning: Note that pos_label (set to 'G') is ignored when average != 'binary' (got 'weighted'). You may use labels=[pos_label] to specify a single positive class.
  warnings.warn(

2025-10-31 11:10:12,765:WARNING:C:\Users\User\miniconda3\envs\py3_11_9\Lib\site-packages\sklearn\linear_model\_logistic.py:469: ConvergenceWarning: lbfgs failed to converge (status=1):
STOP: TOTAL NO. of ITERATIONS REACHED LIMIT.

Increase the number of iterations (max_iter) or scale the data as shown in:
    https://scikit-learn.org/stable/modules/preprocessing.html
Please also refer to the documentation for alternative solver options:
    https://scikit-learn.org/stable/modules/linear_model.html#logistic-regression
  n_iter_i = _check_optimize_result(

2025-10-31 11:10:12,765:WARNING:C:\Users\User\miniconda3\envs\py3_11_9\Lib\site-packages\sklearn\metrics\_classification.py:1561: UserWarning: Note that pos_label (set to 'G') is ignored when average != 'binary' (got 'weighted'). You may use labels=[pos_label] to specify a single positive class.
  warnings.warn(

2025-10-31 11:10:12,775:WARNING:C:\Users\User\miniconda3\envs\py3_11_9\Lib\site-packages\sklearn\metrics\_classification.py:1561: UserWarning: Note that pos_label (set to 'G') is ignored when average != 'binary' (got 'weighted'). You may use labels=[pos_label] to specify a single positive class.
  warnings.warn(

2025-10-31 11:10:12,788:WARNING:C:\Users\User\miniconda3\envs\py3_11_9\Lib\site-packages\sklearn\linear_model\_logistic.py:469: ConvergenceWarning: lbfgs failed to converge (status=1):
STOP: TOTAL NO. of ITERATIONS REACHED LIMIT.

Increase the number of iterations (max_iter) or scale the data as shown in:
    https://scikit-learn.org/stable/modules/preprocessing.html
Please also refer to the documentation for alternative solver options:
    https://scikit-learn.org/stable/modules/linear_model.html#logistic-regression
  n_iter_i = _check_optimize_result(

2025-10-31 11:10:12,788:WARNING:C:\Users\User\miniconda3\envs\py3_11_9\Lib\site-packages\sklearn\metrics\_classification.py:1509: UndefinedMetricWarning: Precision is ill-defined and being set to 0.0 in labels with no predicted samples. Use `zero_division` parameter to control this behavior.
  _warn_prf(average, modifier, f"{metric.capitalize()} is", len(result))

2025-10-31 11:10:12,798:WARNING:C:\Users\User\miniconda3\envs\py3_11_9\Lib\site-packages\sklearn\metrics\_classification.py:1561: UserWarning: Note that pos_label (set to 'G') is ignored when average != 'binary' (got 'weighted'). You may use labels=[pos_label] to specify a single positive class.
  warnings.warn(

2025-10-31 11:10:12,816:WARNING:C:\Users\User\miniconda3\envs\py3_11_9\Lib\site-packages\sklearn\linear_model\_logistic.py:469: ConvergenceWarning: lbfgs failed to converge (status=1):
STOP: TOTAL NO. of ITERATIONS REACHED LIMIT.

Increase the number of iterations (max_iter) or scale the data as shown in:
    https://scikit-learn.org/stable/modules/preprocessing.html
Please also refer to the documentation for alternative solver options:
    https://scikit-learn.org/stable/modules/linear_model.html#logistic-regression
  n_iter_i = _check_optimize_result(

2025-10-31 11:10:12,832:WARNING:C:\Users\User\miniconda3\envs\py3_11_9\Lib\site-packages\sklearn\linear_model\_logistic.py:469: ConvergenceWarning: lbfgs failed to converge (status=1):
STOP: TOTAL NO. of ITERATIONS REACHED LIMIT.

Increase the number of iterations (max_iter) or scale the data as shown in:
    https://scikit-learn.org/stable/modules/preprocessing.html
Please also refer to the documentation for alternative solver options:
    https://scikit-learn.org/stable/modules/linear_model.html#logistic-regression
  n_iter_i = _check_optimize_result(

2025-10-31 11:10:12,838:WARNING:C:\Users\User\miniconda3\envs\py3_11_9\Lib\site-packages\pycaret\internal\metrics.py:204: FitFailedWarning: Metric 'make_scorer(roc_auc_score, response_method=('decision_function', 'predict_proba'), average=weighted, multi_class=ovr)' failed and error score 0.0 has been returned instead. If this is a custom metric, this usually means that the error is in the metric code. Full exception below:
Traceback (most recent call last):
  File "C:\Users\User\miniconda3\envs\py3_11_9\Lib\site-packages\pycaret\internal\metrics.py", line 196, in _score
    return super()._score(
           ^^^^^^^^^^^^^^^
  File "C:\Users\User\miniconda3\envs\py3_11_9\Lib\site-packages\sklearn\metrics\_scorer.py", line 350, in _score
    return self._sign * self._score_func(y_true, y_pred, **scoring_kwargs)
                        ^^^^^^^^^^^^^^^^^^^^^^^^^^^^^^^^^^^^^^^^^^^^^^^^^^
  File "C:\Users\User\miniconda3\envs\py3_11_9\Lib\site-packages\pycaret\internal\metrics.py", line 144, in __call__
    return self.score_func(y_true, y_pred, **kwargs)
           ^^^^^^^^^^^^^^^^^^^^^^^^^^^^^^^^^^^^^^^^^
  File "C:\Users\User\miniconda3\envs\py3_11_9\Lib\site-packages\sklearn\utils\_param_validation.py", line 213, in wrapper
    return func(*args, **kwargs)
           ^^^^^^^^^^^^^^^^^^^^^
  File "C:\Users\User\miniconda3\envs\py3_11_9\Lib\site-packages\sklearn\metrics\_ranking.py", line 634, in roc_auc_score
    return _multiclass_roc_auc_score(
           ^^^^^^^^^^^^^^^^^^^^^^^^^^
  File "C:\Users\User\miniconda3\envs\py3_11_9\Lib\site-packages\sklearn\metrics\_ranking.py", line 707, in _multiclass_roc_auc_score
    raise ValueError(
ValueError: Target scores need to be probabilities for multiclass roc_auc, i.e. they should sum up to 1.0 over classes

  warnings.warn(

2025-10-31 11:10:12,846:WARNING:C:\Users\User\miniconda3\envs\py3_11_9\Lib\site-packages\sklearn\linear_model\_logistic.py:469: ConvergenceWarning: lbfgs failed to converge (status=1):
STOP: TOTAL NO. of ITERATIONS REACHED LIMIT.

Increase the number of iterations (max_iter) or scale the data as shown in:
    https://scikit-learn.org/stable/modules/preprocessing.html
Please also refer to the documentation for alternative solver options:
    https://scikit-learn.org/stable/modules/linear_model.html#logistic-regression
  n_iter_i = _check_optimize_result(

2025-10-31 11:10:12,848:WARNING:C:\Users\User\miniconda3\envs\py3_11_9\Lib\site-packages\sklearn\metrics\_classification.py:1561: UserWarning: Note that pos_label (set to 'G') is ignored when average != 'binary' (got 'weighted'). You may use labels=[pos_label] to specify a single positive class.
  warnings.warn(

2025-10-31 11:10:12,859:WARNING:C:\Users\User\miniconda3\envs\py3_11_9\Lib\site-packages\pycaret\internal\metrics.py:204: FitFailedWarning: Metric 'make_scorer(roc_auc_score, response_method=('decision_function', 'predict_proba'), average=weighted, multi_class=ovr)' failed and error score 0.0 has been returned instead. If this is a custom metric, this usually means that the error is in the metric code. Full exception below:
Traceback (most recent call last):
  File "C:\Users\User\miniconda3\envs\py3_11_9\Lib\site-packages\pycaret\internal\metrics.py", line 196, in _score
    return super()._score(
           ^^^^^^^^^^^^^^^
  File "C:\Users\User\miniconda3\envs\py3_11_9\Lib\site-packages\sklearn\metrics\_scorer.py", line 350, in _score
    return self._sign * self._score_func(y_true, y_pred, **scoring_kwargs)
                        ^^^^^^^^^^^^^^^^^^^^^^^^^^^^^^^^^^^^^^^^^^^^^^^^^^
  File "C:\Users\User\miniconda3\envs\py3_11_9\Lib\site-packages\pycaret\internal\metrics.py", line 144, in __call__
    return self.score_func(y_true, y_pred, **kwargs)
           ^^^^^^^^^^^^^^^^^^^^^^^^^^^^^^^^^^^^^^^^^
  File "C:\Users\User\miniconda3\envs\py3_11_9\Lib\site-packages\sklearn\utils\_param_validation.py", line 213, in wrapper
    return func(*args, **kwargs)
           ^^^^^^^^^^^^^^^^^^^^^
  File "C:\Users\User\miniconda3\envs\py3_11_9\Lib\site-packages\sklearn\metrics\_ranking.py", line 634, in roc_auc_score
    return _multiclass_roc_auc_score(
           ^^^^^^^^^^^^^^^^^^^^^^^^^^
  File "C:\Users\User\miniconda3\envs\py3_11_9\Lib\site-packages\sklearn\metrics\_ranking.py", line 707, in _multiclass_roc_auc_score
    raise ValueError(
ValueError: Target scores need to be probabilities for multiclass roc_auc, i.e. they should sum up to 1.0 over classes

  warnings.warn(

2025-10-31 11:10:12,869:WARNING:C:\Users\User\miniconda3\envs\py3_11_9\Lib\site-packages\sklearn\metrics\_classification.py:1561: UserWarning: Note that pos_label (set to 'G') is ignored when average != 'binary' (got 'weighted'). You may use labels=[pos_label] to specify a single positive class.
  warnings.warn(

2025-10-31 11:10:12,869:WARNING:C:\Users\User\miniconda3\envs\py3_11_9\Lib\site-packages\sklearn\metrics\_classification.py:1561: UserWarning: Note that pos_label (set to 'G') is ignored when average != 'binary' (got 'weighted'). You may use labels=[pos_label] to specify a single positive class.
  warnings.warn(

2025-10-31 11:10:12,879:WARNING:C:\Users\User\miniconda3\envs\py3_11_9\Lib\site-packages\pycaret\internal\metrics.py:204: FitFailedWarning: Metric 'make_scorer(roc_auc_score, response_method=('decision_function', 'predict_proba'), average=weighted, multi_class=ovr)' failed and error score 0.0 has been returned instead. If this is a custom metric, this usually means that the error is in the metric code. Full exception below:
Traceback (most recent call last):
  File "C:\Users\User\miniconda3\envs\py3_11_9\Lib\site-packages\pycaret\internal\metrics.py", line 196, in _score
    return super()._score(
           ^^^^^^^^^^^^^^^
  File "C:\Users\User\miniconda3\envs\py3_11_9\Lib\site-packages\sklearn\metrics\_scorer.py", line 350, in _score
    return self._sign * self._score_func(y_true, y_pred, **scoring_kwargs)
                        ^^^^^^^^^^^^^^^^^^^^^^^^^^^^^^^^^^^^^^^^^^^^^^^^^^
  File "C:\Users\User\miniconda3\envs\py3_11_9\Lib\site-packages\pycaret\internal\metrics.py", line 144, in __call__
    return self.score_func(y_true, y_pred, **kwargs)
           ^^^^^^^^^^^^^^^^^^^^^^^^^^^^^^^^^^^^^^^^^
  File "C:\Users\User\miniconda3\envs\py3_11_9\Lib\site-packages\sklearn\utils\_param_validation.py", line 213, in wrapper
    return func(*args, **kwargs)
           ^^^^^^^^^^^^^^^^^^^^^
  File "C:\Users\User\miniconda3\envs\py3_11_9\Lib\site-packages\sklearn\metrics\_ranking.py", line 634, in roc_auc_score
    return _multiclass_roc_auc_score(
           ^^^^^^^^^^^^^^^^^^^^^^^^^^
  File "C:\Users\User\miniconda3\envs\py3_11_9\Lib\site-packages\sklearn\metrics\_ranking.py", line 707, in _multiclass_roc_auc_score
    raise ValueError(
ValueError: Target scores need to be probabilities for multiclass roc_auc, i.e. they should sum up to 1.0 over classes

  warnings.warn(

2025-10-31 11:10:12,887:WARNING:C:\Users\User\miniconda3\envs\py3_11_9\Lib\site-packages\sklearn\metrics\_classification.py:1509: UndefinedMetricWarning: Precision is ill-defined and being set to 0.0 in labels with no predicted samples. Use `zero_division` parameter to control this behavior.
  _warn_prf(average, modifier, f"{metric.capitalize()} is", len(result))

2025-10-31 11:10:12,889:WARNING:C:\Users\User\miniconda3\envs\py3_11_9\Lib\site-packages\pycaret\internal\metrics.py:204: FitFailedWarning: Metric 'make_scorer(roc_auc_score, response_method=('decision_function', 'predict_proba'), average=weighted, multi_class=ovr)' failed and error score 0.0 has been returned instead. If this is a custom metric, this usually means that the error is in the metric code. Full exception below:
Traceback (most recent call last):
  File "C:\Users\User\miniconda3\envs\py3_11_9\Lib\site-packages\pycaret\internal\metrics.py", line 196, in _score
    return super()._score(
           ^^^^^^^^^^^^^^^
  File "C:\Users\User\miniconda3\envs\py3_11_9\Lib\site-packages\sklearn\metrics\_scorer.py", line 350, in _score
    return self._sign * self._score_func(y_true, y_pred, **scoring_kwargs)
                        ^^^^^^^^^^^^^^^^^^^^^^^^^^^^^^^^^^^^^^^^^^^^^^^^^^
  File "C:\Users\User\miniconda3\envs\py3_11_9\Lib\site-packages\pycaret\internal\metrics.py", line 144, in __call__
    return self.score_func(y_true, y_pred, **kwargs)
           ^^^^^^^^^^^^^^^^^^^^^^^^^^^^^^^^^^^^^^^^^
  File "C:\Users\User\miniconda3\envs\py3_11_9\Lib\site-packages\sklearn\utils\_param_validation.py", line 213, in wrapper
    return func(*args, **kwargs)
           ^^^^^^^^^^^^^^^^^^^^^
  File "C:\Users\User\miniconda3\envs\py3_11_9\Lib\site-packages\sklearn\metrics\_ranking.py", line 634, in roc_auc_score
    return _multiclass_roc_auc_score(
           ^^^^^^^^^^^^^^^^^^^^^^^^^^
  File "C:\Users\User\miniconda3\envs\py3_11_9\Lib\site-packages\sklearn\metrics\_ranking.py", line 707, in _multiclass_roc_auc_score
    raise ValueError(
ValueError: Target scores need to be probabilities for multiclass roc_auc, i.e. they should sum up to 1.0 over classes

  warnings.warn(

2025-10-31 11:10:12,897:WARNING:C:\Users\User\miniconda3\envs\py3_11_9\Lib\site-packages\sklearn\metrics\_classification.py:1561: UserWarning: Note that pos_label (set to 'G') is ignored when average != 'binary' (got 'weighted'). You may use labels=[pos_label] to specify a single positive class.
  warnings.warn(

2025-10-31 11:10:12,900:WARNING:C:\Users\User\miniconda3\envs\py3_11_9\Lib\site-packages\sklearn\metrics\_classification.py:1561: UserWarning: Note that pos_label (set to 'G') is ignored when average != 'binary' (got 'weighted'). You may use labels=[pos_label] to specify a single positive class.
  warnings.warn(

2025-10-31 11:10:12,901:WARNING:C:\Users\User\miniconda3\envs\py3_11_9\Lib\site-packages\sklearn\metrics\_classification.py:1561: UserWarning: Note that pos_label (set to 'G') is ignored when average != 'binary' (got 'weighted'). You may use labels=[pos_label] to specify a single positive class.
  warnings.warn(

2025-10-31 11:10:12,903:WARNING:C:\Users\User\miniconda3\envs\py3_11_9\Lib\site-packages\sklearn\metrics\_classification.py:1561: UserWarning: Note that pos_label (set to 'G') is ignored when average != 'binary' (got 'weighted'). You may use labels=[pos_label] to specify a single positive class.
  warnings.warn(

2025-10-31 11:10:12,911:WARNING:C:\Users\User\miniconda3\envs\py3_11_9\Lib\site-packages\pycaret\internal\metrics.py:204: FitFailedWarning: Metric 'make_scorer(roc_auc_score, response_method=('decision_function', 'predict_proba'), average=weighted, multi_class=ovr)' failed and error score 0.0 has been returned instead. If this is a custom metric, this usually means that the error is in the metric code. Full exception below:
Traceback (most recent call last):
  File "C:\Users\User\miniconda3\envs\py3_11_9\Lib\site-packages\pycaret\internal\metrics.py", line 196, in _score
    return super()._score(
           ^^^^^^^^^^^^^^^
  File "C:\Users\User\miniconda3\envs\py3_11_9\Lib\site-packages\sklearn\metrics\_scorer.py", line 350, in _score
    return self._sign * self._score_func(y_true, y_pred, **scoring_kwargs)
                        ^^^^^^^^^^^^^^^^^^^^^^^^^^^^^^^^^^^^^^^^^^^^^^^^^^
  File "C:\Users\User\miniconda3\envs\py3_11_9\Lib\site-packages\pycaret\internal\metrics.py", line 144, in __call__
    return self.score_func(y_true, y_pred, **kwargs)
           ^^^^^^^^^^^^^^^^^^^^^^^^^^^^^^^^^^^^^^^^^
  File "C:\Users\User\miniconda3\envs\py3_11_9\Lib\site-packages\sklearn\utils\_param_validation.py", line 213, in wrapper
    return func(*args, **kwargs)
           ^^^^^^^^^^^^^^^^^^^^^
  File "C:\Users\User\miniconda3\envs\py3_11_9\Lib\site-packages\sklearn\metrics\_ranking.py", line 634, in roc_auc_score
    return _multiclass_roc_auc_score(
           ^^^^^^^^^^^^^^^^^^^^^^^^^^
  File "C:\Users\User\miniconda3\envs\py3_11_9\Lib\site-packages\sklearn\metrics\_ranking.py", line 707, in _multiclass_roc_auc_score
    raise ValueError(
ValueError: Target scores need to be probabilities for multiclass roc_auc, i.e. they should sum up to 1.0 over classes

  warnings.warn(

2025-10-31 11:10:12,916:WARNING:C:\Users\User\miniconda3\envs\py3_11_9\Lib\site-packages\sklearn\metrics\_classification.py:1509: UndefinedMetricWarning: Precision is ill-defined and being set to 0.0 in labels with no predicted samples. Use `zero_division` parameter to control this behavior.
  _warn_prf(average, modifier, f"{metric.capitalize()} is", len(result))

2025-10-31 11:10:12,919:WARNING:C:\Users\User\miniconda3\envs\py3_11_9\Lib\site-packages\sklearn\metrics\_classification.py:1561: UserWarning: Note that pos_label (set to 'G') is ignored when average != 'binary' (got 'weighted'). You may use labels=[pos_label] to specify a single positive class.
  warnings.warn(

2025-10-31 11:10:12,924:WARNING:C:\Users\User\miniconda3\envs\py3_11_9\Lib\site-packages\sklearn\metrics\_classification.py:1561: UserWarning: Note that pos_label (set to 'G') is ignored when average != 'binary' (got 'weighted'). You may use labels=[pos_label] to specify a single positive class.
  warnings.warn(

2025-10-31 11:10:12,926:WARNING:C:\Users\User\miniconda3\envs\py3_11_9\Lib\site-packages\sklearn\metrics\_classification.py:1561: UserWarning: Note that pos_label (set to 'G') is ignored when average != 'binary' (got 'weighted'). You may use labels=[pos_label] to specify a single positive class.
  warnings.warn(

2025-10-31 11:10:12,927:WARNING:C:\Users\User\miniconda3\envs\py3_11_9\Lib\site-packages\sklearn\metrics\_classification.py:1561: UserWarning: Note that pos_label (set to 'G') is ignored when average != 'binary' (got 'weighted'). You may use labels=[pos_label] to specify a single positive class.
  warnings.warn(

2025-10-31 11:10:12,928:WARNING:C:\Users\User\miniconda3\envs\py3_11_9\Lib\site-packages\sklearn\metrics\_classification.py:1509: UndefinedMetricWarning: Precision is ill-defined and being set to 0.0 in labels with no predicted samples. Use `zero_division` parameter to control this behavior.
  _warn_prf(average, modifier, f"{metric.capitalize()} is", len(result))

2025-10-31 11:10:12,935:WARNING:C:\Users\User\miniconda3\envs\py3_11_9\Lib\site-packages\sklearn\metrics\_classification.py:1561: UserWarning: Note that pos_label (set to 'G') is ignored when average != 'binary' (got 'weighted'). You may use labels=[pos_label] to specify a single positive class.
  warnings.warn(

2025-10-31 11:10:12,938:WARNING:C:\Users\User\miniconda3\envs\py3_11_9\Lib\site-packages\sklearn\metrics\_classification.py:1509: UndefinedMetricWarning: Precision is ill-defined and being set to 0.0 in labels with no predicted samples. Use `zero_division` parameter to control this behavior.
  _warn_prf(average, modifier, f"{metric.capitalize()} is", len(result))

2025-10-31 11:10:12,947:WARNING:C:\Users\User\miniconda3\envs\py3_11_9\Lib\site-packages\sklearn\metrics\_classification.py:1561: UserWarning: Note that pos_label (set to 'G') is ignored when average != 'binary' (got 'weighted'). You may use labels=[pos_label] to specify a single positive class.
  warnings.warn(

2025-10-31 11:10:12,950:WARNING:C:\Users\User\miniconda3\envs\py3_11_9\Lib\site-packages\sklearn\metrics\_classification.py:1561: UserWarning: Note that pos_label (set to 'G') is ignored when average != 'binary' (got 'weighted'). You may use labels=[pos_label] to specify a single positive class.
  warnings.warn(

2025-10-31 11:10:12,958:WARNING:C:\Users\User\miniconda3\envs\py3_11_9\Lib\site-packages\sklearn\metrics\_classification.py:1509: UndefinedMetricWarning: Precision is ill-defined and being set to 0.0 in labels with no predicted samples. Use `zero_division` parameter to control this behavior.
  _warn_prf(average, modifier, f"{metric.capitalize()} is", len(result))

2025-10-31 11:10:12,960:WARNING:C:\Users\User\miniconda3\envs\py3_11_9\Lib\site-packages\sklearn\linear_model\_logistic.py:469: ConvergenceWarning: lbfgs failed to converge (status=1):
STOP: TOTAL NO. of ITERATIONS REACHED LIMIT.

Increase the number of iterations (max_iter) or scale the data as shown in:
    https://scikit-learn.org/stable/modules/preprocessing.html
Please also refer to the documentation for alternative solver options:
    https://scikit-learn.org/stable/modules/linear_model.html#logistic-regression
  n_iter_i = _check_optimize_result(

2025-10-31 11:10:12,962:WARNING:C:\Users\User\miniconda3\envs\py3_11_9\Lib\site-packages\sklearn\metrics\_classification.py:1561: UserWarning: Note that pos_label (set to 'G') is ignored when average != 'binary' (got 'weighted'). You may use labels=[pos_label] to specify a single positive class.
  warnings.warn(

2025-10-31 11:10:13,013:WARNING:C:\Users\User\miniconda3\envs\py3_11_9\Lib\site-packages\sklearn\linear_model\_logistic.py:469: ConvergenceWarning: lbfgs failed to converge (status=1):
STOP: TOTAL NO. of ITERATIONS REACHED LIMIT.

Increase the number of iterations (max_iter) or scale the data as shown in:
    https://scikit-learn.org/stable/modules/preprocessing.html
Please also refer to the documentation for alternative solver options:
    https://scikit-learn.org/stable/modules/linear_model.html#logistic-regression
  n_iter_i = _check_optimize_result(

2025-10-31 11:10:13,025:WARNING:C:\Users\User\miniconda3\envs\py3_11_9\Lib\site-packages\pycaret\internal\metrics.py:204: FitFailedWarning: Metric 'make_scorer(roc_auc_score, response_method=('decision_function', 'predict_proba'), average=weighted, multi_class=ovr)' failed and error score 0.0 has been returned instead. If this is a custom metric, this usually means that the error is in the metric code. Full exception below:
Traceback (most recent call last):
  File "C:\Users\User\miniconda3\envs\py3_11_9\Lib\site-packages\pycaret\internal\metrics.py", line 196, in _score
    return super()._score(
           ^^^^^^^^^^^^^^^
  File "C:\Users\User\miniconda3\envs\py3_11_9\Lib\site-packages\sklearn\metrics\_scorer.py", line 350, in _score
    return self._sign * self._score_func(y_true, y_pred, **scoring_kwargs)
                        ^^^^^^^^^^^^^^^^^^^^^^^^^^^^^^^^^^^^^^^^^^^^^^^^^^
  File "C:\Users\User\miniconda3\envs\py3_11_9\Lib\site-packages\pycaret\internal\metrics.py", line 144, in __call__
    return self.score_func(y_true, y_pred, **kwargs)
           ^^^^^^^^^^^^^^^^^^^^^^^^^^^^^^^^^^^^^^^^^
  File "C:\Users\User\miniconda3\envs\py3_11_9\Lib\site-packages\sklearn\utils\_param_validation.py", line 213, in wrapper
    return func(*args, **kwargs)
           ^^^^^^^^^^^^^^^^^^^^^
  File "C:\Users\User\miniconda3\envs\py3_11_9\Lib\site-packages\sklearn\metrics\_ranking.py", line 634, in roc_auc_score
    return _multiclass_roc_auc_score(
           ^^^^^^^^^^^^^^^^^^^^^^^^^^
  File "C:\Users\User\miniconda3\envs\py3_11_9\Lib\site-packages\sklearn\metrics\_ranking.py", line 707, in _multiclass_roc_auc_score
    raise ValueError(
ValueError: Target scores need to be probabilities for multiclass roc_auc, i.e. they should sum up to 1.0 over classes

  warnings.warn(

2025-10-31 11:10:13,036:WARNING:C:\Users\User\miniconda3\envs\py3_11_9\Lib\site-packages\sklearn\metrics\_classification.py:1561: UserWarning: Note that pos_label (set to 'G') is ignored when average != 'binary' (got 'weighted'). You may use labels=[pos_label] to specify a single positive class.
  warnings.warn(

2025-10-31 11:10:13,054:WARNING:C:\Users\User\miniconda3\envs\py3_11_9\Lib\site-packages\sklearn\metrics\_classification.py:1561: UserWarning: Note that pos_label (set to 'G') is ignored when average != 'binary' (got 'weighted'). You may use labels=[pos_label] to specify a single positive class.
  warnings.warn(

2025-10-31 11:10:13,061:WARNING:C:\Users\User\miniconda3\envs\py3_11_9\Lib\site-packages\sklearn\metrics\_classification.py:1509: UndefinedMetricWarning: Precision is ill-defined and being set to 0.0 in labels with no predicted samples. Use `zero_division` parameter to control this behavior.
  _warn_prf(average, modifier, f"{metric.capitalize()} is", len(result))

2025-10-31 11:10:13,066:WARNING:C:\Users\User\miniconda3\envs\py3_11_9\Lib\site-packages\pycaret\internal\metrics.py:204: FitFailedWarning: Metric 'make_scorer(roc_auc_score, response_method=('decision_function', 'predict_proba'), average=weighted, multi_class=ovr)' failed and error score 0.0 has been returned instead. If this is a custom metric, this usually means that the error is in the metric code. Full exception below:
Traceback (most recent call last):
  File "C:\Users\User\miniconda3\envs\py3_11_9\Lib\site-packages\pycaret\internal\metrics.py", line 196, in _score
    return super()._score(
           ^^^^^^^^^^^^^^^
  File "C:\Users\User\miniconda3\envs\py3_11_9\Lib\site-packages\sklearn\metrics\_scorer.py", line 350, in _score
    return self._sign * self._score_func(y_true, y_pred, **scoring_kwargs)
                        ^^^^^^^^^^^^^^^^^^^^^^^^^^^^^^^^^^^^^^^^^^^^^^^^^^
  File "C:\Users\User\miniconda3\envs\py3_11_9\Lib\site-packages\pycaret\internal\metrics.py", line 144, in __call__
    return self.score_func(y_true, y_pred, **kwargs)
           ^^^^^^^^^^^^^^^^^^^^^^^^^^^^^^^^^^^^^^^^^
  File "C:\Users\User\miniconda3\envs\py3_11_9\Lib\site-packages\sklearn\utils\_param_validation.py", line 213, in wrapper
    return func(*args, **kwargs)
           ^^^^^^^^^^^^^^^^^^^^^
  File "C:\Users\User\miniconda3\envs\py3_11_9\Lib\site-packages\sklearn\metrics\_ranking.py", line 634, in roc_auc_score
    return _multiclass_roc_auc_score(
           ^^^^^^^^^^^^^^^^^^^^^^^^^^
  File "C:\Users\User\miniconda3\envs\py3_11_9\Lib\site-packages\sklearn\metrics\_ranking.py", line 707, in _multiclass_roc_auc_score
    raise ValueError(
ValueError: Target scores need to be probabilities for multiclass roc_auc, i.e. they should sum up to 1.0 over classes

  warnings.warn(

2025-10-31 11:10:13,067:WARNING:C:\Users\User\miniconda3\envs\py3_11_9\Lib\site-packages\sklearn\metrics\_classification.py:1561: UserWarning: Note that pos_label (set to 'G') is ignored when average != 'binary' (got 'weighted'). You may use labels=[pos_label] to specify a single positive class.
  warnings.warn(

2025-10-31 11:10:13,074:WARNING:C:\Users\User\miniconda3\envs\py3_11_9\Lib\site-packages\sklearn\linear_model\_logistic.py:469: ConvergenceWarning: lbfgs failed to converge (status=1):
STOP: TOTAL NO. of ITERATIONS REACHED LIMIT.

Increase the number of iterations (max_iter) or scale the data as shown in:
    https://scikit-learn.org/stable/modules/preprocessing.html
Please also refer to the documentation for alternative solver options:
    https://scikit-learn.org/stable/modules/linear_model.html#logistic-regression
  n_iter_i = _check_optimize_result(

2025-10-31 11:10:13,076:WARNING:C:\Users\User\miniconda3\envs\py3_11_9\Lib\site-packages\sklearn\metrics\_classification.py:1561: UserWarning: Note that pos_label (set to 'G') is ignored when average != 'binary' (got 'weighted'). You may use labels=[pos_label] to specify a single positive class.
  warnings.warn(

2025-10-31 11:10:13,095:WARNING:C:\Users\User\miniconda3\envs\py3_11_9\Lib\site-packages\sklearn\metrics\_classification.py:1561: UserWarning: Note that pos_label (set to 'G') is ignored when average != 'binary' (got 'weighted'). You may use labels=[pos_label] to specify a single positive class.
  warnings.warn(

2025-10-31 11:10:13,103:WARNING:C:\Users\User\miniconda3\envs\py3_11_9\Lib\site-packages\sklearn\metrics\_classification.py:1509: UndefinedMetricWarning: Precision is ill-defined and being set to 0.0 in labels with no predicted samples. Use `zero_division` parameter to control this behavior.
  _warn_prf(average, modifier, f"{metric.capitalize()} is", len(result))

2025-10-31 11:10:13,103:WARNING:C:\Users\User\miniconda3\envs\py3_11_9\Lib\site-packages\pycaret\internal\metrics.py:204: FitFailedWarning: Metric 'make_scorer(roc_auc_score, response_method=('decision_function', 'predict_proba'), average=weighted, multi_class=ovr)' failed and error score 0.0 has been returned instead. If this is a custom metric, this usually means that the error is in the metric code. Full exception below:
Traceback (most recent call last):
  File "C:\Users\User\miniconda3\envs\py3_11_9\Lib\site-packages\pycaret\internal\metrics.py", line 196, in _score
    return super()._score(
           ^^^^^^^^^^^^^^^
  File "C:\Users\User\miniconda3\envs\py3_11_9\Lib\site-packages\sklearn\metrics\_scorer.py", line 350, in _score
    return self._sign * self._score_func(y_true, y_pred, **scoring_kwargs)
                        ^^^^^^^^^^^^^^^^^^^^^^^^^^^^^^^^^^^^^^^^^^^^^^^^^^
  File "C:\Users\User\miniconda3\envs\py3_11_9\Lib\site-packages\pycaret\internal\metrics.py", line 144, in __call__
    return self.score_func(y_true, y_pred, **kwargs)
           ^^^^^^^^^^^^^^^^^^^^^^^^^^^^^^^^^^^^^^^^^
  File "C:\Users\User\miniconda3\envs\py3_11_9\Lib\site-packages\sklearn\utils\_param_validation.py", line 213, in wrapper
    return func(*args, **kwargs)
           ^^^^^^^^^^^^^^^^^^^^^
  File "C:\Users\User\miniconda3\envs\py3_11_9\Lib\site-packages\sklearn\metrics\_ranking.py", line 634, in roc_auc_score
    return _multiclass_roc_auc_score(
           ^^^^^^^^^^^^^^^^^^^^^^^^^^
  File "C:\Users\User\miniconda3\envs\py3_11_9\Lib\site-packages\sklearn\metrics\_ranking.py", line 707, in _multiclass_roc_auc_score
    raise ValueError(
ValueError: Target scores need to be probabilities for multiclass roc_auc, i.e. they should sum up to 1.0 over classes

  warnings.warn(

2025-10-31 11:10:13,113:WARNING:C:\Users\User\miniconda3\envs\py3_11_9\Lib\site-packages\sklearn\metrics\_classification.py:1561: UserWarning: Note that pos_label (set to 'G') is ignored when average != 'binary' (got 'weighted'). You may use labels=[pos_label] to specify a single positive class.
  warnings.warn(

2025-10-31 11:10:13,113:WARNING:C:\Users\User\miniconda3\envs\py3_11_9\Lib\site-packages\sklearn\metrics\_classification.py:1561: UserWarning: Note that pos_label (set to 'G') is ignored when average != 'binary' (got 'weighted'). You may use labels=[pos_label] to specify a single positive class.
  warnings.warn(

2025-10-31 11:10:13,132:WARNING:C:\Users\User\miniconda3\envs\py3_11_9\Lib\site-packages\sklearn\metrics\_classification.py:1561: UserWarning: Note that pos_label (set to 'G') is ignored when average != 'binary' (got 'weighted'). You may use labels=[pos_label] to specify a single positive class.
  warnings.warn(

2025-10-31 11:10:13,134:WARNING:C:\Users\User\miniconda3\envs\py3_11_9\Lib\site-packages\sklearn\metrics\_classification.py:1509: UndefinedMetricWarning: Precision is ill-defined and being set to 0.0 in labels with no predicted samples. Use `zero_division` parameter to control this behavior.
  _warn_prf(average, modifier, f"{metric.capitalize()} is", len(result))

2025-10-31 11:10:13,142:WARNING:C:\Users\User\miniconda3\envs\py3_11_9\Lib\site-packages\sklearn\metrics\_classification.py:1561: UserWarning: Note that pos_label (set to 'G') is ignored when average != 'binary' (got 'weighted'). You may use labels=[pos_label] to specify a single positive class.
  warnings.warn(

2025-10-31 11:10:13,160:INFO:Calculating mean and std
2025-10-31 11:10:13,162:INFO:Creating metrics dataframe
2025-10-31 11:10:13,164:INFO:Uploading results into container
2025-10-31 11:10:13,164:INFO:Uploading model into container now
2025-10-31 11:10:13,165:INFO:_master_model_container: 1
2025-10-31 11:10:13,165:INFO:_display_container: 2
2025-10-31 11:10:13,165:INFO:LogisticRegression(C=1.0, class_weight=None, dual=False, fit_intercept=True,
                   intercept_scaling=1, l1_ratio=None, max_iter=1000,
                   multi_class='auto', n_jobs=None, penalty='l2',
                   random_state=123, solver='lbfgs', tol=0.0001, verbose=0,
                   warm_start=False)
2025-10-31 11:10:13,166:INFO:create_model() successfully completed......................................
2025-10-31 11:10:13,223:INFO:SubProcess create_model() end ==================================
2025-10-31 11:10:13,223:INFO:Creating metrics dataframe
2025-10-31 11:10:13,223:INFO:Initializing K Neighbors Classifier
2025-10-31 11:10:13,223:INFO:Total runtime is 0.26800959507624306 minutes
2025-10-31 11:10:13,235:INFO:SubProcess create_model() called ==================================
2025-10-31 11:10:13,235:INFO:Initializing create_model()
2025-10-31 11:10:13,235:INFO:create_model(self=<pycaret.classification.oop.ClassificationExperiment object at 0x000002AFB47C1D10>, estimator=knn, fold=StratifiedKFold(n_splits=10, random_state=None, shuffle=False), round=4, cross_validation=True, predict=True, fit_kwargs={}, groups=None, refit=False, probability_threshold=None, experiment_custom_tags=None, verbose=False, system=False, add_to_model_list=True, metrics=None, display=<pycaret.internal.display.display.CommonDisplay object at 0x000002AFB4FC4410>, model_only=True, return_train_score=False, error_score=0.0, kwargs={})
2025-10-31 11:10:13,235:INFO:Checking exceptions
2025-10-31 11:10:13,235:INFO:Importing libraries
2025-10-31 11:10:13,235:INFO:Copying training dataset
2025-10-31 11:10:13,239:INFO:Defining folds
2025-10-31 11:10:13,239:INFO:Declaring metric variables
2025-10-31 11:10:13,239:INFO:Importing untrained model
2025-10-31 11:10:13,239:INFO:K Neighbors Classifier Imported successfully
2025-10-31 11:10:13,254:INFO:Starting cross validation
2025-10-31 11:10:13,256:INFO:Cross validating with StratifiedKFold(n_splits=10, random_state=None, shuffle=False), n_jobs=-1
2025-10-31 11:10:14,452:WARNING:C:\Users\User\miniconda3\envs\py3_11_9\Lib\site-packages\sklearn\metrics\_classification.py:1561: UserWarning: Note that pos_label (set to 'G') is ignored when average != 'binary' (got 'weighted'). You may use labels=[pos_label] to specify a single positive class.
  warnings.warn(

2025-10-31 11:10:14,480:WARNING:C:\Users\User\miniconda3\envs\py3_11_9\Lib\site-packages\sklearn\metrics\_classification.py:1561: UserWarning: Note that pos_label (set to 'G') is ignored when average != 'binary' (got 'weighted'). You may use labels=[pos_label] to specify a single positive class.
  warnings.warn(

2025-10-31 11:10:14,492:WARNING:C:\Users\User\miniconda3\envs\py3_11_9\Lib\site-packages\sklearn\metrics\_classification.py:1509: UndefinedMetricWarning: Precision is ill-defined and being set to 0.0 in labels with no predicted samples. Use `zero_division` parameter to control this behavior.
  _warn_prf(average, modifier, f"{metric.capitalize()} is", len(result))

2025-10-31 11:10:14,502:WARNING:C:\Users\User\miniconda3\envs\py3_11_9\Lib\site-packages\sklearn\metrics\_classification.py:1561: UserWarning: Note that pos_label (set to 'G') is ignored when average != 'binary' (got 'weighted'). You may use labels=[pos_label] to specify a single positive class.
  warnings.warn(

2025-10-31 11:10:14,566:WARNING:C:\Users\User\miniconda3\envs\py3_11_9\Lib\site-packages\sklearn\metrics\_classification.py:1561: UserWarning: Note that pos_label (set to 'G') is ignored when average != 'binary' (got 'weighted'). You may use labels=[pos_label] to specify a single positive class.
  warnings.warn(

2025-10-31 11:10:14,591:WARNING:C:\Users\User\miniconda3\envs\py3_11_9\Lib\site-packages\sklearn\metrics\_classification.py:1561: UserWarning: Note that pos_label (set to 'G') is ignored when average != 'binary' (got 'weighted'). You may use labels=[pos_label] to specify a single positive class.
  warnings.warn(

2025-10-31 11:10:14,604:WARNING:C:\Users\User\miniconda3\envs\py3_11_9\Lib\site-packages\sklearn\metrics\_classification.py:1509: UndefinedMetricWarning: Precision is ill-defined and being set to 0.0 in labels with no predicted samples. Use `zero_division` parameter to control this behavior.
  _warn_prf(average, modifier, f"{metric.capitalize()} is", len(result))

2025-10-31 11:10:14,614:WARNING:C:\Users\User\miniconda3\envs\py3_11_9\Lib\site-packages\sklearn\metrics\_classification.py:1561: UserWarning: Note that pos_label (set to 'G') is ignored when average != 'binary' (got 'weighted'). You may use labels=[pos_label] to specify a single positive class.
  warnings.warn(

2025-10-31 11:10:14,665:WARNING:C:\Users\User\miniconda3\envs\py3_11_9\Lib\site-packages\sklearn\metrics\_classification.py:1561: UserWarning: Note that pos_label (set to 'G') is ignored when average != 'binary' (got 'weighted'). You may use labels=[pos_label] to specify a single positive class.
  warnings.warn(

2025-10-31 11:10:14,693:WARNING:C:\Users\User\miniconda3\envs\py3_11_9\Lib\site-packages\sklearn\metrics\_classification.py:1561: UserWarning: Note that pos_label (set to 'G') is ignored when average != 'binary' (got 'weighted'). You may use labels=[pos_label] to specify a single positive class.
  warnings.warn(

2025-10-31 11:10:14,705:WARNING:C:\Users\User\miniconda3\envs\py3_11_9\Lib\site-packages\sklearn\metrics\_classification.py:1561: UserWarning: Note that pos_label (set to 'G') is ignored when average != 'binary' (got 'weighted'). You may use labels=[pos_label] to specify a single positive class.
  warnings.warn(

2025-10-31 11:10:14,715:WARNING:C:\Users\User\miniconda3\envs\py3_11_9\Lib\site-packages\sklearn\metrics\_classification.py:1561: UserWarning: Note that pos_label (set to 'G') is ignored when average != 'binary' (got 'weighted'). You may use labels=[pos_label] to specify a single positive class.
  warnings.warn(

2025-10-31 11:10:14,726:WARNING:C:\Users\User\miniconda3\envs\py3_11_9\Lib\site-packages\sklearn\metrics\_classification.py:1561: UserWarning: Note that pos_label (set to 'G') is ignored when average != 'binary' (got 'weighted'). You may use labels=[pos_label] to specify a single positive class.
  warnings.warn(

2025-10-31 11:10:14,746:WARNING:C:\Users\User\miniconda3\envs\py3_11_9\Lib\site-packages\sklearn\metrics\_classification.py:1561: UserWarning: Note that pos_label (set to 'G') is ignored when average != 'binary' (got 'weighted'). You may use labels=[pos_label] to specify a single positive class.
  warnings.warn(

2025-10-31 11:10:14,746:WARNING:C:\Users\User\miniconda3\envs\py3_11_9\Lib\site-packages\sklearn\metrics\_classification.py:1561: UserWarning: Note that pos_label (set to 'G') is ignored when average != 'binary' (got 'weighted'). You may use labels=[pos_label] to specify a single positive class.
  warnings.warn(

2025-10-31 11:10:14,752:WARNING:C:\Users\User\miniconda3\envs\py3_11_9\Lib\site-packages\sklearn\metrics\_classification.py:1561: UserWarning: Note that pos_label (set to 'G') is ignored when average != 'binary' (got 'weighted'). You may use labels=[pos_label] to specify a single positive class.
  warnings.warn(

2025-10-31 11:10:14,766:WARNING:C:\Users\User\miniconda3\envs\py3_11_9\Lib\site-packages\sklearn\metrics\_classification.py:1561: UserWarning: Note that pos_label (set to 'G') is ignored when average != 'binary' (got 'weighted'). You may use labels=[pos_label] to specify a single positive class.
  warnings.warn(

2025-10-31 11:10:14,776:WARNING:C:\Users\User\miniconda3\envs\py3_11_9\Lib\site-packages\sklearn\metrics\_classification.py:1561: UserWarning: Note that pos_label (set to 'G') is ignored when average != 'binary' (got 'weighted'). You may use labels=[pos_label] to specify a single positive class.
  warnings.warn(

2025-10-31 11:10:14,776:WARNING:C:\Users\User\miniconda3\envs\py3_11_9\Lib\site-packages\sklearn\metrics\_classification.py:1561: UserWarning: Note that pos_label (set to 'G') is ignored when average != 'binary' (got 'weighted'). You may use labels=[pos_label] to specify a single positive class.
  warnings.warn(

2025-10-31 11:10:14,782:WARNING:C:\Users\User\miniconda3\envs\py3_11_9\Lib\site-packages\sklearn\metrics\_classification.py:1561: UserWarning: Note that pos_label (set to 'G') is ignored when average != 'binary' (got 'weighted'). You may use labels=[pos_label] to specify a single positive class.
  warnings.warn(

2025-10-31 11:10:14,794:WARNING:C:\Users\User\miniconda3\envs\py3_11_9\Lib\site-packages\sklearn\metrics\_classification.py:1561: UserWarning: Note that pos_label (set to 'G') is ignored when average != 'binary' (got 'weighted'). You may use labels=[pos_label] to specify a single positive class.
  warnings.warn(

2025-10-31 11:10:14,804:WARNING:C:\Users\User\miniconda3\envs\py3_11_9\Lib\site-packages\sklearn\metrics\_classification.py:1561: UserWarning: Note that pos_label (set to 'G') is ignored when average != 'binary' (got 'weighted'). You may use labels=[pos_label] to specify a single positive class.
  warnings.warn(

2025-10-31 11:10:14,804:WARNING:C:\Users\User\miniconda3\envs\py3_11_9\Lib\site-packages\sklearn\metrics\_classification.py:1509: UndefinedMetricWarning: Precision is ill-defined and being set to 0.0 in labels with no predicted samples. Use `zero_division` parameter to control this behavior.
  _warn_prf(average, modifier, f"{metric.capitalize()} is", len(result))

2025-10-31 11:10:14,808:WARNING:C:\Users\User\miniconda3\envs\py3_11_9\Lib\site-packages\sklearn\metrics\_classification.py:1561: UserWarning: Note that pos_label (set to 'G') is ignored when average != 'binary' (got 'weighted'). You may use labels=[pos_label] to specify a single positive class.
  warnings.warn(

2025-10-31 11:10:14,812:WARNING:C:\Users\User\miniconda3\envs\py3_11_9\Lib\site-packages\sklearn\metrics\_classification.py:1561: UserWarning: Note that pos_label (set to 'G') is ignored when average != 'binary' (got 'weighted'). You may use labels=[pos_label] to specify a single positive class.
  warnings.warn(

2025-10-31 11:10:14,824:WARNING:C:\Users\User\miniconda3\envs\py3_11_9\Lib\site-packages\sklearn\metrics\_classification.py:1561: UserWarning: Note that pos_label (set to 'G') is ignored when average != 'binary' (got 'weighted'). You may use labels=[pos_label] to specify a single positive class.
  warnings.warn(

2025-10-31 11:10:14,834:WARNING:C:\Users\User\miniconda3\envs\py3_11_9\Lib\site-packages\sklearn\metrics\_classification.py:1509: UndefinedMetricWarning: Precision is ill-defined and being set to 0.0 in labels with no predicted samples. Use `zero_division` parameter to control this behavior.
  _warn_prf(average, modifier, f"{metric.capitalize()} is", len(result))

2025-10-31 11:10:14,838:WARNING:C:\Users\User\miniconda3\envs\py3_11_9\Lib\site-packages\sklearn\metrics\_classification.py:1561: UserWarning: Note that pos_label (set to 'G') is ignored when average != 'binary' (got 'weighted'). You may use labels=[pos_label] to specify a single positive class.
  warnings.warn(

2025-10-31 11:10:16,299:WARNING:C:\Users\User\miniconda3\envs\py3_11_9\Lib\site-packages\sklearn\metrics\_classification.py:1561: UserWarning: Note that pos_label (set to 'G') is ignored when average != 'binary' (got 'weighted'). You may use labels=[pos_label] to specify a single positive class.
  warnings.warn(

2025-10-31 11:10:16,309:WARNING:C:\Users\User\miniconda3\envs\py3_11_9\Lib\site-packages\sklearn\metrics\_classification.py:1561: UserWarning: Note that pos_label (set to 'G') is ignored when average != 'binary' (got 'weighted'). You may use labels=[pos_label] to specify a single positive class.
  warnings.warn(

2025-10-31 11:10:16,313:WARNING:C:\Users\User\miniconda3\envs\py3_11_9\Lib\site-packages\sklearn\metrics\_classification.py:1561: UserWarning: Note that pos_label (set to 'G') is ignored when average != 'binary' (got 'weighted'). You may use labels=[pos_label] to specify a single positive class.
  warnings.warn(

2025-10-31 11:10:16,354:WARNING:C:\Users\User\miniconda3\envs\py3_11_9\Lib\site-packages\sklearn\metrics\_classification.py:1561: UserWarning: Note that pos_label (set to 'G') is ignored when average != 'binary' (got 'weighted'). You may use labels=[pos_label] to specify a single positive class.
  warnings.warn(

2025-10-31 11:10:16,365:WARNING:C:\Users\User\miniconda3\envs\py3_11_9\Lib\site-packages\sklearn\metrics\_classification.py:1561: UserWarning: Note that pos_label (set to 'G') is ignored when average != 'binary' (got 'weighted'). You may use labels=[pos_label] to specify a single positive class.
  warnings.warn(

2025-10-31 11:10:16,373:WARNING:C:\Users\User\miniconda3\envs\py3_11_9\Lib\site-packages\sklearn\metrics\_classification.py:1509: UndefinedMetricWarning: Precision is ill-defined and being set to 0.0 in labels with no predicted samples. Use `zero_division` parameter to control this behavior.
  _warn_prf(average, modifier, f"{metric.capitalize()} is", len(result))

2025-10-31 11:10:16,377:WARNING:C:\Users\User\miniconda3\envs\py3_11_9\Lib\site-packages\sklearn\metrics\_classification.py:1561: UserWarning: Note that pos_label (set to 'G') is ignored when average != 'binary' (got 'weighted'). You may use labels=[pos_label] to specify a single positive class.
  warnings.warn(

2025-10-31 11:10:16,395:INFO:Calculating mean and std
2025-10-31 11:10:16,396:INFO:Creating metrics dataframe
2025-10-31 11:10:16,397:INFO:Uploading results into container
2025-10-31 11:10:16,397:INFO:Uploading model into container now
2025-10-31 11:10:16,398:INFO:_master_model_container: 2
2025-10-31 11:10:16,398:INFO:_display_container: 2
2025-10-31 11:10:16,399:INFO:KNeighborsClassifier(algorithm='auto', leaf_size=30, metric='minkowski',
                     metric_params=None, n_jobs=-1, n_neighbors=5, p=2,
                     weights='uniform')
2025-10-31 11:10:16,399:INFO:create_model() successfully completed......................................
2025-10-31 11:10:16,455:INFO:SubProcess create_model() end ==================================
2025-10-31 11:10:16,455:INFO:Creating metrics dataframe
2025-10-31 11:10:16,460:INFO:Initializing Naive Bayes
2025-10-31 11:10:16,460:INFO:Total runtime is 0.3219653010368347 minutes
2025-10-31 11:10:16,462:INFO:SubProcess create_model() called ==================================
2025-10-31 11:10:16,462:INFO:Initializing create_model()
2025-10-31 11:10:16,462:INFO:create_model(self=<pycaret.classification.oop.ClassificationExperiment object at 0x000002AFB47C1D10>, estimator=nb, fold=StratifiedKFold(n_splits=10, random_state=None, shuffle=False), round=4, cross_validation=True, predict=True, fit_kwargs={}, groups=None, refit=False, probability_threshold=None, experiment_custom_tags=None, verbose=False, system=False, add_to_model_list=True, metrics=None, display=<pycaret.internal.display.display.CommonDisplay object at 0x000002AFB4FC4410>, model_only=True, return_train_score=False, error_score=0.0, kwargs={})
2025-10-31 11:10:16,462:INFO:Checking exceptions
2025-10-31 11:10:16,463:INFO:Importing libraries
2025-10-31 11:10:16,463:INFO:Copying training dataset
2025-10-31 11:10:16,469:INFO:Defining folds
2025-10-31 11:10:16,469:INFO:Declaring metric variables
2025-10-31 11:10:16,471:INFO:Importing untrained model
2025-10-31 11:10:16,473:INFO:Naive Bayes Imported successfully
2025-10-31 11:10:16,473:INFO:Starting cross validation
2025-10-31 11:10:16,473:INFO:Cross validating with StratifiedKFold(n_splits=10, random_state=None, shuffle=False), n_jobs=-1
2025-10-31 11:10:16,842:WARNING:C:\Users\User\miniconda3\envs\py3_11_9\Lib\site-packages\sklearn\metrics\_classification.py:1561: UserWarning: Note that pos_label (set to 'G') is ignored when average != 'binary' (got 'weighted'). You may use labels=[pos_label] to specify a single positive class.
  warnings.warn(

2025-10-31 11:10:16,842:WARNING:C:\Users\User\miniconda3\envs\py3_11_9\Lib\site-packages\sklearn\metrics\_classification.py:1561: UserWarning: Note that pos_label (set to 'G') is ignored when average != 'binary' (got 'weighted'). You may use labels=[pos_label] to specify a single positive class.
  warnings.warn(

2025-10-31 11:10:16,857:WARNING:C:\Users\User\miniconda3\envs\py3_11_9\Lib\site-packages\sklearn\metrics\_classification.py:1561: UserWarning: Note that pos_label (set to 'G') is ignored when average != 'binary' (got 'weighted'). You may use labels=[pos_label] to specify a single positive class.
  warnings.warn(

2025-10-31 11:10:16,859:WARNING:C:\Users\User\miniconda3\envs\py3_11_9\Lib\site-packages\sklearn\metrics\_classification.py:1561: UserWarning: Note that pos_label (set to 'G') is ignored when average != 'binary' (got 'weighted'). You may use labels=[pos_label] to specify a single positive class.
  warnings.warn(

2025-10-31 11:10:16,867:WARNING:C:\Users\User\miniconda3\envs\py3_11_9\Lib\site-packages\sklearn\metrics\_classification.py:1561: UserWarning: Note that pos_label (set to 'G') is ignored when average != 'binary' (got 'weighted'). You may use labels=[pos_label] to specify a single positive class.
  warnings.warn(

2025-10-31 11:10:16,867:WARNING:C:\Users\User\miniconda3\envs\py3_11_9\Lib\site-packages\sklearn\metrics\_classification.py:1561: UserWarning: Note that pos_label (set to 'G') is ignored when average != 'binary' (got 'weighted'). You may use labels=[pos_label] to specify a single positive class.
  warnings.warn(

2025-10-31 11:10:16,868:WARNING:C:\Users\User\miniconda3\envs\py3_11_9\Lib\site-packages\sklearn\metrics\_classification.py:1561: UserWarning: Note that pos_label (set to 'G') is ignored when average != 'binary' (got 'weighted'). You may use labels=[pos_label] to specify a single positive class.
  warnings.warn(

2025-10-31 11:10:16,873:WARNING:C:\Users\User\miniconda3\envs\py3_11_9\Lib\site-packages\sklearn\metrics\_classification.py:1561: UserWarning: Note that pos_label (set to 'G') is ignored when average != 'binary' (got 'weighted'). You may use labels=[pos_label] to specify a single positive class.
  warnings.warn(

2025-10-31 11:10:16,876:WARNING:C:\Users\User\miniconda3\envs\py3_11_9\Lib\site-packages\sklearn\metrics\_classification.py:1561: UserWarning: Note that pos_label (set to 'G') is ignored when average != 'binary' (got 'weighted'). You may use labels=[pos_label] to specify a single positive class.
  warnings.warn(

2025-10-31 11:10:16,878:WARNING:C:\Users\User\miniconda3\envs\py3_11_9\Lib\site-packages\sklearn\metrics\_classification.py:1561: UserWarning: Note that pos_label (set to 'G') is ignored when average != 'binary' (got 'weighted'). You may use labels=[pos_label] to specify a single positive class.
  warnings.warn(

2025-10-31 11:10:16,878:WARNING:C:\Users\User\miniconda3\envs\py3_11_9\Lib\site-packages\sklearn\metrics\_classification.py:1561: UserWarning: Note that pos_label (set to 'G') is ignored when average != 'binary' (got 'weighted'). You may use labels=[pos_label] to specify a single positive class.
  warnings.warn(

2025-10-31 11:10:16,880:WARNING:C:\Users\User\miniconda3\envs\py3_11_9\Lib\site-packages\sklearn\metrics\_classification.py:1561: UserWarning: Note that pos_label (set to 'G') is ignored when average != 'binary' (got 'weighted'). You may use labels=[pos_label] to specify a single positive class.
  warnings.warn(

2025-10-31 11:10:16,880:WARNING:C:\Users\User\miniconda3\envs\py3_11_9\Lib\site-packages\sklearn\metrics\_classification.py:1561: UserWarning: Note that pos_label (set to 'G') is ignored when average != 'binary' (got 'weighted'). You may use labels=[pos_label] to specify a single positive class.
  warnings.warn(

2025-10-31 11:10:16,880:WARNING:C:\Users\User\miniconda3\envs\py3_11_9\Lib\site-packages\sklearn\metrics\_classification.py:1561: UserWarning: Note that pos_label (set to 'G') is ignored when average != 'binary' (got 'weighted'). You may use labels=[pos_label] to specify a single positive class.
  warnings.warn(

2025-10-31 11:10:16,885:WARNING:C:\Users\User\miniconda3\envs\py3_11_9\Lib\site-packages\sklearn\metrics\_classification.py:1561: UserWarning: Note that pos_label (set to 'G') is ignored when average != 'binary' (got 'weighted'). You may use labels=[pos_label] to specify a single positive class.
  warnings.warn(

2025-10-31 11:10:16,887:WARNING:C:\Users\User\miniconda3\envs\py3_11_9\Lib\site-packages\sklearn\metrics\_classification.py:1561: UserWarning: Note that pos_label (set to 'G') is ignored when average != 'binary' (got 'weighted'). You may use labels=[pos_label] to specify a single positive class.
  warnings.warn(

2025-10-31 11:10:16,888:WARNING:C:\Users\User\miniconda3\envs\py3_11_9\Lib\site-packages\sklearn\metrics\_classification.py:1561: UserWarning: Note that pos_label (set to 'G') is ignored when average != 'binary' (got 'weighted'). You may use labels=[pos_label] to specify a single positive class.
  warnings.warn(

2025-10-31 11:10:16,891:WARNING:C:\Users\User\miniconda3\envs\py3_11_9\Lib\site-packages\sklearn\metrics\_classification.py:1509: UndefinedMetricWarning: Precision is ill-defined and being set to 0.0 in labels with no predicted samples. Use `zero_division` parameter to control this behavior.
  _warn_prf(average, modifier, f"{metric.capitalize()} is", len(result))

2025-10-31 11:10:16,891:WARNING:C:\Users\User\miniconda3\envs\py3_11_9\Lib\site-packages\sklearn\metrics\_classification.py:1509: UndefinedMetricWarning: Precision is ill-defined and being set to 0.0 in labels with no predicted samples. Use `zero_division` parameter to control this behavior.
  _warn_prf(average, modifier, f"{metric.capitalize()} is", len(result))

2025-10-31 11:10:16,891:WARNING:C:\Users\User\miniconda3\envs\py3_11_9\Lib\site-packages\sklearn\metrics\_classification.py:1561: UserWarning: Note that pos_label (set to 'G') is ignored when average != 'binary' (got 'weighted'). You may use labels=[pos_label] to specify a single positive class.
  warnings.warn(

2025-10-31 11:10:16,898:WARNING:C:\Users\User\miniconda3\envs\py3_11_9\Lib\site-packages\sklearn\metrics\_classification.py:1561: UserWarning: Note that pos_label (set to 'G') is ignored when average != 'binary' (got 'weighted'). You may use labels=[pos_label] to specify a single positive class.
  warnings.warn(

2025-10-31 11:10:16,902:WARNING:C:\Users\User\miniconda3\envs\py3_11_9\Lib\site-packages\sklearn\metrics\_classification.py:1561: UserWarning: Note that pos_label (set to 'G') is ignored when average != 'binary' (got 'weighted'). You may use labels=[pos_label] to specify a single positive class.
  warnings.warn(

2025-10-31 11:10:16,902:WARNING:C:\Users\User\miniconda3\envs\py3_11_9\Lib\site-packages\sklearn\metrics\_classification.py:1561: UserWarning: Note that pos_label (set to 'G') is ignored when average != 'binary' (got 'weighted'). You may use labels=[pos_label] to specify a single positive class.
  warnings.warn(

2025-10-31 11:10:16,904:WARNING:C:\Users\User\miniconda3\envs\py3_11_9\Lib\site-packages\sklearn\metrics\_classification.py:1561: UserWarning: Note that pos_label (set to 'G') is ignored when average != 'binary' (got 'weighted'). You may use labels=[pos_label] to specify a single positive class.
  warnings.warn(

2025-10-31 11:10:16,906:WARNING:C:\Users\User\miniconda3\envs\py3_11_9\Lib\site-packages\sklearn\metrics\_classification.py:1561: UserWarning: Note that pos_label (set to 'G') is ignored when average != 'binary' (got 'weighted'). You may use labels=[pos_label] to specify a single positive class.
  warnings.warn(

2025-10-31 11:10:16,907:WARNING:C:\Users\User\miniconda3\envs\py3_11_9\Lib\site-packages\sklearn\metrics\_classification.py:1509: UndefinedMetricWarning: Precision is ill-defined and being set to 0.0 in labels with no predicted samples. Use `zero_division` parameter to control this behavior.
  _warn_prf(average, modifier, f"{metric.capitalize()} is", len(result))

2025-10-31 11:10:16,907:WARNING:C:\Users\User\miniconda3\envs\py3_11_9\Lib\site-packages\sklearn\metrics\_classification.py:1561: UserWarning: Note that pos_label (set to 'G') is ignored when average != 'binary' (got 'weighted'). You may use labels=[pos_label] to specify a single positive class.
  warnings.warn(

2025-10-31 11:10:16,910:WARNING:C:\Users\User\miniconda3\envs\py3_11_9\Lib\site-packages\sklearn\metrics\_classification.py:1509: UndefinedMetricWarning: Precision is ill-defined and being set to 0.0 in labels with no predicted samples. Use `zero_division` parameter to control this behavior.
  _warn_prf(average, modifier, f"{metric.capitalize()} is", len(result))

2025-10-31 11:10:16,912:WARNING:C:\Users\User\miniconda3\envs\py3_11_9\Lib\site-packages\sklearn\metrics\_classification.py:1561: UserWarning: Note that pos_label (set to 'G') is ignored when average != 'binary' (got 'weighted'). You may use labels=[pos_label] to specify a single positive class.
  warnings.warn(

2025-10-31 11:10:16,917:WARNING:C:\Users\User\miniconda3\envs\py3_11_9\Lib\site-packages\sklearn\metrics\_classification.py:1561: UserWarning: Note that pos_label (set to 'G') is ignored when average != 'binary' (got 'weighted'). You may use labels=[pos_label] to specify a single positive class.
  warnings.warn(

2025-10-31 11:10:16,919:WARNING:C:\Users\User\miniconda3\envs\py3_11_9\Lib\site-packages\sklearn\metrics\_classification.py:1561: UserWarning: Note that pos_label (set to 'G') is ignored when average != 'binary' (got 'weighted'). You may use labels=[pos_label] to specify a single positive class.
  warnings.warn(

2025-10-31 11:10:16,920:WARNING:C:\Users\User\miniconda3\envs\py3_11_9\Lib\site-packages\sklearn\metrics\_classification.py:1509: UndefinedMetricWarning: Precision is ill-defined and being set to 0.0 in labels with no predicted samples. Use `zero_division` parameter to control this behavior.
  _warn_prf(average, modifier, f"{metric.capitalize()} is", len(result))

2025-10-31 11:10:16,925:WARNING:C:\Users\User\miniconda3\envs\py3_11_9\Lib\site-packages\sklearn\metrics\_classification.py:1561: UserWarning: Note that pos_label (set to 'G') is ignored when average != 'binary' (got 'weighted'). You may use labels=[pos_label] to specify a single positive class.
  warnings.warn(

2025-10-31 11:10:16,931:WARNING:C:\Users\User\miniconda3\envs\py3_11_9\Lib\site-packages\sklearn\metrics\_classification.py:1561: UserWarning: Note that pos_label (set to 'G') is ignored when average != 'binary' (got 'weighted'). You may use labels=[pos_label] to specify a single positive class.
  warnings.warn(

2025-10-31 11:10:16,933:WARNING:C:\Users\User\miniconda3\envs\py3_11_9\Lib\site-packages\sklearn\metrics\_classification.py:1561: UserWarning: Note that pos_label (set to 'G') is ignored when average != 'binary' (got 'weighted'). You may use labels=[pos_label] to specify a single positive class.
  warnings.warn(

2025-10-31 11:10:16,961:INFO:Calculating mean and std
2025-10-31 11:10:16,962:INFO:Creating metrics dataframe
2025-10-31 11:10:16,963:INFO:Uploading results into container
2025-10-31 11:10:16,964:INFO:Uploading model into container now
2025-10-31 11:10:16,964:INFO:_master_model_container: 3
2025-10-31 11:10:16,964:INFO:_display_container: 2
2025-10-31 11:10:16,965:INFO:GaussianNB(priors=None, var_smoothing=1e-09)
2025-10-31 11:10:16,965:INFO:create_model() successfully completed......................................
2025-10-31 11:10:17,016:INFO:SubProcess create_model() end ==================================
2025-10-31 11:10:17,017:INFO:Creating metrics dataframe
2025-10-31 11:10:17,021:INFO:Initializing Decision Tree Classifier
2025-10-31 11:10:17,021:INFO:Total runtime is 0.33131996393203733 minutes
2025-10-31 11:10:17,023:INFO:SubProcess create_model() called ==================================
2025-10-31 11:10:17,023:INFO:Initializing create_model()
2025-10-31 11:10:17,023:INFO:create_model(self=<pycaret.classification.oop.ClassificationExperiment object at 0x000002AFB47C1D10>, estimator=dt, fold=StratifiedKFold(n_splits=10, random_state=None, shuffle=False), round=4, cross_validation=True, predict=True, fit_kwargs={}, groups=None, refit=False, probability_threshold=None, experiment_custom_tags=None, verbose=False, system=False, add_to_model_list=True, metrics=None, display=<pycaret.internal.display.display.CommonDisplay object at 0x000002AFB4FC4410>, model_only=True, return_train_score=False, error_score=0.0, kwargs={})
2025-10-31 11:10:17,023:INFO:Checking exceptions
2025-10-31 11:10:17,023:INFO:Importing libraries
2025-10-31 11:10:17,023:INFO:Copying training dataset
2025-10-31 11:10:17,029:INFO:Defining folds
2025-10-31 11:10:17,030:INFO:Declaring metric variables
2025-10-31 11:10:17,032:INFO:Importing untrained model
2025-10-31 11:10:17,034:INFO:Decision Tree Classifier Imported successfully
2025-10-31 11:10:17,038:INFO:Starting cross validation
2025-10-31 11:10:17,039:INFO:Cross validating with StratifiedKFold(n_splits=10, random_state=None, shuffle=False), n_jobs=-1
2025-10-31 11:10:17,440:WARNING:C:\Users\User\miniconda3\envs\py3_11_9\Lib\site-packages\sklearn\metrics\_classification.py:1561: UserWarning: Note that pos_label (set to 'G') is ignored when average != 'binary' (got 'weighted'). You may use labels=[pos_label] to specify a single positive class.
  warnings.warn(

2025-10-31 11:10:17,458:WARNING:C:\Users\User\miniconda3\envs\py3_11_9\Lib\site-packages\sklearn\metrics\_classification.py:1561: UserWarning: Note that pos_label (set to 'G') is ignored when average != 'binary' (got 'weighted'). You may use labels=[pos_label] to specify a single positive class.
  warnings.warn(

2025-10-31 11:10:17,465:WARNING:C:\Users\User\miniconda3\envs\py3_11_9\Lib\site-packages\sklearn\metrics\_classification.py:1561: UserWarning: Note that pos_label (set to 'G') is ignored when average != 'binary' (got 'weighted'). You may use labels=[pos_label] to specify a single positive class.
  warnings.warn(

2025-10-31 11:10:17,467:WARNING:C:\Users\User\miniconda3\envs\py3_11_9\Lib\site-packages\sklearn\metrics\_classification.py:1561: UserWarning: Note that pos_label (set to 'G') is ignored when average != 'binary' (got 'weighted'). You may use labels=[pos_label] to specify a single positive class.
  warnings.warn(

2025-10-31 11:10:17,479:WARNING:C:\Users\User\miniconda3\envs\py3_11_9\Lib\site-packages\sklearn\metrics\_classification.py:1561: UserWarning: Note that pos_label (set to 'G') is ignored when average != 'binary' (got 'weighted'). You may use labels=[pos_label] to specify a single positive class.
  warnings.warn(

2025-10-31 11:10:17,482:WARNING:C:\Users\User\miniconda3\envs\py3_11_9\Lib\site-packages\sklearn\metrics\_classification.py:1561: UserWarning: Note that pos_label (set to 'G') is ignored when average != 'binary' (got 'weighted'). You may use labels=[pos_label] to specify a single positive class.
  warnings.warn(

2025-10-31 11:10:17,483:WARNING:C:\Users\User\miniconda3\envs\py3_11_9\Lib\site-packages\sklearn\metrics\_classification.py:1561: UserWarning: Note that pos_label (set to 'G') is ignored when average != 'binary' (got 'weighted'). You may use labels=[pos_label] to specify a single positive class.
  warnings.warn(

2025-10-31 11:10:17,490:WARNING:C:\Users\User\miniconda3\envs\py3_11_9\Lib\site-packages\sklearn\metrics\_classification.py:1561: UserWarning: Note that pos_label (set to 'G') is ignored when average != 'binary' (got 'weighted'). You may use labels=[pos_label] to specify a single positive class.
  warnings.warn(

2025-10-31 11:10:17,491:WARNING:C:\Users\User\miniconda3\envs\py3_11_9\Lib\site-packages\sklearn\metrics\_classification.py:1561: UserWarning: Note that pos_label (set to 'G') is ignored when average != 'binary' (got 'weighted'). You may use labels=[pos_label] to specify a single positive class.
  warnings.warn(

2025-10-31 11:10:17,497:WARNING:C:\Users\User\miniconda3\envs\py3_11_9\Lib\site-packages\sklearn\metrics\_classification.py:1561: UserWarning: Note that pos_label (set to 'G') is ignored when average != 'binary' (got 'weighted'). You may use labels=[pos_label] to specify a single positive class.
  warnings.warn(

2025-10-31 11:10:17,501:WARNING:C:\Users\User\miniconda3\envs\py3_11_9\Lib\site-packages\sklearn\metrics\_classification.py:1561: UserWarning: Note that pos_label (set to 'G') is ignored when average != 'binary' (got 'weighted'). You may use labels=[pos_label] to specify a single positive class.
  warnings.warn(

2025-10-31 11:10:17,504:WARNING:C:\Users\User\miniconda3\envs\py3_11_9\Lib\site-packages\sklearn\metrics\_classification.py:1561: UserWarning: Note that pos_label (set to 'G') is ignored when average != 'binary' (got 'weighted'). You may use labels=[pos_label] to specify a single positive class.
  warnings.warn(

2025-10-31 11:10:17,504:WARNING:C:\Users\User\miniconda3\envs\py3_11_9\Lib\site-packages\sklearn\metrics\_classification.py:1561: UserWarning: Note that pos_label (set to 'G') is ignored when average != 'binary' (got 'weighted'). You may use labels=[pos_label] to specify a single positive class.
  warnings.warn(

2025-10-31 11:10:17,511:WARNING:C:\Users\User\miniconda3\envs\py3_11_9\Lib\site-packages\sklearn\metrics\_classification.py:1561: UserWarning: Note that pos_label (set to 'G') is ignored when average != 'binary' (got 'weighted'). You may use labels=[pos_label] to specify a single positive class.
  warnings.warn(

2025-10-31 11:10:17,512:WARNING:C:\Users\User\miniconda3\envs\py3_11_9\Lib\site-packages\sklearn\metrics\_classification.py:1561: UserWarning: Note that pos_label (set to 'G') is ignored when average != 'binary' (got 'weighted'). You may use labels=[pos_label] to specify a single positive class.
  warnings.warn(

2025-10-31 11:10:17,512:WARNING:C:\Users\User\miniconda3\envs\py3_11_9\Lib\site-packages\sklearn\metrics\_classification.py:1561: UserWarning: Note that pos_label (set to 'G') is ignored when average != 'binary' (got 'weighted'). You may use labels=[pos_label] to specify a single positive class.
  warnings.warn(

2025-10-31 11:10:17,513:WARNING:C:\Users\User\miniconda3\envs\py3_11_9\Lib\site-packages\sklearn\metrics\_classification.py:1561: UserWarning: Note that pos_label (set to 'G') is ignored when average != 'binary' (got 'weighted'). You may use labels=[pos_label] to specify a single positive class.
  warnings.warn(

2025-10-31 11:10:17,515:WARNING:C:\Users\User\miniconda3\envs\py3_11_9\Lib\site-packages\sklearn\metrics\_classification.py:1561: UserWarning: Note that pos_label (set to 'G') is ignored when average != 'binary' (got 'weighted'). You may use labels=[pos_label] to specify a single positive class.
  warnings.warn(

2025-10-31 11:10:17,515:WARNING:C:\Users\User\miniconda3\envs\py3_11_9\Lib\site-packages\sklearn\metrics\_classification.py:1561: UserWarning: Note that pos_label (set to 'G') is ignored when average != 'binary' (got 'weighted'). You may use labels=[pos_label] to specify a single positive class.
  warnings.warn(

2025-10-31 11:10:17,516:WARNING:C:\Users\User\miniconda3\envs\py3_11_9\Lib\site-packages\sklearn\metrics\_classification.py:1561: UserWarning: Note that pos_label (set to 'G') is ignored when average != 'binary' (got 'weighted'). You may use labels=[pos_label] to specify a single positive class.
  warnings.warn(

2025-10-31 11:10:17,520:WARNING:C:\Users\User\miniconda3\envs\py3_11_9\Lib\site-packages\sklearn\metrics\_classification.py:1561: UserWarning: Note that pos_label (set to 'G') is ignored when average != 'binary' (got 'weighted'). You may use labels=[pos_label] to specify a single positive class.
  warnings.warn(

2025-10-31 11:10:17,523:WARNING:C:\Users\User\miniconda3\envs\py3_11_9\Lib\site-packages\sklearn\metrics\_classification.py:1561: UserWarning: Note that pos_label (set to 'G') is ignored when average != 'binary' (got 'weighted'). You may use labels=[pos_label] to specify a single positive class.
  warnings.warn(

2025-10-31 11:10:17,528:WARNING:C:\Users\User\miniconda3\envs\py3_11_9\Lib\site-packages\sklearn\metrics\_classification.py:1561: UserWarning: Note that pos_label (set to 'G') is ignored when average != 'binary' (got 'weighted'). You may use labels=[pos_label] to specify a single positive class.
  warnings.warn(

2025-10-31 11:10:17,529:WARNING:C:\Users\User\miniconda3\envs\py3_11_9\Lib\site-packages\sklearn\metrics\_classification.py:1561: UserWarning: Note that pos_label (set to 'G') is ignored when average != 'binary' (got 'weighted'). You may use labels=[pos_label] to specify a single positive class.
  warnings.warn(

2025-10-31 11:10:17,533:WARNING:C:\Users\User\miniconda3\envs\py3_11_9\Lib\site-packages\sklearn\metrics\_classification.py:1561: UserWarning: Note that pos_label (set to 'G') is ignored when average != 'binary' (got 'weighted'). You may use labels=[pos_label] to specify a single positive class.
  warnings.warn(

2025-10-31 11:10:17,535:WARNING:C:\Users\User\miniconda3\envs\py3_11_9\Lib\site-packages\sklearn\metrics\_classification.py:1561: UserWarning: Note that pos_label (set to 'G') is ignored when average != 'binary' (got 'weighted'). You may use labels=[pos_label] to specify a single positive class.
  warnings.warn(

2025-10-31 11:10:17,540:WARNING:C:\Users\User\miniconda3\envs\py3_11_9\Lib\site-packages\sklearn\metrics\_classification.py:1561: UserWarning: Note that pos_label (set to 'G') is ignored when average != 'binary' (got 'weighted'). You may use labels=[pos_label] to specify a single positive class.
  warnings.warn(

2025-10-31 11:10:17,544:WARNING:C:\Users\User\miniconda3\envs\py3_11_9\Lib\site-packages\sklearn\metrics\_classification.py:1561: UserWarning: Note that pos_label (set to 'G') is ignored when average != 'binary' (got 'weighted'). You may use labels=[pos_label] to specify a single positive class.
  warnings.warn(

2025-10-31 11:10:17,545:WARNING:C:\Users\User\miniconda3\envs\py3_11_9\Lib\site-packages\sklearn\metrics\_classification.py:1561: UserWarning: Note that pos_label (set to 'G') is ignored when average != 'binary' (got 'weighted'). You may use labels=[pos_label] to specify a single positive class.
  warnings.warn(

2025-10-31 11:10:17,552:WARNING:C:\Users\User\miniconda3\envs\py3_11_9\Lib\site-packages\sklearn\metrics\_classification.py:1561: UserWarning: Note that pos_label (set to 'G') is ignored when average != 'binary' (got 'weighted'). You may use labels=[pos_label] to specify a single positive class.
  warnings.warn(

2025-10-31 11:10:17,579:INFO:Calculating mean and std
2025-10-31 11:10:17,579:INFO:Creating metrics dataframe
2025-10-31 11:10:17,579:INFO:Uploading results into container
2025-10-31 11:10:17,579:INFO:Uploading model into container now
2025-10-31 11:10:17,579:INFO:_master_model_container: 4
2025-10-31 11:10:17,579:INFO:_display_container: 2
2025-10-31 11:10:17,579:INFO:DecisionTreeClassifier(ccp_alpha=0.0, class_weight=None, criterion='gini',
                       max_depth=None, max_features=None, max_leaf_nodes=None,
                       min_impurity_decrease=0.0, min_samples_leaf=1,
                       min_samples_split=2, min_weight_fraction_leaf=0.0,
                       monotonic_cst=None, random_state=123, splitter='best')
2025-10-31 11:10:17,579:INFO:create_model() successfully completed......................................
2025-10-31 11:10:17,640:INFO:SubProcess create_model() end ==================================
2025-10-31 11:10:17,640:INFO:Creating metrics dataframe
2025-10-31 11:10:17,645:INFO:Initializing SVM - Linear Kernel
2025-10-31 11:10:17,645:INFO:Total runtime is 0.34171006282170613 minutes
2025-10-31 11:10:17,646:INFO:SubProcess create_model() called ==================================
2025-10-31 11:10:17,647:INFO:Initializing create_model()
2025-10-31 11:10:17,647:INFO:create_model(self=<pycaret.classification.oop.ClassificationExperiment object at 0x000002AFB47C1D10>, estimator=svm, fold=StratifiedKFold(n_splits=10, random_state=None, shuffle=False), round=4, cross_validation=True, predict=True, fit_kwargs={}, groups=None, refit=False, probability_threshold=None, experiment_custom_tags=None, verbose=False, system=False, add_to_model_list=True, metrics=None, display=<pycaret.internal.display.display.CommonDisplay object at 0x000002AFB4FC4410>, model_only=True, return_train_score=False, error_score=0.0, kwargs={})
2025-10-31 11:10:17,647:INFO:Checking exceptions
2025-10-31 11:10:17,647:INFO:Importing libraries
2025-10-31 11:10:17,648:INFO:Copying training dataset
2025-10-31 11:10:17,653:INFO:Defining folds
2025-10-31 11:10:17,653:INFO:Declaring metric variables
2025-10-31 11:10:17,653:INFO:Importing untrained model
2025-10-31 11:10:17,653:INFO:SVM - Linear Kernel Imported successfully
2025-10-31 11:10:17,653:INFO:Starting cross validation
2025-10-31 11:10:17,653:INFO:Cross validating with StratifiedKFold(n_splits=10, random_state=None, shuffle=False), n_jobs=-1
2025-10-31 11:10:18,963:WARNING:C:\Users\User\miniconda3\envs\py3_11_9\Lib\site-packages\pycaret\internal\metrics.py:204: FitFailedWarning: Metric 'make_scorer(roc_auc_score, response_method=('decision_function', 'predict_proba'), average=weighted, multi_class=ovr)' failed and error score 0.0 has been returned instead. If this is a custom metric, this usually means that the error is in the metric code. Full exception below:
Traceback (most recent call last):
  File "C:\Users\User\miniconda3\envs\py3_11_9\Lib\site-packages\pycaret\internal\metrics.py", line 196, in _score
    return super()._score(
           ^^^^^^^^^^^^^^^
  File "C:\Users\User\miniconda3\envs\py3_11_9\Lib\site-packages\sklearn\metrics\_scorer.py", line 350, in _score
    return self._sign * self._score_func(y_true, y_pred, **scoring_kwargs)
                        ^^^^^^^^^^^^^^^^^^^^^^^^^^^^^^^^^^^^^^^^^^^^^^^^^^
  File "C:\Users\User\miniconda3\envs\py3_11_9\Lib\site-packages\pycaret\internal\metrics.py", line 144, in __call__
    return self.score_func(y_true, y_pred, **kwargs)
           ^^^^^^^^^^^^^^^^^^^^^^^^^^^^^^^^^^^^^^^^^
  File "C:\Users\User\miniconda3\envs\py3_11_9\Lib\site-packages\sklearn\utils\_param_validation.py", line 213, in wrapper
    return func(*args, **kwargs)
           ^^^^^^^^^^^^^^^^^^^^^
  File "C:\Users\User\miniconda3\envs\py3_11_9\Lib\site-packages\sklearn\metrics\_ranking.py", line 634, in roc_auc_score
    return _multiclass_roc_auc_score(
           ^^^^^^^^^^^^^^^^^^^^^^^^^^
  File "C:\Users\User\miniconda3\envs\py3_11_9\Lib\site-packages\sklearn\metrics\_ranking.py", line 707, in _multiclass_roc_auc_score
    raise ValueError(
ValueError: Target scores need to be probabilities for multiclass roc_auc, i.e. they should sum up to 1.0 over classes

  warnings.warn(

2025-10-31 11:10:18,973:WARNING:C:\Users\User\miniconda3\envs\py3_11_9\Lib\site-packages\sklearn\metrics\_classification.py:1561: UserWarning: Note that pos_label (set to 'G') is ignored when average != 'binary' (got 'weighted'). You may use labels=[pos_label] to specify a single positive class.
  warnings.warn(

2025-10-31 11:10:18,998:WARNING:C:\Users\User\miniconda3\envs\py3_11_9\Lib\site-packages\pycaret\internal\metrics.py:204: FitFailedWarning: Metric 'make_scorer(roc_auc_score, response_method=('decision_function', 'predict_proba'), average=weighted, multi_class=ovr)' failed and error score 0.0 has been returned instead. If this is a custom metric, this usually means that the error is in the metric code. Full exception below:
Traceback (most recent call last):
  File "C:\Users\User\miniconda3\envs\py3_11_9\Lib\site-packages\pycaret\internal\metrics.py", line 196, in _score
    return super()._score(
           ^^^^^^^^^^^^^^^
  File "C:\Users\User\miniconda3\envs\py3_11_9\Lib\site-packages\sklearn\metrics\_scorer.py", line 350, in _score
    return self._sign * self._score_func(y_true, y_pred, **scoring_kwargs)
                        ^^^^^^^^^^^^^^^^^^^^^^^^^^^^^^^^^^^^^^^^^^^^^^^^^^
  File "C:\Users\User\miniconda3\envs\py3_11_9\Lib\site-packages\pycaret\internal\metrics.py", line 144, in __call__
    return self.score_func(y_true, y_pred, **kwargs)
           ^^^^^^^^^^^^^^^^^^^^^^^^^^^^^^^^^^^^^^^^^
  File "C:\Users\User\miniconda3\envs\py3_11_9\Lib\site-packages\sklearn\utils\_param_validation.py", line 213, in wrapper
    return func(*args, **kwargs)
           ^^^^^^^^^^^^^^^^^^^^^
  File "C:\Users\User\miniconda3\envs\py3_11_9\Lib\site-packages\sklearn\metrics\_ranking.py", line 634, in roc_auc_score
    return _multiclass_roc_auc_score(
           ^^^^^^^^^^^^^^^^^^^^^^^^^^
  File "C:\Users\User\miniconda3\envs\py3_11_9\Lib\site-packages\sklearn\metrics\_ranking.py", line 707, in _multiclass_roc_auc_score
    raise ValueError(
ValueError: Target scores need to be probabilities for multiclass roc_auc, i.e. they should sum up to 1.0 over classes

  warnings.warn(

2025-10-31 11:10:18,999:WARNING:C:\Users\User\miniconda3\envs\py3_11_9\Lib\site-packages\sklearn\metrics\_classification.py:1561: UserWarning: Note that pos_label (set to 'G') is ignored when average != 'binary' (got 'weighted'). You may use labels=[pos_label] to specify a single positive class.
  warnings.warn(

2025-10-31 11:10:19,018:WARNING:C:\Users\User\miniconda3\envs\py3_11_9\Lib\site-packages\sklearn\metrics\_classification.py:1561: UserWarning: Note that pos_label (set to 'G') is ignored when average != 'binary' (got 'weighted'). You may use labels=[pos_label] to specify a single positive class.
  warnings.warn(

2025-10-31 11:10:19,023:WARNING:C:\Users\User\miniconda3\envs\py3_11_9\Lib\site-packages\sklearn\metrics\_classification.py:1509: UndefinedMetricWarning: Precision is ill-defined and being set to 0.0 in labels with no predicted samples. Use `zero_division` parameter to control this behavior.
  _warn_prf(average, modifier, f"{metric.capitalize()} is", len(result))

2025-10-31 11:10:19,041:WARNING:C:\Users\User\miniconda3\envs\py3_11_9\Lib\site-packages\sklearn\metrics\_classification.py:1561: UserWarning: Note that pos_label (set to 'G') is ignored when average != 'binary' (got 'weighted'). You may use labels=[pos_label] to specify a single positive class.
  warnings.warn(

2025-10-31 11:10:19,070:WARNING:C:\Users\User\miniconda3\envs\py3_11_9\Lib\site-packages\sklearn\metrics\_classification.py:1561: UserWarning: Note that pos_label (set to 'G') is ignored when average != 'binary' (got 'weighted'). You may use labels=[pos_label] to specify a single positive class.
  warnings.warn(

2025-10-31 11:10:19,081:WARNING:C:\Users\User\miniconda3\envs\py3_11_9\Lib\site-packages\sklearn\metrics\_classification.py:1509: UndefinedMetricWarning: Precision is ill-defined and being set to 0.0 in labels with no predicted samples. Use `zero_division` parameter to control this behavior.
  _warn_prf(average, modifier, f"{metric.capitalize()} is", len(result))

2025-10-31 11:10:19,082:WARNING:C:\Users\User\miniconda3\envs\py3_11_9\Lib\site-packages\pycaret\internal\metrics.py:204: FitFailedWarning: Metric 'make_scorer(roc_auc_score, response_method=('decision_function', 'predict_proba'), average=weighted, multi_class=ovr)' failed and error score 0.0 has been returned instead. If this is a custom metric, this usually means that the error is in the metric code. Full exception below:
Traceback (most recent call last):
  File "C:\Users\User\miniconda3\envs\py3_11_9\Lib\site-packages\pycaret\internal\metrics.py", line 196, in _score
    return super()._score(
           ^^^^^^^^^^^^^^^
  File "C:\Users\User\miniconda3\envs\py3_11_9\Lib\site-packages\sklearn\metrics\_scorer.py", line 350, in _score
    return self._sign * self._score_func(y_true, y_pred, **scoring_kwargs)
                        ^^^^^^^^^^^^^^^^^^^^^^^^^^^^^^^^^^^^^^^^^^^^^^^^^^
  File "C:\Users\User\miniconda3\envs\py3_11_9\Lib\site-packages\pycaret\internal\metrics.py", line 144, in __call__
    return self.score_func(y_true, y_pred, **kwargs)
           ^^^^^^^^^^^^^^^^^^^^^^^^^^^^^^^^^^^^^^^^^
  File "C:\Users\User\miniconda3\envs\py3_11_9\Lib\site-packages\sklearn\utils\_param_validation.py", line 213, in wrapper
    return func(*args, **kwargs)
           ^^^^^^^^^^^^^^^^^^^^^
  File "C:\Users\User\miniconda3\envs\py3_11_9\Lib\site-packages\sklearn\metrics\_ranking.py", line 634, in roc_auc_score
    return _multiclass_roc_auc_score(
           ^^^^^^^^^^^^^^^^^^^^^^^^^^
  File "C:\Users\User\miniconda3\envs\py3_11_9\Lib\site-packages\sklearn\metrics\_ranking.py", line 707, in _multiclass_roc_auc_score
    raise ValueError(
ValueError: Target scores need to be probabilities for multiclass roc_auc, i.e. they should sum up to 1.0 over classes

  warnings.warn(

2025-10-31 11:10:19,092:WARNING:C:\Users\User\miniconda3\envs\py3_11_9\Lib\site-packages\sklearn\metrics\_classification.py:1561: UserWarning: Note that pos_label (set to 'G') is ignored when average != 'binary' (got 'weighted'). You may use labels=[pos_label] to specify a single positive class.
  warnings.warn(

2025-10-31 11:10:19,119:WARNING:C:\Users\User\miniconda3\envs\py3_11_9\Lib\site-packages\sklearn\metrics\_classification.py:1561: UserWarning: Note that pos_label (set to 'G') is ignored when average != 'binary' (got 'weighted'). You may use labels=[pos_label] to specify a single positive class.
  warnings.warn(

2025-10-31 11:10:19,121:WARNING:C:\Users\User\miniconda3\envs\py3_11_9\Lib\site-packages\pycaret\internal\metrics.py:204: FitFailedWarning: Metric 'make_scorer(roc_auc_score, response_method=('decision_function', 'predict_proba'), average=weighted, multi_class=ovr)' failed and error score 0.0 has been returned instead. If this is a custom metric, this usually means that the error is in the metric code. Full exception below:
Traceback (most recent call last):
  File "C:\Users\User\miniconda3\envs\py3_11_9\Lib\site-packages\pycaret\internal\metrics.py", line 196, in _score
    return super()._score(
           ^^^^^^^^^^^^^^^
  File "C:\Users\User\miniconda3\envs\py3_11_9\Lib\site-packages\sklearn\metrics\_scorer.py", line 350, in _score
    return self._sign * self._score_func(y_true, y_pred, **scoring_kwargs)
                        ^^^^^^^^^^^^^^^^^^^^^^^^^^^^^^^^^^^^^^^^^^^^^^^^^^
  File "C:\Users\User\miniconda3\envs\py3_11_9\Lib\site-packages\pycaret\internal\metrics.py", line 144, in __call__
    return self.score_func(y_true, y_pred, **kwargs)
           ^^^^^^^^^^^^^^^^^^^^^^^^^^^^^^^^^^^^^^^^^
  File "C:\Users\User\miniconda3\envs\py3_11_9\Lib\site-packages\sklearn\utils\_param_validation.py", line 213, in wrapper
    return func(*args, **kwargs)
           ^^^^^^^^^^^^^^^^^^^^^
  File "C:\Users\User\miniconda3\envs\py3_11_9\Lib\site-packages\sklearn\metrics\_ranking.py", line 634, in roc_auc_score
    return _multiclass_roc_auc_score(
           ^^^^^^^^^^^^^^^^^^^^^^^^^^
  File "C:\Users\User\miniconda3\envs\py3_11_9\Lib\site-packages\sklearn\metrics\_ranking.py", line 707, in _multiclass_roc_auc_score
    raise ValueError(
ValueError: Target scores need to be probabilities for multiclass roc_auc, i.e. they should sum up to 1.0 over classes

  warnings.warn(

2025-10-31 11:10:19,126:WARNING:C:\Users\User\miniconda3\envs\py3_11_9\Lib\site-packages\pycaret\internal\metrics.py:204: FitFailedWarning: Metric 'make_scorer(roc_auc_score, response_method=('decision_function', 'predict_proba'), average=weighted, multi_class=ovr)' failed and error score 0.0 has been returned instead. If this is a custom metric, this usually means that the error is in the metric code. Full exception below:
Traceback (most recent call last):
  File "C:\Users\User\miniconda3\envs\py3_11_9\Lib\site-packages\pycaret\internal\metrics.py", line 196, in _score
    return super()._score(
           ^^^^^^^^^^^^^^^
  File "C:\Users\User\miniconda3\envs\py3_11_9\Lib\site-packages\sklearn\metrics\_scorer.py", line 350, in _score
    return self._sign * self._score_func(y_true, y_pred, **scoring_kwargs)
                        ^^^^^^^^^^^^^^^^^^^^^^^^^^^^^^^^^^^^^^^^^^^^^^^^^^
  File "C:\Users\User\miniconda3\envs\py3_11_9\Lib\site-packages\pycaret\internal\metrics.py", line 144, in __call__
    return self.score_func(y_true, y_pred, **kwargs)
           ^^^^^^^^^^^^^^^^^^^^^^^^^^^^^^^^^^^^^^^^^
  File "C:\Users\User\miniconda3\envs\py3_11_9\Lib\site-packages\sklearn\utils\_param_validation.py", line 213, in wrapper
    return func(*args, **kwargs)
           ^^^^^^^^^^^^^^^^^^^^^
  File "C:\Users\User\miniconda3\envs\py3_11_9\Lib\site-packages\sklearn\metrics\_ranking.py", line 634, in roc_auc_score
    return _multiclass_roc_auc_score(
           ^^^^^^^^^^^^^^^^^^^^^^^^^^
  File "C:\Users\User\miniconda3\envs\py3_11_9\Lib\site-packages\sklearn\metrics\_ranking.py", line 707, in _multiclass_roc_auc_score
    raise ValueError(
ValueError: Target scores need to be probabilities for multiclass roc_auc, i.e. they should sum up to 1.0 over classes

  warnings.warn(

2025-10-31 11:10:19,136:WARNING:C:\Users\User\miniconda3\envs\py3_11_9\Lib\site-packages\sklearn\metrics\_classification.py:1561: UserWarning: Note that pos_label (set to 'G') is ignored when average != 'binary' (got 'weighted'). You may use labels=[pos_label] to specify a single positive class.
  warnings.warn(

2025-10-31 11:10:19,141:WARNING:C:\Users\User\miniconda3\envs\py3_11_9\Lib\site-packages\sklearn\metrics\_classification.py:1561: UserWarning: Note that pos_label (set to 'G') is ignored when average != 'binary' (got 'weighted'). You may use labels=[pos_label] to specify a single positive class.
  warnings.warn(

2025-10-31 11:10:19,151:WARNING:C:\Users\User\miniconda3\envs\py3_11_9\Lib\site-packages\sklearn\metrics\_classification.py:1561: UserWarning: Note that pos_label (set to 'G') is ignored when average != 'binary' (got 'weighted'). You may use labels=[pos_label] to specify a single positive class.
  warnings.warn(

2025-10-31 11:10:19,177:WARNING:C:\Users\User\miniconda3\envs\py3_11_9\Lib\site-packages\sklearn\metrics\_classification.py:1561: UserWarning: Note that pos_label (set to 'G') is ignored when average != 'binary' (got 'weighted'). You may use labels=[pos_label] to specify a single positive class.
  warnings.warn(

2025-10-31 11:10:19,185:WARNING:C:\Users\User\miniconda3\envs\py3_11_9\Lib\site-packages\pycaret\internal\metrics.py:204: FitFailedWarning: Metric 'make_scorer(roc_auc_score, response_method=('decision_function', 'predict_proba'), average=weighted, multi_class=ovr)' failed and error score 0.0 has been returned instead. If this is a custom metric, this usually means that the error is in the metric code. Full exception below:
Traceback (most recent call last):
  File "C:\Users\User\miniconda3\envs\py3_11_9\Lib\site-packages\pycaret\internal\metrics.py", line 196, in _score
    return super()._score(
           ^^^^^^^^^^^^^^^
  File "C:\Users\User\miniconda3\envs\py3_11_9\Lib\site-packages\sklearn\metrics\_scorer.py", line 350, in _score
    return self._sign * self._score_func(y_true, y_pred, **scoring_kwargs)
                        ^^^^^^^^^^^^^^^^^^^^^^^^^^^^^^^^^^^^^^^^^^^^^^^^^^
  File "C:\Users\User\miniconda3\envs\py3_11_9\Lib\site-packages\pycaret\internal\metrics.py", line 144, in __call__
    return self.score_func(y_true, y_pred, **kwargs)
           ^^^^^^^^^^^^^^^^^^^^^^^^^^^^^^^^^^^^^^^^^
  File "C:\Users\User\miniconda3\envs\py3_11_9\Lib\site-packages\sklearn\utils\_param_validation.py", line 213, in wrapper
    return func(*args, **kwargs)
           ^^^^^^^^^^^^^^^^^^^^^
  File "C:\Users\User\miniconda3\envs\py3_11_9\Lib\site-packages\sklearn\metrics\_ranking.py", line 634, in roc_auc_score
    return _multiclass_roc_auc_score(
           ^^^^^^^^^^^^^^^^^^^^^^^^^^
  File "C:\Users\User\miniconda3\envs\py3_11_9\Lib\site-packages\sklearn\metrics\_ranking.py", line 707, in _multiclass_roc_auc_score
    raise ValueError(
ValueError: Target scores need to be probabilities for multiclass roc_auc, i.e. they should sum up to 1.0 over classes

  warnings.warn(

2025-10-31 11:10:19,187:WARNING:C:\Users\User\miniconda3\envs\py3_11_9\Lib\site-packages\sklearn\metrics\_classification.py:1509: UndefinedMetricWarning: Precision is ill-defined and being set to 0.0 in labels with no predicted samples. Use `zero_division` parameter to control this behavior.
  _warn_prf(average, modifier, f"{metric.capitalize()} is", len(result))

2025-10-31 11:10:19,193:WARNING:C:\Users\User\miniconda3\envs\py3_11_9\Lib\site-packages\sklearn\metrics\_classification.py:1561: UserWarning: Note that pos_label (set to 'G') is ignored when average != 'binary' (got 'weighted'). You may use labels=[pos_label] to specify a single positive class.
  warnings.warn(

2025-10-31 11:10:19,199:WARNING:C:\Users\User\miniconda3\envs\py3_11_9\Lib\site-packages\sklearn\metrics\_classification.py:1509: UndefinedMetricWarning: Precision is ill-defined and being set to 0.0 in labels with no predicted samples. Use `zero_division` parameter to control this behavior.
  _warn_prf(average, modifier, f"{metric.capitalize()} is", len(result))

2025-10-31 11:10:19,200:WARNING:C:\Users\User\miniconda3\envs\py3_11_9\Lib\site-packages\sklearn\metrics\_classification.py:1561: UserWarning: Note that pos_label (set to 'G') is ignored when average != 'binary' (got 'weighted'). You may use labels=[pos_label] to specify a single positive class.
  warnings.warn(

2025-10-31 11:10:19,204:WARNING:C:\Users\User\miniconda3\envs\py3_11_9\Lib\site-packages\sklearn\metrics\_classification.py:1561: UserWarning: Note that pos_label (set to 'G') is ignored when average != 'binary' (got 'weighted'). You may use labels=[pos_label] to specify a single positive class.
  warnings.warn(

2025-10-31 11:10:19,216:WARNING:C:\Users\User\miniconda3\envs\py3_11_9\Lib\site-packages\sklearn\metrics\_classification.py:1561: UserWarning: Note that pos_label (set to 'G') is ignored when average != 'binary' (got 'weighted'). You may use labels=[pos_label] to specify a single positive class.
  warnings.warn(

2025-10-31 11:10:19,222:WARNING:C:\Users\User\miniconda3\envs\py3_11_9\Lib\site-packages\sklearn\metrics\_classification.py:1509: UndefinedMetricWarning: Precision is ill-defined and being set to 0.0 in labels with no predicted samples. Use `zero_division` parameter to control this behavior.
  _warn_prf(average, modifier, f"{metric.capitalize()} is", len(result))

2025-10-31 11:10:19,233:WARNING:C:\Users\User\miniconda3\envs\py3_11_9\Lib\site-packages\sklearn\metrics\_classification.py:1561: UserWarning: Note that pos_label (set to 'G') is ignored when average != 'binary' (got 'weighted'). You may use labels=[pos_label] to specify a single positive class.
  warnings.warn(

2025-10-31 11:10:19,238:WARNING:C:\Users\User\miniconda3\envs\py3_11_9\Lib\site-packages\sklearn\metrics\_classification.py:1561: UserWarning: Note that pos_label (set to 'G') is ignored when average != 'binary' (got 'weighted'). You may use labels=[pos_label] to specify a single positive class.
  warnings.warn(

2025-10-31 11:10:19,253:WARNING:C:\Users\User\miniconda3\envs\py3_11_9\Lib\site-packages\sklearn\metrics\_classification.py:1509: UndefinedMetricWarning: Precision is ill-defined and being set to 0.0 in labels with no predicted samples. Use `zero_division` parameter to control this behavior.
  _warn_prf(average, modifier, f"{metric.capitalize()} is", len(result))

2025-10-31 11:10:19,263:WARNING:C:\Users\User\miniconda3\envs\py3_11_9\Lib\site-packages\sklearn\metrics\_classification.py:1561: UserWarning: Note that pos_label (set to 'G') is ignored when average != 'binary' (got 'weighted'). You may use labels=[pos_label] to specify a single positive class.
  warnings.warn(

2025-10-31 11:10:19,401:WARNING:C:\Users\User\miniconda3\envs\py3_11_9\Lib\site-packages\pycaret\internal\metrics.py:204: FitFailedWarning: Metric 'make_scorer(roc_auc_score, response_method=('decision_function', 'predict_proba'), average=weighted, multi_class=ovr)' failed and error score 0.0 has been returned instead. If this is a custom metric, this usually means that the error is in the metric code. Full exception below:
Traceback (most recent call last):
  File "C:\Users\User\miniconda3\envs\py3_11_9\Lib\site-packages\pycaret\internal\metrics.py", line 196, in _score
    return super()._score(
           ^^^^^^^^^^^^^^^
  File "C:\Users\User\miniconda3\envs\py3_11_9\Lib\site-packages\sklearn\metrics\_scorer.py", line 350, in _score
    return self._sign * self._score_func(y_true, y_pred, **scoring_kwargs)
                        ^^^^^^^^^^^^^^^^^^^^^^^^^^^^^^^^^^^^^^^^^^^^^^^^^^
  File "C:\Users\User\miniconda3\envs\py3_11_9\Lib\site-packages\pycaret\internal\metrics.py", line 144, in __call__
    return self.score_func(y_true, y_pred, **kwargs)
           ^^^^^^^^^^^^^^^^^^^^^^^^^^^^^^^^^^^^^^^^^
  File "C:\Users\User\miniconda3\envs\py3_11_9\Lib\site-packages\sklearn\utils\_param_validation.py", line 213, in wrapper
    return func(*args, **kwargs)
           ^^^^^^^^^^^^^^^^^^^^^
  File "C:\Users\User\miniconda3\envs\py3_11_9\Lib\site-packages\sklearn\metrics\_ranking.py", line 634, in roc_auc_score
    return _multiclass_roc_auc_score(
           ^^^^^^^^^^^^^^^^^^^^^^^^^^
  File "C:\Users\User\miniconda3\envs\py3_11_9\Lib\site-packages\sklearn\metrics\_ranking.py", line 707, in _multiclass_roc_auc_score
    raise ValueError(
ValueError: Target scores need to be probabilities for multiclass roc_auc, i.e. they should sum up to 1.0 over classes

  warnings.warn(

2025-10-31 11:10:19,412:WARNING:C:\Users\User\miniconda3\envs\py3_11_9\Lib\site-packages\sklearn\metrics\_classification.py:1561: UserWarning: Note that pos_label (set to 'G') is ignored when average != 'binary' (got 'weighted'). You may use labels=[pos_label] to specify a single positive class.
  warnings.warn(

2025-10-31 11:10:19,436:WARNING:C:\Users\User\miniconda3\envs\py3_11_9\Lib\site-packages\sklearn\metrics\_classification.py:1561: UserWarning: Note that pos_label (set to 'G') is ignored when average != 'binary' (got 'weighted'). You may use labels=[pos_label] to specify a single positive class.
  warnings.warn(

2025-10-31 11:10:19,450:WARNING:C:\Users\User\miniconda3\envs\py3_11_9\Lib\site-packages\sklearn\metrics\_classification.py:1509: UndefinedMetricWarning: Precision is ill-defined and being set to 0.0 in labels with no predicted samples. Use `zero_division` parameter to control this behavior.
  _warn_prf(average, modifier, f"{metric.capitalize()} is", len(result))

2025-10-31 11:10:19,458:WARNING:C:\Users\User\miniconda3\envs\py3_11_9\Lib\site-packages\sklearn\metrics\_classification.py:1561: UserWarning: Note that pos_label (set to 'G') is ignored when average != 'binary' (got 'weighted'). You may use labels=[pos_label] to specify a single positive class.
  warnings.warn(

2025-10-31 11:10:19,475:WARNING:C:\Users\User\miniconda3\envs\py3_11_9\Lib\site-packages\pycaret\internal\metrics.py:204: FitFailedWarning: Metric 'make_scorer(roc_auc_score, response_method=('decision_function', 'predict_proba'), average=weighted, multi_class=ovr)' failed and error score 0.0 has been returned instead. If this is a custom metric, this usually means that the error is in the metric code. Full exception below:
Traceback (most recent call last):
  File "C:\Users\User\miniconda3\envs\py3_11_9\Lib\site-packages\pycaret\internal\metrics.py", line 196, in _score
    return super()._score(
           ^^^^^^^^^^^^^^^
  File "C:\Users\User\miniconda3\envs\py3_11_9\Lib\site-packages\sklearn\metrics\_scorer.py", line 350, in _score
    return self._sign * self._score_func(y_true, y_pred, **scoring_kwargs)
                        ^^^^^^^^^^^^^^^^^^^^^^^^^^^^^^^^^^^^^^^^^^^^^^^^^^
  File "C:\Users\User\miniconda3\envs\py3_11_9\Lib\site-packages\pycaret\internal\metrics.py", line 144, in __call__
    return self.score_func(y_true, y_pred, **kwargs)
           ^^^^^^^^^^^^^^^^^^^^^^^^^^^^^^^^^^^^^^^^^
  File "C:\Users\User\miniconda3\envs\py3_11_9\Lib\site-packages\sklearn\utils\_param_validation.py", line 213, in wrapper
    return func(*args, **kwargs)
           ^^^^^^^^^^^^^^^^^^^^^
  File "C:\Users\User\miniconda3\envs\py3_11_9\Lib\site-packages\sklearn\metrics\_ranking.py", line 634, in roc_auc_score
    return _multiclass_roc_auc_score(
           ^^^^^^^^^^^^^^^^^^^^^^^^^^
  File "C:\Users\User\miniconda3\envs\py3_11_9\Lib\site-packages\sklearn\metrics\_ranking.py", line 707, in _multiclass_roc_auc_score
    raise ValueError(
ValueError: Target scores need to be probabilities for multiclass roc_auc, i.e. they should sum up to 1.0 over classes

  warnings.warn(

2025-10-31 11:10:19,477:WARNING:C:\Users\User\miniconda3\envs\py3_11_9\Lib\site-packages\pycaret\internal\metrics.py:204: FitFailedWarning: Metric 'make_scorer(roc_auc_score, response_method=('decision_function', 'predict_proba'), average=weighted, multi_class=ovr)' failed and error score 0.0 has been returned instead. If this is a custom metric, this usually means that the error is in the metric code. Full exception below:
Traceback (most recent call last):
  File "C:\Users\User\miniconda3\envs\py3_11_9\Lib\site-packages\pycaret\internal\metrics.py", line 196, in _score
    return super()._score(
           ^^^^^^^^^^^^^^^
  File "C:\Users\User\miniconda3\envs\py3_11_9\Lib\site-packages\sklearn\metrics\_scorer.py", line 350, in _score
    return self._sign * self._score_func(y_true, y_pred, **scoring_kwargs)
                        ^^^^^^^^^^^^^^^^^^^^^^^^^^^^^^^^^^^^^^^^^^^^^^^^^^
  File "C:\Users\User\miniconda3\envs\py3_11_9\Lib\site-packages\pycaret\internal\metrics.py", line 144, in __call__
    return self.score_func(y_true, y_pred, **kwargs)
           ^^^^^^^^^^^^^^^^^^^^^^^^^^^^^^^^^^^^^^^^^
  File "C:\Users\User\miniconda3\envs\py3_11_9\Lib\site-packages\sklearn\utils\_param_validation.py", line 213, in wrapper
    return func(*args, **kwargs)
           ^^^^^^^^^^^^^^^^^^^^^
  File "C:\Users\User\miniconda3\envs\py3_11_9\Lib\site-packages\sklearn\metrics\_ranking.py", line 634, in roc_auc_score
    return _multiclass_roc_auc_score(
           ^^^^^^^^^^^^^^^^^^^^^^^^^^
  File "C:\Users\User\miniconda3\envs\py3_11_9\Lib\site-packages\sklearn\metrics\_ranking.py", line 707, in _multiclass_roc_auc_score
    raise ValueError(
ValueError: Target scores need to be probabilities for multiclass roc_auc, i.e. they should sum up to 1.0 over classes

  warnings.warn(

2025-10-31 11:10:19,482:WARNING:C:\Users\User\miniconda3\envs\py3_11_9\Lib\site-packages\sklearn\metrics\_classification.py:1561: UserWarning: Note that pos_label (set to 'G') is ignored when average != 'binary' (got 'weighted'). You may use labels=[pos_label] to specify a single positive class.
  warnings.warn(

2025-10-31 11:10:19,484:WARNING:C:\Users\User\miniconda3\envs\py3_11_9\Lib\site-packages\sklearn\metrics\_classification.py:1561: UserWarning: Note that pos_label (set to 'G') is ignored when average != 'binary' (got 'weighted'). You may use labels=[pos_label] to specify a single positive class.
  warnings.warn(

2025-10-31 11:10:19,496:WARNING:C:\Users\User\miniconda3\envs\py3_11_9\Lib\site-packages\sklearn\metrics\_classification.py:1561: UserWarning: Note that pos_label (set to 'G') is ignored when average != 'binary' (got 'weighted'). You may use labels=[pos_label] to specify a single positive class.
  warnings.warn(

2025-10-31 11:10:19,504:WARNING:C:\Users\User\miniconda3\envs\py3_11_9\Lib\site-packages\sklearn\metrics\_classification.py:1509: UndefinedMetricWarning: Precision is ill-defined and being set to 0.0 in labels with no predicted samples. Use `zero_division` parameter to control this behavior.
  _warn_prf(average, modifier, f"{metric.capitalize()} is", len(result))

2025-10-31 11:10:19,508:WARNING:C:\Users\User\miniconda3\envs\py3_11_9\Lib\site-packages\sklearn\metrics\_classification.py:1561: UserWarning: Note that pos_label (set to 'G') is ignored when average != 'binary' (got 'weighted'). You may use labels=[pos_label] to specify a single positive class.
  warnings.warn(

2025-10-31 11:10:19,511:WARNING:C:\Users\User\miniconda3\envs\py3_11_9\Lib\site-packages\sklearn\metrics\_classification.py:1561: UserWarning: Note that pos_label (set to 'G') is ignored when average != 'binary' (got 'weighted'). You may use labels=[pos_label] to specify a single positive class.
  warnings.warn(

2025-10-31 11:10:19,517:WARNING:C:\Users\User\miniconda3\envs\py3_11_9\Lib\site-packages\sklearn\metrics\_classification.py:1509: UndefinedMetricWarning: Precision is ill-defined and being set to 0.0 in labels with no predicted samples. Use `zero_division` parameter to control this behavior.
  _warn_prf(average, modifier, f"{metric.capitalize()} is", len(result))

2025-10-31 11:10:19,527:WARNING:C:\Users\User\miniconda3\envs\py3_11_9\Lib\site-packages\sklearn\metrics\_classification.py:1561: UserWarning: Note that pos_label (set to 'G') is ignored when average != 'binary' (got 'weighted'). You may use labels=[pos_label] to specify a single positive class.
  warnings.warn(

2025-10-31 11:10:19,551:WARNING:C:\Users\User\miniconda3\envs\py3_11_9\Lib\site-packages\pycaret\internal\metrics.py:204: FitFailedWarning: Metric 'make_scorer(roc_auc_score, response_method=('decision_function', 'predict_proba'), average=weighted, multi_class=ovr)' failed and error score 0.0 has been returned instead. If this is a custom metric, this usually means that the error is in the metric code. Full exception below:
Traceback (most recent call last):
  File "C:\Users\User\miniconda3\envs\py3_11_9\Lib\site-packages\pycaret\internal\metrics.py", line 196, in _score
    return super()._score(
           ^^^^^^^^^^^^^^^
  File "C:\Users\User\miniconda3\envs\py3_11_9\Lib\site-packages\sklearn\metrics\_scorer.py", line 350, in _score
    return self._sign * self._score_func(y_true, y_pred, **scoring_kwargs)
                        ^^^^^^^^^^^^^^^^^^^^^^^^^^^^^^^^^^^^^^^^^^^^^^^^^^
  File "C:\Users\User\miniconda3\envs\py3_11_9\Lib\site-packages\pycaret\internal\metrics.py", line 144, in __call__
    return self.score_func(y_true, y_pred, **kwargs)
           ^^^^^^^^^^^^^^^^^^^^^^^^^^^^^^^^^^^^^^^^^
  File "C:\Users\User\miniconda3\envs\py3_11_9\Lib\site-packages\sklearn\utils\_param_validation.py", line 213, in wrapper
    return func(*args, **kwargs)
           ^^^^^^^^^^^^^^^^^^^^^
  File "C:\Users\User\miniconda3\envs\py3_11_9\Lib\site-packages\sklearn\metrics\_ranking.py", line 634, in roc_auc_score
    return _multiclass_roc_auc_score(
           ^^^^^^^^^^^^^^^^^^^^^^^^^^
  File "C:\Users\User\miniconda3\envs\py3_11_9\Lib\site-packages\sklearn\metrics\_ranking.py", line 707, in _multiclass_roc_auc_score
    raise ValueError(
ValueError: Target scores need to be probabilities for multiclass roc_auc, i.e. they should sum up to 1.0 over classes

  warnings.warn(

2025-10-31 11:10:19,556:WARNING:C:\Users\User\miniconda3\envs\py3_11_9\Lib\site-packages\sklearn\metrics\_classification.py:1561: UserWarning: Note that pos_label (set to 'G') is ignored when average != 'binary' (got 'weighted'). You may use labels=[pos_label] to specify a single positive class.
  warnings.warn(

2025-10-31 11:10:19,566:WARNING:C:\Users\User\miniconda3\envs\py3_11_9\Lib\site-packages\sklearn\metrics\_classification.py:1561: UserWarning: Note that pos_label (set to 'G') is ignored when average != 'binary' (got 'weighted'). You may use labels=[pos_label] to specify a single positive class.
  warnings.warn(

2025-10-31 11:10:19,571:WARNING:C:\Users\User\miniconda3\envs\py3_11_9\Lib\site-packages\sklearn\metrics\_classification.py:1509: UndefinedMetricWarning: Precision is ill-defined and being set to 0.0 in labels with no predicted samples. Use `zero_division` parameter to control this behavior.
  _warn_prf(average, modifier, f"{metric.capitalize()} is", len(result))

2025-10-31 11:10:19,575:WARNING:C:\Users\User\miniconda3\envs\py3_11_9\Lib\site-packages\sklearn\metrics\_classification.py:1561: UserWarning: Note that pos_label (set to 'G') is ignored when average != 'binary' (got 'weighted'). You may use labels=[pos_label] to specify a single positive class.
  warnings.warn(

2025-10-31 11:10:19,588:INFO:Calculating mean and std
2025-10-31 11:10:19,589:INFO:Creating metrics dataframe
2025-10-31 11:10:19,590:INFO:Uploading results into container
2025-10-31 11:10:19,590:INFO:Uploading model into container now
2025-10-31 11:10:19,591:INFO:_master_model_container: 5
2025-10-31 11:10:19,591:INFO:_display_container: 2
2025-10-31 11:10:19,591:INFO:SGDClassifier(alpha=0.0001, average=False, class_weight=None,
              early_stopping=False, epsilon=0.1, eta0=0.001, fit_intercept=True,
              l1_ratio=0.15, learning_rate='optimal', loss='hinge',
              max_iter=1000, n_iter_no_change=5, n_jobs=-1, penalty='l2',
              power_t=0.5, random_state=123, shuffle=True, tol=0.001,
              validation_fraction=0.1, verbose=0, warm_start=False)
2025-10-31 11:10:19,591:INFO:create_model() successfully completed......................................
2025-10-31 11:10:19,643:INFO:SubProcess create_model() end ==================================
2025-10-31 11:10:19,643:INFO:Creating metrics dataframe
2025-10-31 11:10:19,647:INFO:Initializing Ridge Classifier
2025-10-31 11:10:19,648:INFO:Total runtime is 0.37508943875630696 minutes
2025-10-31 11:10:19,650:INFO:SubProcess create_model() called ==================================
2025-10-31 11:10:19,650:INFO:Initializing create_model()
2025-10-31 11:10:19,650:INFO:create_model(self=<pycaret.classification.oop.ClassificationExperiment object at 0x000002AFB47C1D10>, estimator=ridge, fold=StratifiedKFold(n_splits=10, random_state=None, shuffle=False), round=4, cross_validation=True, predict=True, fit_kwargs={}, groups=None, refit=False, probability_threshold=None, experiment_custom_tags=None, verbose=False, system=False, add_to_model_list=True, metrics=None, display=<pycaret.internal.display.display.CommonDisplay object at 0x000002AFB4FC4410>, model_only=True, return_train_score=False, error_score=0.0, kwargs={})
2025-10-31 11:10:19,650:INFO:Checking exceptions
2025-10-31 11:10:19,650:INFO:Importing libraries
2025-10-31 11:10:19,650:INFO:Copying training dataset
2025-10-31 11:10:19,656:INFO:Defining folds
2025-10-31 11:10:19,657:INFO:Declaring metric variables
2025-10-31 11:10:19,659:INFO:Importing untrained model
2025-10-31 11:10:19,661:INFO:Ridge Classifier Imported successfully
2025-10-31 11:10:19,665:INFO:Starting cross validation
2025-10-31 11:10:19,666:INFO:Cross validating with StratifiedKFold(n_splits=10, random_state=None, shuffle=False), n_jobs=-1
2025-10-31 11:10:19,956:WARNING:C:\Users\User\miniconda3\envs\py3_11_9\Lib\site-packages\pycaret\internal\metrics.py:204: FitFailedWarning: Metric 'make_scorer(roc_auc_score, response_method=('decision_function', 'predict_proba'), average=weighted, multi_class=ovr)' failed and error score 0.0 has been returned instead. If this is a custom metric, this usually means that the error is in the metric code. Full exception below:
Traceback (most recent call last):
  File "C:\Users\User\miniconda3\envs\py3_11_9\Lib\site-packages\pycaret\internal\metrics.py", line 196, in _score
    return super()._score(
           ^^^^^^^^^^^^^^^
  File "C:\Users\User\miniconda3\envs\py3_11_9\Lib\site-packages\sklearn\metrics\_scorer.py", line 350, in _score
    return self._sign * self._score_func(y_true, y_pred, **scoring_kwargs)
                        ^^^^^^^^^^^^^^^^^^^^^^^^^^^^^^^^^^^^^^^^^^^^^^^^^^
  File "C:\Users\User\miniconda3\envs\py3_11_9\Lib\site-packages\pycaret\internal\metrics.py", line 144, in __call__
    return self.score_func(y_true, y_pred, **kwargs)
           ^^^^^^^^^^^^^^^^^^^^^^^^^^^^^^^^^^^^^^^^^
  File "C:\Users\User\miniconda3\envs\py3_11_9\Lib\site-packages\sklearn\utils\_param_validation.py", line 213, in wrapper
    return func(*args, **kwargs)
           ^^^^^^^^^^^^^^^^^^^^^
  File "C:\Users\User\miniconda3\envs\py3_11_9\Lib\site-packages\sklearn\metrics\_ranking.py", line 634, in roc_auc_score
    return _multiclass_roc_auc_score(
           ^^^^^^^^^^^^^^^^^^^^^^^^^^
  File "C:\Users\User\miniconda3\envs\py3_11_9\Lib\site-packages\sklearn\metrics\_ranking.py", line 707, in _multiclass_roc_auc_score
    raise ValueError(
ValueError: Target scores need to be probabilities for multiclass roc_auc, i.e. they should sum up to 1.0 over classes

  warnings.warn(

2025-10-31 11:10:19,963:WARNING:C:\Users\User\miniconda3\envs\py3_11_9\Lib\site-packages\sklearn\metrics\_classification.py:1561: UserWarning: Note that pos_label (set to 'G') is ignored when average != 'binary' (got 'weighted'). You may use labels=[pos_label] to specify a single positive class.
  warnings.warn(

2025-10-31 11:10:19,987:WARNING:C:\Users\User\miniconda3\envs\py3_11_9\Lib\site-packages\sklearn\metrics\_classification.py:1561: UserWarning: Note that pos_label (set to 'G') is ignored when average != 'binary' (got 'weighted'). You may use labels=[pos_label] to specify a single positive class.
  warnings.warn(

2025-10-31 11:10:19,987:WARNING:C:\Users\User\miniconda3\envs\py3_11_9\Lib\site-packages\pycaret\internal\metrics.py:204: FitFailedWarning: Metric 'make_scorer(roc_auc_score, response_method=('decision_function', 'predict_proba'), average=weighted, multi_class=ovr)' failed and error score 0.0 has been returned instead. If this is a custom metric, this usually means that the error is in the metric code. Full exception below:
Traceback (most recent call last):
  File "C:\Users\User\miniconda3\envs\py3_11_9\Lib\site-packages\pycaret\internal\metrics.py", line 196, in _score
    return super()._score(
           ^^^^^^^^^^^^^^^
  File "C:\Users\User\miniconda3\envs\py3_11_9\Lib\site-packages\sklearn\metrics\_scorer.py", line 350, in _score
    return self._sign * self._score_func(y_true, y_pred, **scoring_kwargs)
                        ^^^^^^^^^^^^^^^^^^^^^^^^^^^^^^^^^^^^^^^^^^^^^^^^^^
  File "C:\Users\User\miniconda3\envs\py3_11_9\Lib\site-packages\pycaret\internal\metrics.py", line 144, in __call__
    return self.score_func(y_true, y_pred, **kwargs)
           ^^^^^^^^^^^^^^^^^^^^^^^^^^^^^^^^^^^^^^^^^
  File "C:\Users\User\miniconda3\envs\py3_11_9\Lib\site-packages\sklearn\utils\_param_validation.py", line 213, in wrapper
    return func(*args, **kwargs)
           ^^^^^^^^^^^^^^^^^^^^^
  File "C:\Users\User\miniconda3\envs\py3_11_9\Lib\site-packages\sklearn\metrics\_ranking.py", line 634, in roc_auc_score
    return _multiclass_roc_auc_score(
           ^^^^^^^^^^^^^^^^^^^^^^^^^^
  File "C:\Users\User\miniconda3\envs\py3_11_9\Lib\site-packages\sklearn\metrics\_ranking.py", line 707, in _multiclass_roc_auc_score
    raise ValueError(
ValueError: Target scores need to be probabilities for multiclass roc_auc, i.e. they should sum up to 1.0 over classes

  warnings.warn(

2025-10-31 11:10:19,988:WARNING:C:\Users\User\miniconda3\envs\py3_11_9\Lib\site-packages\pycaret\internal\metrics.py:204: FitFailedWarning: Metric 'make_scorer(roc_auc_score, response_method=('decision_function', 'predict_proba'), average=weighted, multi_class=ovr)' failed and error score 0.0 has been returned instead. If this is a custom metric, this usually means that the error is in the metric code. Full exception below:
Traceback (most recent call last):
  File "C:\Users\User\miniconda3\envs\py3_11_9\Lib\site-packages\pycaret\internal\metrics.py", line 196, in _score
    return super()._score(
           ^^^^^^^^^^^^^^^
  File "C:\Users\User\miniconda3\envs\py3_11_9\Lib\site-packages\sklearn\metrics\_scorer.py", line 350, in _score
    return self._sign * self._score_func(y_true, y_pred, **scoring_kwargs)
                        ^^^^^^^^^^^^^^^^^^^^^^^^^^^^^^^^^^^^^^^^^^^^^^^^^^
  File "C:\Users\User\miniconda3\envs\py3_11_9\Lib\site-packages\pycaret\internal\metrics.py", line 144, in __call__
    return self.score_func(y_true, y_pred, **kwargs)
           ^^^^^^^^^^^^^^^^^^^^^^^^^^^^^^^^^^^^^^^^^
  File "C:\Users\User\miniconda3\envs\py3_11_9\Lib\site-packages\sklearn\utils\_param_validation.py", line 213, in wrapper
    return func(*args, **kwargs)
           ^^^^^^^^^^^^^^^^^^^^^
  File "C:\Users\User\miniconda3\envs\py3_11_9\Lib\site-packages\sklearn\metrics\_ranking.py", line 634, in roc_auc_score
    return _multiclass_roc_auc_score(
           ^^^^^^^^^^^^^^^^^^^^^^^^^^
  File "C:\Users\User\miniconda3\envs\py3_11_9\Lib\site-packages\sklearn\metrics\_ranking.py", line 707, in _multiclass_roc_auc_score
    raise ValueError(
ValueError: Target scores need to be probabilities for multiclass roc_auc, i.e. they should sum up to 1.0 over classes

  warnings.warn(

2025-10-31 11:10:19,992:WARNING:C:\Users\User\miniconda3\envs\py3_11_9\Lib\site-packages\pycaret\internal\metrics.py:204: FitFailedWarning: Metric 'make_scorer(roc_auc_score, response_method=('decision_function', 'predict_proba'), average=weighted, multi_class=ovr)' failed and error score 0.0 has been returned instead. If this is a custom metric, this usually means that the error is in the metric code. Full exception below:
Traceback (most recent call last):
  File "C:\Users\User\miniconda3\envs\py3_11_9\Lib\site-packages\pycaret\internal\metrics.py", line 196, in _score
    return super()._score(
           ^^^^^^^^^^^^^^^
  File "C:\Users\User\miniconda3\envs\py3_11_9\Lib\site-packages\sklearn\metrics\_scorer.py", line 350, in _score
    return self._sign * self._score_func(y_true, y_pred, **scoring_kwargs)
                        ^^^^^^^^^^^^^^^^^^^^^^^^^^^^^^^^^^^^^^^^^^^^^^^^^^
  File "C:\Users\User\miniconda3\envs\py3_11_9\Lib\site-packages\pycaret\internal\metrics.py", line 144, in __call__
    return self.score_func(y_true, y_pred, **kwargs)
           ^^^^^^^^^^^^^^^^^^^^^^^^^^^^^^^^^^^^^^^^^
  File "C:\Users\User\miniconda3\envs\py3_11_9\Lib\site-packages\sklearn\utils\_param_validation.py", line 213, in wrapper
    return func(*args, **kwargs)
           ^^^^^^^^^^^^^^^^^^^^^
  File "C:\Users\User\miniconda3\envs\py3_11_9\Lib\site-packages\sklearn\metrics\_ranking.py", line 634, in roc_auc_score
    return _multiclass_roc_auc_score(
           ^^^^^^^^^^^^^^^^^^^^^^^^^^
  File "C:\Users\User\miniconda3\envs\py3_11_9\Lib\site-packages\sklearn\metrics\_ranking.py", line 707, in _multiclass_roc_auc_score
    raise ValueError(
ValueError: Target scores need to be probabilities for multiclass roc_auc, i.e. they should sum up to 1.0 over classes

  warnings.warn(

2025-10-31 11:10:19,997:WARNING:C:\Users\User\miniconda3\envs\py3_11_9\Lib\site-packages\sklearn\metrics\_classification.py:1561: UserWarning: Note that pos_label (set to 'G') is ignored when average != 'binary' (got 'weighted'). You may use labels=[pos_label] to specify a single positive class.
  warnings.warn(

2025-10-31 11:10:19,998:WARNING:C:\Users\User\miniconda3\envs\py3_11_9\Lib\site-packages\sklearn\metrics\_classification.py:1561: UserWarning: Note that pos_label (set to 'G') is ignored when average != 'binary' (got 'weighted'). You may use labels=[pos_label] to specify a single positive class.
  warnings.warn(

2025-10-31 11:10:20,001:WARNING:C:\Users\User\miniconda3\envs\py3_11_9\Lib\site-packages\sklearn\metrics\_classification.py:1509: UndefinedMetricWarning: Precision is ill-defined and being set to 0.0 in labels with no predicted samples. Use `zero_division` parameter to control this behavior.
  _warn_prf(average, modifier, f"{metric.capitalize()} is", len(result))

2025-10-31 11:10:20,002:WARNING:C:\Users\User\miniconda3\envs\py3_11_9\Lib\site-packages\sklearn\metrics\_classification.py:1561: UserWarning: Note that pos_label (set to 'G') is ignored when average != 'binary' (got 'weighted'). You may use labels=[pos_label] to specify a single positive class.
  warnings.warn(

2025-10-31 11:10:20,012:WARNING:C:\Users\User\miniconda3\envs\py3_11_9\Lib\site-packages\sklearn\metrics\_classification.py:1561: UserWarning: Note that pos_label (set to 'G') is ignored when average != 'binary' (got 'weighted'). You may use labels=[pos_label] to specify a single positive class.
  warnings.warn(

2025-10-31 11:10:20,022:WARNING:C:\Users\User\miniconda3\envs\py3_11_9\Lib\site-packages\sklearn\metrics\_classification.py:1561: UserWarning: Note that pos_label (set to 'G') is ignored when average != 'binary' (got 'weighted'). You may use labels=[pos_label] to specify a single positive class.
  warnings.warn(

2025-10-31 11:10:20,022:WARNING:C:\Users\User\miniconda3\envs\py3_11_9\Lib\site-packages\pycaret\internal\metrics.py:204: FitFailedWarning: Metric 'make_scorer(roc_auc_score, response_method=('decision_function', 'predict_proba'), average=weighted, multi_class=ovr)' failed and error score 0.0 has been returned instead. If this is a custom metric, this usually means that the error is in the metric code. Full exception below:
Traceback (most recent call last):
  File "C:\Users\User\miniconda3\envs\py3_11_9\Lib\site-packages\pycaret\internal\metrics.py", line 196, in _score
    return super()._score(
           ^^^^^^^^^^^^^^^
  File "C:\Users\User\miniconda3\envs\py3_11_9\Lib\site-packages\sklearn\metrics\_scorer.py", line 350, in _score
    return self._sign * self._score_func(y_true, y_pred, **scoring_kwargs)
                        ^^^^^^^^^^^^^^^^^^^^^^^^^^^^^^^^^^^^^^^^^^^^^^^^^^
  File "C:\Users\User\miniconda3\envs\py3_11_9\Lib\site-packages\pycaret\internal\metrics.py", line 144, in __call__
    return self.score_func(y_true, y_pred, **kwargs)
           ^^^^^^^^^^^^^^^^^^^^^^^^^^^^^^^^^^^^^^^^^
  File "C:\Users\User\miniconda3\envs\py3_11_9\Lib\site-packages\sklearn\utils\_param_validation.py", line 213, in wrapper
    return func(*args, **kwargs)
           ^^^^^^^^^^^^^^^^^^^^^
  File "C:\Users\User\miniconda3\envs\py3_11_9\Lib\site-packages\sklearn\metrics\_ranking.py", line 634, in roc_auc_score
    return _multiclass_roc_auc_score(
           ^^^^^^^^^^^^^^^^^^^^^^^^^^
  File "C:\Users\User\miniconda3\envs\py3_11_9\Lib\site-packages\sklearn\metrics\_ranking.py", line 707, in _multiclass_roc_auc_score
    raise ValueError(
ValueError: Target scores need to be probabilities for multiclass roc_auc, i.e. they should sum up to 1.0 over classes

  warnings.warn(

2025-10-31 11:10:20,024:WARNING:C:\Users\User\miniconda3\envs\py3_11_9\Lib\site-packages\sklearn\metrics\_classification.py:1561: UserWarning: Note that pos_label (set to 'G') is ignored when average != 'binary' (got 'weighted'). You may use labels=[pos_label] to specify a single positive class.
  warnings.warn(

2025-10-31 11:10:20,024:WARNING:C:\Users\User\miniconda3\envs\py3_11_9\Lib\site-packages\pycaret\internal\metrics.py:204: FitFailedWarning: Metric 'make_scorer(roc_auc_score, response_method=('decision_function', 'predict_proba'), average=weighted, multi_class=ovr)' failed and error score 0.0 has been returned instead. If this is a custom metric, this usually means that the error is in the metric code. Full exception below:
Traceback (most recent call last):
  File "C:\Users\User\miniconda3\envs\py3_11_9\Lib\site-packages\pycaret\internal\metrics.py", line 196, in _score
    return super()._score(
           ^^^^^^^^^^^^^^^
  File "C:\Users\User\miniconda3\envs\py3_11_9\Lib\site-packages\sklearn\metrics\_scorer.py", line 350, in _score
    return self._sign * self._score_func(y_true, y_pred, **scoring_kwargs)
                        ^^^^^^^^^^^^^^^^^^^^^^^^^^^^^^^^^^^^^^^^^^^^^^^^^^
  File "C:\Users\User\miniconda3\envs\py3_11_9\Lib\site-packages\pycaret\internal\metrics.py", line 144, in __call__
    return self.score_func(y_true, y_pred, **kwargs)
           ^^^^^^^^^^^^^^^^^^^^^^^^^^^^^^^^^^^^^^^^^
  File "C:\Users\User\miniconda3\envs\py3_11_9\Lib\site-packages\sklearn\utils\_param_validation.py", line 213, in wrapper
    return func(*args, **kwargs)
           ^^^^^^^^^^^^^^^^^^^^^
  File "C:\Users\User\miniconda3\envs\py3_11_9\Lib\site-packages\sklearn\metrics\_ranking.py", line 634, in roc_auc_score
    return _multiclass_roc_auc_score(
           ^^^^^^^^^^^^^^^^^^^^^^^^^^
  File "C:\Users\User\miniconda3\envs\py3_11_9\Lib\site-packages\sklearn\metrics\_ranking.py", line 707, in _multiclass_roc_auc_score
    raise ValueError(
ValueError: Target scores need to be probabilities for multiclass roc_auc, i.e. they should sum up to 1.0 over classes

  warnings.warn(

2025-10-31 11:10:20,024:WARNING:C:\Users\User\miniconda3\envs\py3_11_9\Lib\site-packages\pycaret\internal\metrics.py:204: FitFailedWarning: Metric 'make_scorer(roc_auc_score, response_method=('decision_function', 'predict_proba'), average=weighted, multi_class=ovr)' failed and error score 0.0 has been returned instead. If this is a custom metric, this usually means that the error is in the metric code. Full exception below:
Traceback (most recent call last):
  File "C:\Users\User\miniconda3\envs\py3_11_9\Lib\site-packages\pycaret\internal\metrics.py", line 196, in _score
    return super()._score(
           ^^^^^^^^^^^^^^^
  File "C:\Users\User\miniconda3\envs\py3_11_9\Lib\site-packages\sklearn\metrics\_scorer.py", line 350, in _score
    return self._sign * self._score_func(y_true, y_pred, **scoring_kwargs)
                        ^^^^^^^^^^^^^^^^^^^^^^^^^^^^^^^^^^^^^^^^^^^^^^^^^^
  File "C:\Users\User\miniconda3\envs\py3_11_9\Lib\site-packages\pycaret\internal\metrics.py", line 144, in __call__
    return self.score_func(y_true, y_pred, **kwargs)
           ^^^^^^^^^^^^^^^^^^^^^^^^^^^^^^^^^^^^^^^^^
  File "C:\Users\User\miniconda3\envs\py3_11_9\Lib\site-packages\sklearn\utils\_param_validation.py", line 213, in wrapper
    return func(*args, **kwargs)
           ^^^^^^^^^^^^^^^^^^^^^
  File "C:\Users\User\miniconda3\envs\py3_11_9\Lib\site-packages\sklearn\metrics\_ranking.py", line 634, in roc_auc_score
    return _multiclass_roc_auc_score(
           ^^^^^^^^^^^^^^^^^^^^^^^^^^
  File "C:\Users\User\miniconda3\envs\py3_11_9\Lib\site-packages\sklearn\metrics\_ranking.py", line 707, in _multiclass_roc_auc_score
    raise ValueError(
ValueError: Target scores need to be probabilities for multiclass roc_auc, i.e. they should sum up to 1.0 over classes

  warnings.warn(

2025-10-31 11:10:20,024:WARNING:C:\Users\User\miniconda3\envs\py3_11_9\Lib\site-packages\sklearn\metrics\_classification.py:1561: UserWarning: Note that pos_label (set to 'G') is ignored when average != 'binary' (got 'weighted'). You may use labels=[pos_label] to specify a single positive class.
  warnings.warn(

2025-10-31 11:10:20,024:WARNING:C:\Users\User\miniconda3\envs\py3_11_9\Lib\site-packages\pycaret\internal\metrics.py:204: FitFailedWarning: Metric 'make_scorer(roc_auc_score, response_method=('decision_function', 'predict_proba'), average=weighted, multi_class=ovr)' failed and error score 0.0 has been returned instead. If this is a custom metric, this usually means that the error is in the metric code. Full exception below:
Traceback (most recent call last):
  File "C:\Users\User\miniconda3\envs\py3_11_9\Lib\site-packages\pycaret\internal\metrics.py", line 196, in _score
    return super()._score(
           ^^^^^^^^^^^^^^^
  File "C:\Users\User\miniconda3\envs\py3_11_9\Lib\site-packages\sklearn\metrics\_scorer.py", line 350, in _score
    return self._sign * self._score_func(y_true, y_pred, **scoring_kwargs)
                        ^^^^^^^^^^^^^^^^^^^^^^^^^^^^^^^^^^^^^^^^^^^^^^^^^^
  File "C:\Users\User\miniconda3\envs\py3_11_9\Lib\site-packages\pycaret\internal\metrics.py", line 144, in __call__
    return self.score_func(y_true, y_pred, **kwargs)
           ^^^^^^^^^^^^^^^^^^^^^^^^^^^^^^^^^^^^^^^^^
  File "C:\Users\User\miniconda3\envs\py3_11_9\Lib\site-packages\sklearn\utils\_param_validation.py", line 213, in wrapper
    return func(*args, **kwargs)
           ^^^^^^^^^^^^^^^^^^^^^
  File "C:\Users\User\miniconda3\envs\py3_11_9\Lib\site-packages\sklearn\metrics\_ranking.py", line 634, in roc_auc_score
    return _multiclass_roc_auc_score(
           ^^^^^^^^^^^^^^^^^^^^^^^^^^
  File "C:\Users\User\miniconda3\envs\py3_11_9\Lib\site-packages\sklearn\metrics\_ranking.py", line 707, in _multiclass_roc_auc_score
    raise ValueError(
ValueError: Target scores need to be probabilities for multiclass roc_auc, i.e. they should sum up to 1.0 over classes

  warnings.warn(

2025-10-31 11:10:20,032:WARNING:C:\Users\User\miniconda3\envs\py3_11_9\Lib\site-packages\pycaret\internal\metrics.py:204: FitFailedWarning: Metric 'make_scorer(roc_auc_score, response_method=('decision_function', 'predict_proba'), average=weighted, multi_class=ovr)' failed and error score 0.0 has been returned instead. If this is a custom metric, this usually means that the error is in the metric code. Full exception below:
Traceback (most recent call last):
  File "C:\Users\User\miniconda3\envs\py3_11_9\Lib\site-packages\pycaret\internal\metrics.py", line 196, in _score
    return super()._score(
           ^^^^^^^^^^^^^^^
  File "C:\Users\User\miniconda3\envs\py3_11_9\Lib\site-packages\sklearn\metrics\_scorer.py", line 350, in _score
    return self._sign * self._score_func(y_true, y_pred, **scoring_kwargs)
                        ^^^^^^^^^^^^^^^^^^^^^^^^^^^^^^^^^^^^^^^^^^^^^^^^^^
  File "C:\Users\User\miniconda3\envs\py3_11_9\Lib\site-packages\pycaret\internal\metrics.py", line 144, in __call__
    return self.score_func(y_true, y_pred, **kwargs)
           ^^^^^^^^^^^^^^^^^^^^^^^^^^^^^^^^^^^^^^^^^
  File "C:\Users\User\miniconda3\envs\py3_11_9\Lib\site-packages\sklearn\utils\_param_validation.py", line 213, in wrapper
    return func(*args, **kwargs)
           ^^^^^^^^^^^^^^^^^^^^^
  File "C:\Users\User\miniconda3\envs\py3_11_9\Lib\site-packages\sklearn\metrics\_ranking.py", line 634, in roc_auc_score
    return _multiclass_roc_auc_score(
           ^^^^^^^^^^^^^^^^^^^^^^^^^^
  File "C:\Users\User\miniconda3\envs\py3_11_9\Lib\site-packages\sklearn\metrics\_ranking.py", line 707, in _multiclass_roc_auc_score
    raise ValueError(
ValueError: Target scores need to be probabilities for multiclass roc_auc, i.e. they should sum up to 1.0 over classes

  warnings.warn(

2025-10-31 11:10:20,032:WARNING:C:\Users\User\miniconda3\envs\py3_11_9\Lib\site-packages\pycaret\internal\metrics.py:204: FitFailedWarning: Metric 'make_scorer(roc_auc_score, response_method=('decision_function', 'predict_proba'), average=weighted, multi_class=ovr)' failed and error score 0.0 has been returned instead. If this is a custom metric, this usually means that the error is in the metric code. Full exception below:
Traceback (most recent call last):
  File "C:\Users\User\miniconda3\envs\py3_11_9\Lib\site-packages\pycaret\internal\metrics.py", line 196, in _score
    return super()._score(
           ^^^^^^^^^^^^^^^
  File "C:\Users\User\miniconda3\envs\py3_11_9\Lib\site-packages\sklearn\metrics\_scorer.py", line 350, in _score
    return self._sign * self._score_func(y_true, y_pred, **scoring_kwargs)
                        ^^^^^^^^^^^^^^^^^^^^^^^^^^^^^^^^^^^^^^^^^^^^^^^^^^
  File "C:\Users\User\miniconda3\envs\py3_11_9\Lib\site-packages\pycaret\internal\metrics.py", line 144, in __call__
    return self.score_func(y_true, y_pred, **kwargs)
           ^^^^^^^^^^^^^^^^^^^^^^^^^^^^^^^^^^^^^^^^^
  File "C:\Users\User\miniconda3\envs\py3_11_9\Lib\site-packages\sklearn\utils\_param_validation.py", line 213, in wrapper
    return func(*args, **kwargs)
           ^^^^^^^^^^^^^^^^^^^^^
  File "C:\Users\User\miniconda3\envs\py3_11_9\Lib\site-packages\sklearn\metrics\_ranking.py", line 634, in roc_auc_score
    return _multiclass_roc_auc_score(
           ^^^^^^^^^^^^^^^^^^^^^^^^^^
  File "C:\Users\User\miniconda3\envs\py3_11_9\Lib\site-packages\sklearn\metrics\_ranking.py", line 707, in _multiclass_roc_auc_score
    raise ValueError(
ValueError: Target scores need to be probabilities for multiclass roc_auc, i.e. they should sum up to 1.0 over classes

  warnings.warn(

2025-10-31 11:10:20,032:WARNING:C:\Users\User\miniconda3\envs\py3_11_9\Lib\site-packages\sklearn\metrics\_classification.py:1561: UserWarning: Note that pos_label (set to 'G') is ignored when average != 'binary' (got 'weighted'). You may use labels=[pos_label] to specify a single positive class.
  warnings.warn(

2025-10-31 11:10:20,035:WARNING:C:\Users\User\miniconda3\envs\py3_11_9\Lib\site-packages\sklearn\metrics\_classification.py:1561: UserWarning: Note that pos_label (set to 'G') is ignored when average != 'binary' (got 'weighted'). You may use labels=[pos_label] to specify a single positive class.
  warnings.warn(

2025-10-31 11:10:20,037:WARNING:C:\Users\User\miniconda3\envs\py3_11_9\Lib\site-packages\sklearn\metrics\_classification.py:1509: UndefinedMetricWarning: Precision is ill-defined and being set to 0.0 in labels with no predicted samples. Use `zero_division` parameter to control this behavior.
  _warn_prf(average, modifier, f"{metric.capitalize()} is", len(result))

2025-10-31 11:10:20,037:WARNING:C:\Users\User\miniconda3\envs\py3_11_9\Lib\site-packages\sklearn\metrics\_classification.py:1561: UserWarning: Note that pos_label (set to 'G') is ignored when average != 'binary' (got 'weighted'). You may use labels=[pos_label] to specify a single positive class.
  warnings.warn(

2025-10-31 11:10:20,038:WARNING:C:\Users\User\miniconda3\envs\py3_11_9\Lib\site-packages\sklearn\metrics\_classification.py:1509: UndefinedMetricWarning: Precision is ill-defined and being set to 0.0 in labels with no predicted samples. Use `zero_division` parameter to control this behavior.
  _warn_prf(average, modifier, f"{metric.capitalize()} is", len(result))

2025-10-31 11:10:20,039:WARNING:C:\Users\User\miniconda3\envs\py3_11_9\Lib\site-packages\sklearn\metrics\_classification.py:1561: UserWarning: Note that pos_label (set to 'G') is ignored when average != 'binary' (got 'weighted'). You may use labels=[pos_label] to specify a single positive class.
  warnings.warn(

2025-10-31 11:10:20,040:WARNING:C:\Users\User\miniconda3\envs\py3_11_9\Lib\site-packages\sklearn\metrics\_classification.py:1509: UndefinedMetricWarning: Precision is ill-defined and being set to 0.0 in labels with no predicted samples. Use `zero_division` parameter to control this behavior.
  _warn_prf(average, modifier, f"{metric.capitalize()} is", len(result))

2025-10-31 11:10:20,041:WARNING:C:\Users\User\miniconda3\envs\py3_11_9\Lib\site-packages\sklearn\metrics\_classification.py:1561: UserWarning: Note that pos_label (set to 'G') is ignored when average != 'binary' (got 'weighted'). You may use labels=[pos_label] to specify a single positive class.
  warnings.warn(

2025-10-31 11:10:20,042:WARNING:C:\Users\User\miniconda3\envs\py3_11_9\Lib\site-packages\sklearn\metrics\_classification.py:1561: UserWarning: Note that pos_label (set to 'G') is ignored when average != 'binary' (got 'weighted'). You may use labels=[pos_label] to specify a single positive class.
  warnings.warn(

2025-10-31 11:10:20,044:WARNING:C:\Users\User\miniconda3\envs\py3_11_9\Lib\site-packages\sklearn\metrics\_classification.py:1561: UserWarning: Note that pos_label (set to 'G') is ignored when average != 'binary' (got 'weighted'). You may use labels=[pos_label] to specify a single positive class.
  warnings.warn(

2025-10-31 11:10:20,046:WARNING:C:\Users\User\miniconda3\envs\py3_11_9\Lib\site-packages\sklearn\metrics\_classification.py:1561: UserWarning: Note that pos_label (set to 'G') is ignored when average != 'binary' (got 'weighted'). You may use labels=[pos_label] to specify a single positive class.
  warnings.warn(

2025-10-31 11:10:20,048:WARNING:C:\Users\User\miniconda3\envs\py3_11_9\Lib\site-packages\sklearn\metrics\_classification.py:1561: UserWarning: Note that pos_label (set to 'G') is ignored when average != 'binary' (got 'weighted'). You may use labels=[pos_label] to specify a single positive class.
  warnings.warn(

2025-10-31 11:10:20,054:WARNING:C:\Users\User\miniconda3\envs\py3_11_9\Lib\site-packages\sklearn\metrics\_classification.py:1561: UserWarning: Note that pos_label (set to 'G') is ignored when average != 'binary' (got 'weighted'). You may use labels=[pos_label] to specify a single positive class.
  warnings.warn(

2025-10-31 11:10:20,054:WARNING:C:\Users\User\miniconda3\envs\py3_11_9\Lib\site-packages\sklearn\metrics\_classification.py:1561: UserWarning: Note that pos_label (set to 'G') is ignored when average != 'binary' (got 'weighted'). You may use labels=[pos_label] to specify a single positive class.
  warnings.warn(

2025-10-31 11:10:20,055:WARNING:C:\Users\User\miniconda3\envs\py3_11_9\Lib\site-packages\sklearn\metrics\_classification.py:1561: UserWarning: Note that pos_label (set to 'G') is ignored when average != 'binary' (got 'weighted'). You may use labels=[pos_label] to specify a single positive class.
  warnings.warn(

2025-10-31 11:10:20,056:WARNING:C:\Users\User\miniconda3\envs\py3_11_9\Lib\site-packages\sklearn\metrics\_classification.py:1561: UserWarning: Note that pos_label (set to 'G') is ignored when average != 'binary' (got 'weighted'). You may use labels=[pos_label] to specify a single positive class.
  warnings.warn(

2025-10-31 11:10:20,061:WARNING:C:\Users\User\miniconda3\envs\py3_11_9\Lib\site-packages\sklearn\metrics\_classification.py:1561: UserWarning: Note that pos_label (set to 'G') is ignored when average != 'binary' (got 'weighted'). You may use labels=[pos_label] to specify a single positive class.
  warnings.warn(

2025-10-31 11:10:20,062:WARNING:C:\Users\User\miniconda3\envs\py3_11_9\Lib\site-packages\sklearn\metrics\_classification.py:1561: UserWarning: Note that pos_label (set to 'G') is ignored when average != 'binary' (got 'weighted'). You may use labels=[pos_label] to specify a single positive class.
  warnings.warn(

2025-10-31 11:10:20,063:WARNING:C:\Users\User\miniconda3\envs\py3_11_9\Lib\site-packages\sklearn\metrics\_classification.py:1509: UndefinedMetricWarning: Precision is ill-defined and being set to 0.0 in labels with no predicted samples. Use `zero_division` parameter to control this behavior.
  _warn_prf(average, modifier, f"{metric.capitalize()} is", len(result))

2025-10-31 11:10:20,064:WARNING:C:\Users\User\miniconda3\envs\py3_11_9\Lib\site-packages\sklearn\metrics\_classification.py:1509: UndefinedMetricWarning: Precision is ill-defined and being set to 0.0 in labels with no predicted samples. Use `zero_division` parameter to control this behavior.
  _warn_prf(average, modifier, f"{metric.capitalize()} is", len(result))

2025-10-31 11:10:20,067:WARNING:C:\Users\User\miniconda3\envs\py3_11_9\Lib\site-packages\sklearn\metrics\_classification.py:1509: UndefinedMetricWarning: Precision is ill-defined and being set to 0.0 in labels with no predicted samples. Use `zero_division` parameter to control this behavior.
  _warn_prf(average, modifier, f"{metric.capitalize()} is", len(result))

2025-10-31 11:10:20,069:WARNING:C:\Users\User\miniconda3\envs\py3_11_9\Lib\site-packages\sklearn\metrics\_classification.py:1509: UndefinedMetricWarning: Precision is ill-defined and being set to 0.0 in labels with no predicted samples. Use `zero_division` parameter to control this behavior.
  _warn_prf(average, modifier, f"{metric.capitalize()} is", len(result))

2025-10-31 11:10:20,071:WARNING:C:\Users\User\miniconda3\envs\py3_11_9\Lib\site-packages\sklearn\metrics\_classification.py:1561: UserWarning: Note that pos_label (set to 'G') is ignored when average != 'binary' (got 'weighted'). You may use labels=[pos_label] to specify a single positive class.
  warnings.warn(

2025-10-31 11:10:20,073:WARNING:C:\Users\User\miniconda3\envs\py3_11_9\Lib\site-packages\sklearn\metrics\_classification.py:1561: UserWarning: Note that pos_label (set to 'G') is ignored when average != 'binary' (got 'weighted'). You may use labels=[pos_label] to specify a single positive class.
  warnings.warn(

2025-10-31 11:10:20,074:WARNING:C:\Users\User\miniconda3\envs\py3_11_9\Lib\site-packages\sklearn\metrics\_classification.py:1509: UndefinedMetricWarning: Precision is ill-defined and being set to 0.0 in labels with no predicted samples. Use `zero_division` parameter to control this behavior.
  _warn_prf(average, modifier, f"{metric.capitalize()} is", len(result))

2025-10-31 11:10:20,075:WARNING:C:\Users\User\miniconda3\envs\py3_11_9\Lib\site-packages\sklearn\metrics\_classification.py:1509: UndefinedMetricWarning: Precision is ill-defined and being set to 0.0 in labels with no predicted samples. Use `zero_division` parameter to control this behavior.
  _warn_prf(average, modifier, f"{metric.capitalize()} is", len(result))

2025-10-31 11:10:20,078:WARNING:C:\Users\User\miniconda3\envs\py3_11_9\Lib\site-packages\sklearn\metrics\_classification.py:1561: UserWarning: Note that pos_label (set to 'G') is ignored when average != 'binary' (got 'weighted'). You may use labels=[pos_label] to specify a single positive class.
  warnings.warn(

2025-10-31 11:10:20,079:WARNING:C:\Users\User\miniconda3\envs\py3_11_9\Lib\site-packages\sklearn\metrics\_classification.py:1561: UserWarning: Note that pos_label (set to 'G') is ignored when average != 'binary' (got 'weighted'). You may use labels=[pos_label] to specify a single positive class.
  warnings.warn(

2025-10-31 11:10:20,081:WARNING:C:\Users\User\miniconda3\envs\py3_11_9\Lib\site-packages\sklearn\metrics\_classification.py:1561: UserWarning: Note that pos_label (set to 'G') is ignored when average != 'binary' (got 'weighted'). You may use labels=[pos_label] to specify a single positive class.
  warnings.warn(

2025-10-31 11:10:20,085:WARNING:C:\Users\User\miniconda3\envs\py3_11_9\Lib\site-packages\sklearn\metrics\_classification.py:1561: UserWarning: Note that pos_label (set to 'G') is ignored when average != 'binary' (got 'weighted'). You may use labels=[pos_label] to specify a single positive class.
  warnings.warn(

2025-10-31 11:10:20,118:INFO:Calculating mean and std
2025-10-31 11:10:20,118:INFO:Creating metrics dataframe
2025-10-31 11:10:20,120:INFO:Uploading results into container
2025-10-31 11:10:20,121:INFO:Uploading model into container now
2025-10-31 11:10:20,121:INFO:_master_model_container: 6
2025-10-31 11:10:20,121:INFO:_display_container: 2
2025-10-31 11:10:20,121:INFO:RidgeClassifier(alpha=1.0, class_weight=None, copy_X=True, fit_intercept=True,
                max_iter=None, positive=False, random_state=123, solver='auto',
                tol=0.0001)
2025-10-31 11:10:20,122:INFO:create_model() successfully completed......................................
2025-10-31 11:10:20,168:INFO:SubProcess create_model() end ==================================
2025-10-31 11:10:20,168:INFO:Creating metrics dataframe
2025-10-31 11:10:20,168:INFO:Initializing Random Forest Classifier
2025-10-31 11:10:20,168:INFO:Total runtime is 0.38375874360402423 minutes
2025-10-31 11:10:20,183:INFO:SubProcess create_model() called ==================================
2025-10-31 11:10:20,183:INFO:Initializing create_model()
2025-10-31 11:10:20,183:INFO:create_model(self=<pycaret.classification.oop.ClassificationExperiment object at 0x000002AFB47C1D10>, estimator=rf, fold=StratifiedKFold(n_splits=10, random_state=None, shuffle=False), round=4, cross_validation=True, predict=True, fit_kwargs={}, groups=None, refit=False, probability_threshold=None, experiment_custom_tags=None, verbose=False, system=False, add_to_model_list=True, metrics=None, display=<pycaret.internal.display.display.CommonDisplay object at 0x000002AFB4FC4410>, model_only=True, return_train_score=False, error_score=0.0, kwargs={})
2025-10-31 11:10:20,183:INFO:Checking exceptions
2025-10-31 11:10:20,183:INFO:Importing libraries
2025-10-31 11:10:20,183:INFO:Copying training dataset
2025-10-31 11:10:20,183:INFO:Defining folds
2025-10-31 11:10:20,183:INFO:Declaring metric variables
2025-10-31 11:10:20,183:INFO:Importing untrained model
2025-10-31 11:10:20,183:INFO:Random Forest Classifier Imported successfully
2025-10-31 11:10:20,183:INFO:Starting cross validation
2025-10-31 11:10:20,199:INFO:Cross validating with StratifiedKFold(n_splits=10, random_state=None, shuffle=False), n_jobs=-1
2025-10-31 11:10:24,205:WARNING:C:\Users\User\miniconda3\envs\py3_11_9\Lib\site-packages\sklearn\metrics\_classification.py:1561: UserWarning: Note that pos_label (set to 'G') is ignored when average != 'binary' (got 'weighted'). You may use labels=[pos_label] to specify a single positive class.
  warnings.warn(

2025-10-31 11:10:24,229:WARNING:C:\Users\User\miniconda3\envs\py3_11_9\Lib\site-packages\sklearn\metrics\_classification.py:1561: UserWarning: Note that pos_label (set to 'G') is ignored when average != 'binary' (got 'weighted'). You may use labels=[pos_label] to specify a single positive class.
  warnings.warn(

2025-10-31 11:10:24,248:WARNING:C:\Users\User\miniconda3\envs\py3_11_9\Lib\site-packages\sklearn\metrics\_classification.py:1561: UserWarning: Note that pos_label (set to 'G') is ignored when average != 'binary' (got 'weighted'). You may use labels=[pos_label] to specify a single positive class.
  warnings.warn(

2025-10-31 11:10:24,249:WARNING:C:\Users\User\miniconda3\envs\py3_11_9\Lib\site-packages\sklearn\metrics\_classification.py:1561: UserWarning: Note that pos_label (set to 'G') is ignored when average != 'binary' (got 'weighted'). You may use labels=[pos_label] to specify a single positive class.
  warnings.warn(

2025-10-31 11:10:24,250:WARNING:C:\Users\User\miniconda3\envs\py3_11_9\Lib\site-packages\sklearn\metrics\_classification.py:1561: UserWarning: Note that pos_label (set to 'G') is ignored when average != 'binary' (got 'weighted'). You may use labels=[pos_label] to specify a single positive class.
  warnings.warn(

2025-10-31 11:10:24,250:WARNING:C:\Users\User\miniconda3\envs\py3_11_9\Lib\site-packages\sklearn\metrics\_classification.py:1561: UserWarning: Note that pos_label (set to 'G') is ignored when average != 'binary' (got 'weighted'). You may use labels=[pos_label] to specify a single positive class.
  warnings.warn(

2025-10-31 11:10:24,259:WARNING:C:\Users\User\miniconda3\envs\py3_11_9\Lib\site-packages\sklearn\metrics\_classification.py:1561: UserWarning: Note that pos_label (set to 'G') is ignored when average != 'binary' (got 'weighted'). You may use labels=[pos_label] to specify a single positive class.
  warnings.warn(

2025-10-31 11:10:24,260:WARNING:C:\Users\User\miniconda3\envs\py3_11_9\Lib\site-packages\sklearn\metrics\_classification.py:1561: UserWarning: Note that pos_label (set to 'G') is ignored when average != 'binary' (got 'weighted'). You may use labels=[pos_label] to specify a single positive class.
  warnings.warn(

2025-10-31 11:10:24,262:WARNING:C:\Users\User\miniconda3\envs\py3_11_9\Lib\site-packages\sklearn\metrics\_classification.py:1561: UserWarning: Note that pos_label (set to 'G') is ignored when average != 'binary' (got 'weighted'). You may use labels=[pos_label] to specify a single positive class.
  warnings.warn(

2025-10-31 11:10:24,266:WARNING:C:\Users\User\miniconda3\envs\py3_11_9\Lib\site-packages\sklearn\metrics\_classification.py:1561: UserWarning: Note that pos_label (set to 'G') is ignored when average != 'binary' (got 'weighted'). You may use labels=[pos_label] to specify a single positive class.
  warnings.warn(

2025-10-31 11:10:24,266:WARNING:C:\Users\User\miniconda3\envs\py3_11_9\Lib\site-packages\sklearn\metrics\_classification.py:1509: UndefinedMetricWarning: Precision is ill-defined and being set to 0.0 in labels with no predicted samples. Use `zero_division` parameter to control this behavior.
  _warn_prf(average, modifier, f"{metric.capitalize()} is", len(result))

2025-10-31 11:10:24,281:WARNING:C:\Users\User\miniconda3\envs\py3_11_9\Lib\site-packages\sklearn\metrics\_classification.py:1561: UserWarning: Note that pos_label (set to 'G') is ignored when average != 'binary' (got 'weighted'). You may use labels=[pos_label] to specify a single positive class.
  warnings.warn(

2025-10-31 11:10:24,282:WARNING:C:\Users\User\miniconda3\envs\py3_11_9\Lib\site-packages\sklearn\metrics\_classification.py:1561: UserWarning: Note that pos_label (set to 'G') is ignored when average != 'binary' (got 'weighted'). You may use labels=[pos_label] to specify a single positive class.
  warnings.warn(

2025-10-31 11:10:24,286:WARNING:C:\Users\User\miniconda3\envs\py3_11_9\Lib\site-packages\sklearn\metrics\_classification.py:1561: UserWarning: Note that pos_label (set to 'G') is ignored when average != 'binary' (got 'weighted'). You may use labels=[pos_label] to specify a single positive class.
  warnings.warn(

2025-10-31 11:10:24,286:WARNING:C:\Users\User\miniconda3\envs\py3_11_9\Lib\site-packages\sklearn\metrics\_classification.py:1561: UserWarning: Note that pos_label (set to 'G') is ignored when average != 'binary' (got 'weighted'). You may use labels=[pos_label] to specify a single positive class.
  warnings.warn(

2025-10-31 11:10:24,295:WARNING:C:\Users\User\miniconda3\envs\py3_11_9\Lib\site-packages\sklearn\metrics\_classification.py:1561: UserWarning: Note that pos_label (set to 'G') is ignored when average != 'binary' (got 'weighted'). You may use labels=[pos_label] to specify a single positive class.
  warnings.warn(

2025-10-31 11:10:24,296:WARNING:C:\Users\User\miniconda3\envs\py3_11_9\Lib\site-packages\sklearn\metrics\_classification.py:1561: UserWarning: Note that pos_label (set to 'G') is ignored when average != 'binary' (got 'weighted'). You may use labels=[pos_label] to specify a single positive class.
  warnings.warn(

2025-10-31 11:10:24,298:WARNING:C:\Users\User\miniconda3\envs\py3_11_9\Lib\site-packages\sklearn\metrics\_classification.py:1561: UserWarning: Note that pos_label (set to 'G') is ignored when average != 'binary' (got 'weighted'). You may use labels=[pos_label] to specify a single positive class.
  warnings.warn(

2025-10-31 11:10:24,300:WARNING:C:\Users\User\miniconda3\envs\py3_11_9\Lib\site-packages\sklearn\metrics\_classification.py:1509: UndefinedMetricWarning: Precision is ill-defined and being set to 0.0 in labels with no predicted samples. Use `zero_division` parameter to control this behavior.
  _warn_prf(average, modifier, f"{metric.capitalize()} is", len(result))

2025-10-31 11:10:24,304:WARNING:C:\Users\User\miniconda3\envs\py3_11_9\Lib\site-packages\sklearn\metrics\_classification.py:1561: UserWarning: Note that pos_label (set to 'G') is ignored when average != 'binary' (got 'weighted'). You may use labels=[pos_label] to specify a single positive class.
  warnings.warn(

2025-10-31 11:10:24,305:WARNING:C:\Users\User\miniconda3\envs\py3_11_9\Lib\site-packages\sklearn\metrics\_classification.py:1509: UndefinedMetricWarning: Precision is ill-defined and being set to 0.0 in labels with no predicted samples. Use `zero_division` parameter to control this behavior.
  _warn_prf(average, modifier, f"{metric.capitalize()} is", len(result))

2025-10-31 11:10:24,314:WARNING:C:\Users\User\miniconda3\envs\py3_11_9\Lib\site-packages\sklearn\metrics\_classification.py:1561: UserWarning: Note that pos_label (set to 'G') is ignored when average != 'binary' (got 'weighted'). You may use labels=[pos_label] to specify a single positive class.
  warnings.warn(

2025-10-31 11:10:24,315:WARNING:C:\Users\User\miniconda3\envs\py3_11_9\Lib\site-packages\sklearn\metrics\_classification.py:1509: UndefinedMetricWarning: Precision is ill-defined and being set to 0.0 in labels with no predicted samples. Use `zero_division` parameter to control this behavior.
  _warn_prf(average, modifier, f"{metric.capitalize()} is", len(result))

2025-10-31 11:10:24,317:WARNING:C:\Users\User\miniconda3\envs\py3_11_9\Lib\site-packages\sklearn\metrics\_classification.py:1509: UndefinedMetricWarning: Precision is ill-defined and being set to 0.0 in labels with no predicted samples. Use `zero_division` parameter to control this behavior.
  _warn_prf(average, modifier, f"{metric.capitalize()} is", len(result))

2025-10-31 11:10:24,322:WARNING:C:\Users\User\miniconda3\envs\py3_11_9\Lib\site-packages\sklearn\metrics\_classification.py:1561: UserWarning: Note that pos_label (set to 'G') is ignored when average != 'binary' (got 'weighted'). You may use labels=[pos_label] to specify a single positive class.
  warnings.warn(

2025-10-31 11:10:24,322:WARNING:C:\Users\User\miniconda3\envs\py3_11_9\Lib\site-packages\sklearn\metrics\_classification.py:1561: UserWarning: Note that pos_label (set to 'G') is ignored when average != 'binary' (got 'weighted'). You may use labels=[pos_label] to specify a single positive class.
  warnings.warn(

2025-10-31 11:10:24,332:WARNING:C:\Users\User\miniconda3\envs\py3_11_9\Lib\site-packages\sklearn\metrics\_classification.py:1509: UndefinedMetricWarning: Precision is ill-defined and being set to 0.0 in labels with no predicted samples. Use `zero_division` parameter to control this behavior.
  _warn_prf(average, modifier, f"{metric.capitalize()} is", len(result))

2025-10-31 11:10:24,334:WARNING:C:\Users\User\miniconda3\envs\py3_11_9\Lib\site-packages\sklearn\metrics\_classification.py:1561: UserWarning: Note that pos_label (set to 'G') is ignored when average != 'binary' (got 'weighted'). You may use labels=[pos_label] to specify a single positive class.
  warnings.warn(

2025-10-31 11:10:24,338:WARNING:C:\Users\User\miniconda3\envs\py3_11_9\Lib\site-packages\sklearn\metrics\_classification.py:1561: UserWarning: Note that pos_label (set to 'G') is ignored when average != 'binary' (got 'weighted'). You may use labels=[pos_label] to specify a single positive class.
  warnings.warn(

2025-10-31 11:10:24,345:WARNING:C:\Users\User\miniconda3\envs\py3_11_9\Lib\site-packages\sklearn\metrics\_classification.py:1561: UserWarning: Note that pos_label (set to 'G') is ignored when average != 'binary' (got 'weighted'). You may use labels=[pos_label] to specify a single positive class.
  warnings.warn(

2025-10-31 11:10:24,361:WARNING:C:\Users\User\miniconda3\envs\py3_11_9\Lib\site-packages\sklearn\metrics\_classification.py:1561: UserWarning: Note that pos_label (set to 'G') is ignored when average != 'binary' (got 'weighted'). You may use labels=[pos_label] to specify a single positive class.
  warnings.warn(

2025-10-31 11:10:24,372:WARNING:C:\Users\User\miniconda3\envs\py3_11_9\Lib\site-packages\sklearn\metrics\_classification.py:1561: UserWarning: Note that pos_label (set to 'G') is ignored when average != 'binary' (got 'weighted'). You may use labels=[pos_label] to specify a single positive class.
  warnings.warn(

2025-10-31 11:10:24,376:WARNING:C:\Users\User\miniconda3\envs\py3_11_9\Lib\site-packages\sklearn\metrics\_classification.py:1561: UserWarning: Note that pos_label (set to 'G') is ignored when average != 'binary' (got 'weighted'). You may use labels=[pos_label] to specify a single positive class.
  warnings.warn(

2025-10-31 11:10:24,383:WARNING:C:\Users\User\miniconda3\envs\py3_11_9\Lib\site-packages\sklearn\metrics\_classification.py:1561: UserWarning: Note that pos_label (set to 'G') is ignored when average != 'binary' (got 'weighted'). You may use labels=[pos_label] to specify a single positive class.
  warnings.warn(

2025-10-31 11:10:24,392:WARNING:C:\Users\User\miniconda3\envs\py3_11_9\Lib\site-packages\sklearn\metrics\_classification.py:1509: UndefinedMetricWarning: Precision is ill-defined and being set to 0.0 in labels with no predicted samples. Use `zero_division` parameter to control this behavior.
  _warn_prf(average, modifier, f"{metric.capitalize()} is", len(result))

2025-10-31 11:10:24,398:WARNING:C:\Users\User\miniconda3\envs\py3_11_9\Lib\site-packages\sklearn\metrics\_classification.py:1561: UserWarning: Note that pos_label (set to 'G') is ignored when average != 'binary' (got 'weighted'). You may use labels=[pos_label] to specify a single positive class.
  warnings.warn(

2025-10-31 11:10:24,399:WARNING:C:\Users\User\miniconda3\envs\py3_11_9\Lib\site-packages\sklearn\metrics\_classification.py:1561: UserWarning: Note that pos_label (set to 'G') is ignored when average != 'binary' (got 'weighted'). You may use labels=[pos_label] to specify a single positive class.
  warnings.warn(

2025-10-31 11:10:24,434:INFO:Calculating mean and std
2025-10-31 11:10:24,436:INFO:Creating metrics dataframe
2025-10-31 11:10:24,439:INFO:Uploading results into container
2025-10-31 11:10:24,440:INFO:Uploading model into container now
2025-10-31 11:10:24,440:INFO:_master_model_container: 7
2025-10-31 11:10:24,441:INFO:_display_container: 2
2025-10-31 11:10:24,441:INFO:RandomForestClassifier(bootstrap=True, ccp_alpha=0.0, class_weight=None,
                       criterion='gini', max_depth=None, max_features='sqrt',
                       max_leaf_nodes=None, max_samples=None,
                       min_impurity_decrease=0.0, min_samples_leaf=1,
                       min_samples_split=2, min_weight_fraction_leaf=0.0,
                       monotonic_cst=None, n_estimators=100, n_jobs=-1,
                       oob_score=False, random_state=123, verbose=0,
                       warm_start=False)
2025-10-31 11:10:24,442:INFO:create_model() successfully completed......................................
2025-10-31 11:10:24,503:INFO:SubProcess create_model() end ==================================
2025-10-31 11:10:24,503:INFO:Creating metrics dataframe
2025-10-31 11:10:24,508:INFO:Initializing Quadratic Discriminant Analysis
2025-10-31 11:10:24,508:INFO:Total runtime is 0.45610357920328776 minutes
2025-10-31 11:10:24,510:INFO:SubProcess create_model() called ==================================
2025-10-31 11:10:24,510:INFO:Initializing create_model()
2025-10-31 11:10:24,510:INFO:create_model(self=<pycaret.classification.oop.ClassificationExperiment object at 0x000002AFB47C1D10>, estimator=qda, fold=StratifiedKFold(n_splits=10, random_state=None, shuffle=False), round=4, cross_validation=True, predict=True, fit_kwargs={}, groups=None, refit=False, probability_threshold=None, experiment_custom_tags=None, verbose=False, system=False, add_to_model_list=True, metrics=None, display=<pycaret.internal.display.display.CommonDisplay object at 0x000002AFB4FC4410>, model_only=True, return_train_score=False, error_score=0.0, kwargs={})
2025-10-31 11:10:24,510:INFO:Checking exceptions
2025-10-31 11:10:24,510:INFO:Importing libraries
2025-10-31 11:10:24,510:INFO:Copying training dataset
2025-10-31 11:10:24,516:INFO:Defining folds
2025-10-31 11:10:24,516:INFO:Declaring metric variables
2025-10-31 11:10:24,518:INFO:Importing untrained model
2025-10-31 11:10:24,520:INFO:Quadratic Discriminant Analysis Imported successfully
2025-10-31 11:10:24,524:INFO:Starting cross validation
2025-10-31 11:10:24,525:INFO:Cross validating with StratifiedKFold(n_splits=10, random_state=None, shuffle=False), n_jobs=-1
2025-10-31 11:10:24,749:WARNING:C:\Users\User\miniconda3\envs\py3_11_9\Lib\site-packages\sklearn\discriminant_analysis.py:935: UserWarning: Variables are collinear
  warnings.warn("Variables are collinear")

2025-10-31 11:10:24,758:WARNING:C:\Users\User\miniconda3\envs\py3_11_9\Lib\site-packages\sklearn\discriminant_analysis.py:935: UserWarning: Variables are collinear
  warnings.warn("Variables are collinear")

2025-10-31 11:10:24,761:WARNING:C:\Users\User\miniconda3\envs\py3_11_9\Lib\site-packages\sklearn\discriminant_analysis.py:935: UserWarning: Variables are collinear
  warnings.warn("Variables are collinear")

2025-10-31 11:10:24,787:WARNING:C:\Users\User\miniconda3\envs\py3_11_9\Lib\site-packages\sklearn\discriminant_analysis.py:935: UserWarning: Variables are collinear
  warnings.warn("Variables are collinear")

2025-10-31 11:10:24,787:WARNING:C:\Users\User\miniconda3\envs\py3_11_9\Lib\site-packages\sklearn\discriminant_analysis.py:935: UserWarning: Variables are collinear
  warnings.warn("Variables are collinear")

2025-10-31 11:10:24,800:WARNING:C:\Users\User\miniconda3\envs\py3_11_9\Lib\site-packages\sklearn\discriminant_analysis.py:935: UserWarning: Variables are collinear
  warnings.warn("Variables are collinear")

2025-10-31 11:10:24,806:WARNING:C:\Users\User\miniconda3\envs\py3_11_9\Lib\site-packages\sklearn\discriminant_analysis.py:935: UserWarning: Variables are collinear
  warnings.warn("Variables are collinear")

2025-10-31 11:10:24,815:WARNING:C:\Users\User\miniconda3\envs\py3_11_9\Lib\site-packages\sklearn\discriminant_analysis.py:935: UserWarning: Variables are collinear
  warnings.warn("Variables are collinear")

2025-10-31 11:10:24,816:WARNING:C:\Users\User\miniconda3\envs\py3_11_9\Lib\site-packages\sklearn\discriminant_analysis.py:935: UserWarning: Variables are collinear
  warnings.warn("Variables are collinear")

2025-10-31 11:10:24,822:WARNING:C:\Users\User\miniconda3\envs\py3_11_9\Lib\site-packages\sklearn\discriminant_analysis.py:935: UserWarning: Variables are collinear
  warnings.warn("Variables are collinear")

2025-10-31 11:10:24,823:WARNING:C:\Users\User\miniconda3\envs\py3_11_9\Lib\site-packages\sklearn\discriminant_analysis.py:960: RuntimeWarning: divide by zero encountered in power
  X2 = np.dot(Xm, R * (S ** (-0.5)))

2025-10-31 11:10:24,823:WARNING:C:\Users\User\miniconda3\envs\py3_11_9\Lib\site-packages\sklearn\discriminant_analysis.py:960: RuntimeWarning: invalid value encountered in multiply
  X2 = np.dot(Xm, R * (S ** (-0.5)))

2025-10-31 11:10:24,828:WARNING:C:\Users\User\miniconda3\envs\py3_11_9\Lib\site-packages\sklearn\discriminant_analysis.py:963: RuntimeWarning: divide by zero encountered in log
  u = np.asarray([np.sum(np.log(s)) for s in self.scalings_])

2025-10-31 11:10:24,836:WARNING:C:\Users\User\miniconda3\envs\py3_11_9\Lib\site-packages\sklearn\discriminant_analysis.py:960: RuntimeWarning: divide by zero encountered in power
  X2 = np.dot(Xm, R * (S ** (-0.5)))

2025-10-31 11:10:24,836:WARNING:C:\Users\User\miniconda3\envs\py3_11_9\Lib\site-packages\sklearn\discriminant_analysis.py:960: RuntimeWarning: invalid value encountered in multiply
  X2 = np.dot(Xm, R * (S ** (-0.5)))

2025-10-31 11:10:24,836:WARNING:C:\Users\User\miniconda3\envs\py3_11_9\Lib\site-packages\sklearn\discriminant_analysis.py:960: RuntimeWarning: divide by zero encountered in power
  X2 = np.dot(Xm, R * (S ** (-0.5)))

2025-10-31 11:10:24,836:WARNING:C:\Users\User\miniconda3\envs\py3_11_9\Lib\site-packages\sklearn\discriminant_analysis.py:960: RuntimeWarning: invalid value encountered in multiply
  X2 = np.dot(Xm, R * (S ** (-0.5)))

2025-10-31 11:10:24,838:WARNING:C:\Users\User\miniconda3\envs\py3_11_9\Lib\site-packages\sklearn\discriminant_analysis.py:960: RuntimeWarning: divide by zero encountered in power
  X2 = np.dot(Xm, R * (S ** (-0.5)))

2025-10-31 11:10:24,838:WARNING:C:\Users\User\miniconda3\envs\py3_11_9\Lib\site-packages\sklearn\discriminant_analysis.py:960: RuntimeWarning: invalid value encountered in multiply
  X2 = np.dot(Xm, R * (S ** (-0.5)))

2025-10-31 11:10:24,839:WARNING:C:\Users\User\miniconda3\envs\py3_11_9\Lib\site-packages\sklearn\discriminant_analysis.py:963: RuntimeWarning: divide by zero encountered in log
  u = np.asarray([np.sum(np.log(s)) for s in self.scalings_])

2025-10-31 11:10:24,841:WARNING:C:\Users\User\miniconda3\envs\py3_11_9\Lib\site-packages\sklearn\discriminant_analysis.py:963: RuntimeWarning: divide by zero encountered in log
  u = np.asarray([np.sum(np.log(s)) for s in self.scalings_])

2025-10-31 11:10:24,843:WARNING:C:\Users\User\miniconda3\envs\py3_11_9\Lib\site-packages\sklearn\discriminant_analysis.py:963: RuntimeWarning: divide by zero encountered in log
  u = np.asarray([np.sum(np.log(s)) for s in self.scalings_])

2025-10-31 11:10:24,848:WARNING:C:\Users\User\miniconda3\envs\py3_11_9\Lib\site-packages\sklearn\discriminant_analysis.py:960: RuntimeWarning: divide by zero encountered in power
  X2 = np.dot(Xm, R * (S ** (-0.5)))

2025-10-31 11:10:24,848:WARNING:C:\Users\User\miniconda3\envs\py3_11_9\Lib\site-packages\sklearn\discriminant_analysis.py:960: RuntimeWarning: invalid value encountered in multiply
  X2 = np.dot(Xm, R * (S ** (-0.5)))

2025-10-31 11:10:24,849:WARNING:C:\Users\User\miniconda3\envs\py3_11_9\Lib\site-packages\pycaret\internal\metrics.py:204: FitFailedWarning: Metric 'make_scorer(roc_auc_score, response_method=('decision_function', 'predict_proba'), average=weighted, multi_class=ovr)' failed and error score 0.0 has been returned instead. If this is a custom metric, this usually means that the error is in the metric code. Full exception below:
Traceback (most recent call last):
  File "C:\Users\User\miniconda3\envs\py3_11_9\Lib\site-packages\pycaret\internal\metrics.py", line 196, in _score
    return super()._score(
           ^^^^^^^^^^^^^^^
  File "C:\Users\User\miniconda3\envs\py3_11_9\Lib\site-packages\sklearn\metrics\_scorer.py", line 350, in _score
    return self._sign * self._score_func(y_true, y_pred, **scoring_kwargs)
                        ^^^^^^^^^^^^^^^^^^^^^^^^^^^^^^^^^^^^^^^^^^^^^^^^^^
  File "C:\Users\User\miniconda3\envs\py3_11_9\Lib\site-packages\pycaret\internal\metrics.py", line 144, in __call__
    return self.score_func(y_true, y_pred, **kwargs)
           ^^^^^^^^^^^^^^^^^^^^^^^^^^^^^^^^^^^^^^^^^
  File "C:\Users\User\miniconda3\envs\py3_11_9\Lib\site-packages\sklearn\utils\_param_validation.py", line 213, in wrapper
    return func(*args, **kwargs)
           ^^^^^^^^^^^^^^^^^^^^^
  File "C:\Users\User\miniconda3\envs\py3_11_9\Lib\site-packages\sklearn\metrics\_ranking.py", line 619, in roc_auc_score
    y_score = check_array(y_score, ensure_2d=False)
              ^^^^^^^^^^^^^^^^^^^^^^^^^^^^^^^^^^^^^
  File "C:\Users\User\miniconda3\envs\py3_11_9\Lib\site-packages\sklearn\utils\validation.py", line 1049, in check_array
    _assert_all_finite(
  File "C:\Users\User\miniconda3\envs\py3_11_9\Lib\site-packages\sklearn\utils\validation.py", line 126, in _assert_all_finite
    _assert_all_finite_element_wise(
  File "C:\Users\User\miniconda3\envs\py3_11_9\Lib\site-packages\sklearn\utils\validation.py", line 175, in _assert_all_finite_element_wise
    raise ValueError(msg_err)
ValueError: Input contains NaN.

  warnings.warn(

2025-10-31 11:10:24,851:WARNING:C:\Users\User\miniconda3\envs\py3_11_9\Lib\site-packages\sklearn\discriminant_analysis.py:963: RuntimeWarning: divide by zero encountered in log
  u = np.asarray([np.sum(np.log(s)) for s in self.scalings_])

2025-10-31 11:10:24,852:WARNING:C:\Users\User\miniconda3\envs\py3_11_9\Lib\site-packages\sklearn\discriminant_analysis.py:960: RuntimeWarning: divide by zero encountered in power
  X2 = np.dot(Xm, R * (S ** (-0.5)))

2025-10-31 11:10:24,852:WARNING:C:\Users\User\miniconda3\envs\py3_11_9\Lib\site-packages\sklearn\discriminant_analysis.py:960: RuntimeWarning: invalid value encountered in multiply
  X2 = np.dot(Xm, R * (S ** (-0.5)))

2025-10-31 11:10:24,854:WARNING:C:\Users\User\miniconda3\envs\py3_11_9\Lib\site-packages\sklearn\discriminant_analysis.py:960: RuntimeWarning: divide by zero encountered in power
  X2 = np.dot(Xm, R * (S ** (-0.5)))

2025-10-31 11:10:24,854:WARNING:C:\Users\User\miniconda3\envs\py3_11_9\Lib\site-packages\sklearn\discriminant_analysis.py:960: RuntimeWarning: invalid value encountered in multiply
  X2 = np.dot(Xm, R * (S ** (-0.5)))

2025-10-31 11:10:24,856:WARNING:C:\Users\User\miniconda3\envs\py3_11_9\Lib\site-packages\sklearn\discriminant_analysis.py:963: RuntimeWarning: divide by zero encountered in log
  u = np.asarray([np.sum(np.log(s)) for s in self.scalings_])

2025-10-31 11:10:24,857:WARNING:C:\Users\User\miniconda3\envs\py3_11_9\Lib\site-packages\sklearn\discriminant_analysis.py:963: RuntimeWarning: divide by zero encountered in log
  u = np.asarray([np.sum(np.log(s)) for s in self.scalings_])

2025-10-31 11:10:24,858:WARNING:C:\Users\User\miniconda3\envs\py3_11_9\Lib\site-packages\pycaret\internal\metrics.py:204: FitFailedWarning: Metric 'make_scorer(roc_auc_score, response_method=('decision_function', 'predict_proba'), average=weighted, multi_class=ovr)' failed and error score 0.0 has been returned instead. If this is a custom metric, this usually means that the error is in the metric code. Full exception below:
Traceback (most recent call last):
  File "C:\Users\User\miniconda3\envs\py3_11_9\Lib\site-packages\pycaret\internal\metrics.py", line 196, in _score
    return super()._score(
           ^^^^^^^^^^^^^^^
  File "C:\Users\User\miniconda3\envs\py3_11_9\Lib\site-packages\sklearn\metrics\_scorer.py", line 350, in _score
    return self._sign * self._score_func(y_true, y_pred, **scoring_kwargs)
                        ^^^^^^^^^^^^^^^^^^^^^^^^^^^^^^^^^^^^^^^^^^^^^^^^^^
  File "C:\Users\User\miniconda3\envs\py3_11_9\Lib\site-packages\pycaret\internal\metrics.py", line 144, in __call__
    return self.score_func(y_true, y_pred, **kwargs)
           ^^^^^^^^^^^^^^^^^^^^^^^^^^^^^^^^^^^^^^^^^
  File "C:\Users\User\miniconda3\envs\py3_11_9\Lib\site-packages\sklearn\utils\_param_validation.py", line 213, in wrapper
    return func(*args, **kwargs)
           ^^^^^^^^^^^^^^^^^^^^^
  File "C:\Users\User\miniconda3\envs\py3_11_9\Lib\site-packages\sklearn\metrics\_ranking.py", line 619, in roc_auc_score
    y_score = check_array(y_score, ensure_2d=False)
              ^^^^^^^^^^^^^^^^^^^^^^^^^^^^^^^^^^^^^
  File "C:\Users\User\miniconda3\envs\py3_11_9\Lib\site-packages\sklearn\utils\validation.py", line 1049, in check_array
    _assert_all_finite(
  File "C:\Users\User\miniconda3\envs\py3_11_9\Lib\site-packages\sklearn\utils\validation.py", line 126, in _assert_all_finite
    _assert_all_finite_element_wise(
  File "C:\Users\User\miniconda3\envs\py3_11_9\Lib\site-packages\sklearn\utils\validation.py", line 175, in _assert_all_finite_element_wise
    raise ValueError(msg_err)
ValueError: Input contains NaN.

  warnings.warn(

2025-10-31 11:10:24,860:WARNING:C:\Users\User\miniconda3\envs\py3_11_9\Lib\site-packages\sklearn\metrics\_classification.py:1561: UserWarning: Note that pos_label (set to 'G') is ignored when average != 'binary' (got 'weighted'). You may use labels=[pos_label] to specify a single positive class.
  warnings.warn(

2025-10-31 11:10:24,862:WARNING:C:\Users\User\miniconda3\envs\py3_11_9\Lib\site-packages\sklearn\discriminant_analysis.py:960: RuntimeWarning: divide by zero encountered in power
  X2 = np.dot(Xm, R * (S ** (-0.5)))

2025-10-31 11:10:24,862:WARNING:C:\Users\User\miniconda3\envs\py3_11_9\Lib\site-packages\sklearn\discriminant_analysis.py:960: RuntimeWarning: invalid value encountered in multiply
  X2 = np.dot(Xm, R * (S ** (-0.5)))

2025-10-31 11:10:24,863:WARNING:C:\Users\User\miniconda3\envs\py3_11_9\Lib\site-packages\pycaret\internal\metrics.py:204: FitFailedWarning: Metric 'make_scorer(roc_auc_score, response_method=('decision_function', 'predict_proba'), average=weighted, multi_class=ovr)' failed and error score 0.0 has been returned instead. If this is a custom metric, this usually means that the error is in the metric code. Full exception below:
Traceback (most recent call last):
  File "C:\Users\User\miniconda3\envs\py3_11_9\Lib\site-packages\pycaret\internal\metrics.py", line 196, in _score
    return super()._score(
           ^^^^^^^^^^^^^^^
  File "C:\Users\User\miniconda3\envs\py3_11_9\Lib\site-packages\sklearn\metrics\_scorer.py", line 350, in _score
    return self._sign * self._score_func(y_true, y_pred, **scoring_kwargs)
                        ^^^^^^^^^^^^^^^^^^^^^^^^^^^^^^^^^^^^^^^^^^^^^^^^^^
  File "C:\Users\User\miniconda3\envs\py3_11_9\Lib\site-packages\pycaret\internal\metrics.py", line 144, in __call__
    return self.score_func(y_true, y_pred, **kwargs)
           ^^^^^^^^^^^^^^^^^^^^^^^^^^^^^^^^^^^^^^^^^
  File "C:\Users\User\miniconda3\envs\py3_11_9\Lib\site-packages\sklearn\utils\_param_validation.py", line 213, in wrapper
    return func(*args, **kwargs)
           ^^^^^^^^^^^^^^^^^^^^^
  File "C:\Users\User\miniconda3\envs\py3_11_9\Lib\site-packages\sklearn\metrics\_ranking.py", line 619, in roc_auc_score
    y_score = check_array(y_score, ensure_2d=False)
              ^^^^^^^^^^^^^^^^^^^^^^^^^^^^^^^^^^^^^
  File "C:\Users\User\miniconda3\envs\py3_11_9\Lib\site-packages\sklearn\utils\validation.py", line 1049, in check_array
    _assert_all_finite(
  File "C:\Users\User\miniconda3\envs\py3_11_9\Lib\site-packages\sklearn\utils\validation.py", line 126, in _assert_all_finite
    _assert_all_finite_element_wise(
  File "C:\Users\User\miniconda3\envs\py3_11_9\Lib\site-packages\sklearn\utils\validation.py", line 175, in _assert_all_finite_element_wise
    raise ValueError(msg_err)
ValueError: Input contains NaN.

  warnings.warn(

2025-10-31 11:10:24,864:WARNING:C:\Users\User\miniconda3\envs\py3_11_9\Lib\site-packages\sklearn\discriminant_analysis.py:960: RuntimeWarning: divide by zero encountered in power
  X2 = np.dot(Xm, R * (S ** (-0.5)))

2025-10-31 11:10:24,864:WARNING:C:\Users\User\miniconda3\envs\py3_11_9\Lib\site-packages\sklearn\discriminant_analysis.py:960: RuntimeWarning: invalid value encountered in multiply
  X2 = np.dot(Xm, R * (S ** (-0.5)))

2025-10-31 11:10:24,866:WARNING:C:\Users\User\miniconda3\envs\py3_11_9\Lib\site-packages\sklearn\discriminant_analysis.py:963: RuntimeWarning: divide by zero encountered in log
  u = np.asarray([np.sum(np.log(s)) for s in self.scalings_])

2025-10-31 11:10:24,867:WARNING:C:\Users\User\miniconda3\envs\py3_11_9\Lib\site-packages\sklearn\discriminant_analysis.py:963: RuntimeWarning: divide by zero encountered in log
  u = np.asarray([np.sum(np.log(s)) for s in self.scalings_])

2025-10-31 11:10:24,867:WARNING:C:\Users\User\miniconda3\envs\py3_11_9\Lib\site-packages\sklearn\metrics\_classification.py:1561: UserWarning: Note that pos_label (set to 'G') is ignored when average != 'binary' (got 'weighted'). You may use labels=[pos_label] to specify a single positive class.
  warnings.warn(

2025-10-31 11:10:24,867:WARNING:C:\Users\User\miniconda3\envs\py3_11_9\Lib\site-packages\sklearn\discriminant_analysis.py:960: RuntimeWarning: divide by zero encountered in power
  X2 = np.dot(Xm, R * (S ** (-0.5)))

2025-10-31 11:10:24,867:WARNING:C:\Users\User\miniconda3\envs\py3_11_9\Lib\site-packages\sklearn\discriminant_analysis.py:960: RuntimeWarning: invalid value encountered in multiply
  X2 = np.dot(Xm, R * (S ** (-0.5)))

2025-10-31 11:10:24,869:WARNING:C:\Users\User\miniconda3\envs\py3_11_9\Lib\site-packages\sklearn\discriminant_analysis.py:960: RuntimeWarning: divide by zero encountered in power
  X2 = np.dot(Xm, R * (S ** (-0.5)))

2025-10-31 11:10:24,869:WARNING:C:\Users\User\miniconda3\envs\py3_11_9\Lib\site-packages\sklearn\discriminant_analysis.py:960: RuntimeWarning: invalid value encountered in multiply
  X2 = np.dot(Xm, R * (S ** (-0.5)))

2025-10-31 11:10:24,871:WARNING:C:\Users\User\miniconda3\envs\py3_11_9\Lib\site-packages\sklearn\discriminant_analysis.py:963: RuntimeWarning: divide by zero encountered in log
  u = np.asarray([np.sum(np.log(s)) for s in self.scalings_])

2025-10-31 11:10:24,872:WARNING:C:\Users\User\miniconda3\envs\py3_11_9\Lib\site-packages\sklearn\discriminant_analysis.py:963: RuntimeWarning: divide by zero encountered in log
  u = np.asarray([np.sum(np.log(s)) for s in self.scalings_])

2025-10-31 11:10:24,873:WARNING:C:\Users\User\miniconda3\envs\py3_11_9\Lib\site-packages\pycaret\internal\metrics.py:204: FitFailedWarning: Metric 'make_scorer(roc_auc_score, response_method=('decision_function', 'predict_proba'), average=weighted, multi_class=ovr)' failed and error score 0.0 has been returned instead. If this is a custom metric, this usually means that the error is in the metric code. Full exception below:
Traceback (most recent call last):
  File "C:\Users\User\miniconda3\envs\py3_11_9\Lib\site-packages\pycaret\internal\metrics.py", line 196, in _score
    return super()._score(
           ^^^^^^^^^^^^^^^
  File "C:\Users\User\miniconda3\envs\py3_11_9\Lib\site-packages\sklearn\metrics\_scorer.py", line 350, in _score
    return self._sign * self._score_func(y_true, y_pred, **scoring_kwargs)
                        ^^^^^^^^^^^^^^^^^^^^^^^^^^^^^^^^^^^^^^^^^^^^^^^^^^
  File "C:\Users\User\miniconda3\envs\py3_11_9\Lib\site-packages\pycaret\internal\metrics.py", line 144, in __call__
    return self.score_func(y_true, y_pred, **kwargs)
           ^^^^^^^^^^^^^^^^^^^^^^^^^^^^^^^^^^^^^^^^^
  File "C:\Users\User\miniconda3\envs\py3_11_9\Lib\site-packages\sklearn\utils\_param_validation.py", line 213, in wrapper
    return func(*args, **kwargs)
           ^^^^^^^^^^^^^^^^^^^^^
  File "C:\Users\User\miniconda3\envs\py3_11_9\Lib\site-packages\sklearn\metrics\_ranking.py", line 619, in roc_auc_score
    y_score = check_array(y_score, ensure_2d=False)
              ^^^^^^^^^^^^^^^^^^^^^^^^^^^^^^^^^^^^^
  File "C:\Users\User\miniconda3\envs\py3_11_9\Lib\site-packages\sklearn\utils\validation.py", line 1049, in check_array
    _assert_all_finite(
  File "C:\Users\User\miniconda3\envs\py3_11_9\Lib\site-packages\sklearn\utils\validation.py", line 126, in _assert_all_finite
    _assert_all_finite_element_wise(
  File "C:\Users\User\miniconda3\envs\py3_11_9\Lib\site-packages\sklearn\utils\validation.py", line 175, in _assert_all_finite_element_wise
    raise ValueError(msg_err)
ValueError: Input contains NaN.

  warnings.warn(

2025-10-31 11:10:24,874:WARNING:C:\Users\User\miniconda3\envs\py3_11_9\Lib\site-packages\sklearn\metrics\_classification.py:1561: UserWarning: Note that pos_label (set to 'G') is ignored when average != 'binary' (got 'weighted'). You may use labels=[pos_label] to specify a single positive class.
  warnings.warn(

2025-10-31 11:10:24,875:WARNING:C:\Users\User\miniconda3\envs\py3_11_9\Lib\site-packages\sklearn\discriminant_analysis.py:960: RuntimeWarning: divide by zero encountered in power
  X2 = np.dot(Xm, R * (S ** (-0.5)))

2025-10-31 11:10:24,875:WARNING:C:\Users\User\miniconda3\envs\py3_11_9\Lib\site-packages\sklearn\discriminant_analysis.py:960: RuntimeWarning: invalid value encountered in multiply
  X2 = np.dot(Xm, R * (S ** (-0.5)))

2025-10-31 11:10:24,876:WARNING:C:\Users\User\miniconda3\envs\py3_11_9\Lib\site-packages\sklearn\discriminant_analysis.py:960: RuntimeWarning: divide by zero encountered in power
  X2 = np.dot(Xm, R * (S ** (-0.5)))

2025-10-31 11:10:24,876:WARNING:C:\Users\User\miniconda3\envs\py3_11_9\Lib\site-packages\sklearn\discriminant_analysis.py:960: RuntimeWarning: invalid value encountered in multiply
  X2 = np.dot(Xm, R * (S ** (-0.5)))

2025-10-31 11:10:24,878:WARNING:C:\Users\User\miniconda3\envs\py3_11_9\Lib\site-packages\sklearn\discriminant_analysis.py:963: RuntimeWarning: divide by zero encountered in log
  u = np.asarray([np.sum(np.log(s)) for s in self.scalings_])

2025-10-31 11:10:24,879:WARNING:C:\Users\User\miniconda3\envs\py3_11_9\Lib\site-packages\sklearn\discriminant_analysis.py:960: RuntimeWarning: divide by zero encountered in power
  X2 = np.dot(Xm, R * (S ** (-0.5)))

2025-10-31 11:10:24,879:WARNING:C:\Users\User\miniconda3\envs\py3_11_9\Lib\site-packages\sklearn\discriminant_analysis.py:963: RuntimeWarning: divide by zero encountered in log
  u = np.asarray([np.sum(np.log(s)) for s in self.scalings_])

2025-10-31 11:10:24,879:WARNING:C:\Users\User\miniconda3\envs\py3_11_9\Lib\site-packages\sklearn\discriminant_analysis.py:960: RuntimeWarning: invalid value encountered in multiply
  X2 = np.dot(Xm, R * (S ** (-0.5)))

2025-10-31 11:10:24,882:WARNING:C:\Users\User\miniconda3\envs\py3_11_9\Lib\site-packages\pycaret\internal\metrics.py:204: FitFailedWarning: Metric 'make_scorer(roc_auc_score, response_method=('decision_function', 'predict_proba'), average=weighted, multi_class=ovr)' failed and error score 0.0 has been returned instead. If this is a custom metric, this usually means that the error is in the metric code. Full exception below:
Traceback (most recent call last):
  File "C:\Users\User\miniconda3\envs\py3_11_9\Lib\site-packages\pycaret\internal\metrics.py", line 196, in _score
    return super()._score(
           ^^^^^^^^^^^^^^^
  File "C:\Users\User\miniconda3\envs\py3_11_9\Lib\site-packages\sklearn\metrics\_scorer.py", line 350, in _score
    return self._sign * self._score_func(y_true, y_pred, **scoring_kwargs)
                        ^^^^^^^^^^^^^^^^^^^^^^^^^^^^^^^^^^^^^^^^^^^^^^^^^^
  File "C:\Users\User\miniconda3\envs\py3_11_9\Lib\site-packages\pycaret\internal\metrics.py", line 144, in __call__
    return self.score_func(y_true, y_pred, **kwargs)
           ^^^^^^^^^^^^^^^^^^^^^^^^^^^^^^^^^^^^^^^^^
  File "C:\Users\User\miniconda3\envs\py3_11_9\Lib\site-packages\sklearn\utils\_param_validation.py", line 213, in wrapper
    return func(*args, **kwargs)
           ^^^^^^^^^^^^^^^^^^^^^
  File "C:\Users\User\miniconda3\envs\py3_11_9\Lib\site-packages\sklearn\metrics\_ranking.py", line 619, in roc_auc_score
    y_score = check_array(y_score, ensure_2d=False)
              ^^^^^^^^^^^^^^^^^^^^^^^^^^^^^^^^^^^^^
  File "C:\Users\User\miniconda3\envs\py3_11_9\Lib\site-packages\sklearn\utils\validation.py", line 1049, in check_array
    _assert_all_finite(
  File "C:\Users\User\miniconda3\envs\py3_11_9\Lib\site-packages\sklearn\utils\validation.py", line 126, in _assert_all_finite
    _assert_all_finite_element_wise(
  File "C:\Users\User\miniconda3\envs\py3_11_9\Lib\site-packages\sklearn\utils\validation.py", line 175, in _assert_all_finite_element_wise
    raise ValueError(msg_err)
ValueError: Input contains NaN.

  warnings.warn(

2025-10-31 11:10:24,882:WARNING:C:\Users\User\miniconda3\envs\py3_11_9\Lib\site-packages\sklearn\metrics\_classification.py:1561: UserWarning: Note that pos_label (set to 'G') is ignored when average != 'binary' (got 'weighted'). You may use labels=[pos_label] to specify a single positive class.
  warnings.warn(

2025-10-31 11:10:24,883:WARNING:C:\Users\User\miniconda3\envs\py3_11_9\Lib\site-packages\sklearn\discriminant_analysis.py:963: RuntimeWarning: divide by zero encountered in log
  u = np.asarray([np.sum(np.log(s)) for s in self.scalings_])

2025-10-31 11:10:24,884:WARNING:C:\Users\User\miniconda3\envs\py3_11_9\Lib\site-packages\sklearn\discriminant_analysis.py:960: RuntimeWarning: divide by zero encountered in power
  X2 = np.dot(Xm, R * (S ** (-0.5)))

2025-10-31 11:10:24,884:WARNING:C:\Users\User\miniconda3\envs\py3_11_9\Lib\site-packages\sklearn\discriminant_analysis.py:960: RuntimeWarning: invalid value encountered in multiply
  X2 = np.dot(Xm, R * (S ** (-0.5)))

2025-10-31 11:10:24,885:WARNING:C:\Users\User\miniconda3\envs\py3_11_9\Lib\site-packages\sklearn\metrics\_classification.py:1561: UserWarning: Note that pos_label (set to 'G') is ignored when average != 'binary' (got 'weighted'). You may use labels=[pos_label] to specify a single positive class.
  warnings.warn(

2025-10-31 11:10:24,886:WARNING:C:\Users\User\miniconda3\envs\py3_11_9\Lib\site-packages\pycaret\internal\metrics.py:204: FitFailedWarning: Metric 'make_scorer(roc_auc_score, response_method=('decision_function', 'predict_proba'), average=weighted, multi_class=ovr)' failed and error score 0.0 has been returned instead. If this is a custom metric, this usually means that the error is in the metric code. Full exception below:
Traceback (most recent call last):
  File "C:\Users\User\miniconda3\envs\py3_11_9\Lib\site-packages\pycaret\internal\metrics.py", line 196, in _score
    return super()._score(
           ^^^^^^^^^^^^^^^
  File "C:\Users\User\miniconda3\envs\py3_11_9\Lib\site-packages\sklearn\metrics\_scorer.py", line 350, in _score
    return self._sign * self._score_func(y_true, y_pred, **scoring_kwargs)
                        ^^^^^^^^^^^^^^^^^^^^^^^^^^^^^^^^^^^^^^^^^^^^^^^^^^
  File "C:\Users\User\miniconda3\envs\py3_11_9\Lib\site-packages\pycaret\internal\metrics.py", line 144, in __call__
    return self.score_func(y_true, y_pred, **kwargs)
           ^^^^^^^^^^^^^^^^^^^^^^^^^^^^^^^^^^^^^^^^^
  File "C:\Users\User\miniconda3\envs\py3_11_9\Lib\site-packages\sklearn\utils\_param_validation.py", line 213, in wrapper
    return func(*args, **kwargs)
           ^^^^^^^^^^^^^^^^^^^^^
  File "C:\Users\User\miniconda3\envs\py3_11_9\Lib\site-packages\sklearn\metrics\_ranking.py", line 619, in roc_auc_score
    y_score = check_array(y_score, ensure_2d=False)
              ^^^^^^^^^^^^^^^^^^^^^^^^^^^^^^^^^^^^^
  File "C:\Users\User\miniconda3\envs\py3_11_9\Lib\site-packages\sklearn\utils\validation.py", line 1049, in check_array
    _assert_all_finite(
  File "C:\Users\User\miniconda3\envs\py3_11_9\Lib\site-packages\sklearn\utils\validation.py", line 126, in _assert_all_finite
    _assert_all_finite_element_wise(
  File "C:\Users\User\miniconda3\envs\py3_11_9\Lib\site-packages\sklearn\utils\validation.py", line 175, in _assert_all_finite_element_wise
    raise ValueError(msg_err)
ValueError: Input contains NaN.

  warnings.warn(

2025-10-31 11:10:24,888:WARNING:C:\Users\User\miniconda3\envs\py3_11_9\Lib\site-packages\sklearn\discriminant_analysis.py:963: RuntimeWarning: divide by zero encountered in log
  u = np.asarray([np.sum(np.log(s)) for s in self.scalings_])

2025-10-31 11:10:24,889:WARNING:C:\Users\User\miniconda3\envs\py3_11_9\Lib\site-packages\sklearn\metrics\_classification.py:1561: UserWarning: Note that pos_label (set to 'G') is ignored when average != 'binary' (got 'weighted'). You may use labels=[pos_label] to specify a single positive class.
  warnings.warn(

2025-10-31 11:10:24,889:WARNING:C:\Users\User\miniconda3\envs\py3_11_9\Lib\site-packages\sklearn\discriminant_analysis.py:960: RuntimeWarning: divide by zero encountered in power
  X2 = np.dot(Xm, R * (S ** (-0.5)))

2025-10-31 11:10:24,890:WARNING:C:\Users\User\miniconda3\envs\py3_11_9\Lib\site-packages\sklearn\discriminant_analysis.py:960: RuntimeWarning: invalid value encountered in multiply
  X2 = np.dot(Xm, R * (S ** (-0.5)))

proba'), average=weighted, multi_class=ovr)' failed and error score 0.0 has been returned instead. If this is a custom metric, this usually means that the error is in the metric code. Full exception below:
Traceback (most recent call last):
  File "C:\Users\User\miniconda3\envs\py3_11_9\Lib\site-packages\pycaret\internal\metrics.py", line 196, in _score
    return super()._score(
           ^^^^^^^^^^^^^^^
  File "C:\Users\User\miniconda3\envs\py3_11_9\Lib\site-packages\sklearn\metrics\_scorer.py", line 350, in _score
    return self._sign * self._score_func(y_true, y_pred, **scoring_kwargs)
                        ^^^^^^^^^^^^^^^^^^^^^^^^^^^^^^^^^^^^^^^^^^^^^^^^^^
  File "C:\Users\User\miniconda3\envs\py3_11_9\Lib\site-packages\pycaret\internal\metrics.py", line 144, in __call__
    return self.score_func(y_true, y_pred, **kwargs)
           ^^^^^^^^^^^^^^^^^^^^^^^^^^^^^^^^^^^^^^^^^
  File "C:\Users\User\miniconda3\envs\py3_11_9\Lib\site-packages\sklearn\utils\_param_validation.py", line 213, in wrapper
    return func(*args, **kwargs)
           ^^^^^^^^^^^^^^^^^^^^^
  File "C:\Users\User\miniconda3\envs\py3_11_9\Lib\site-packages\sklearn\metrics\_ranking.py", line 619, in roc_auc_score
    y_score = check_array(y_score, ensure_2d=False)
              ^^^^^^^^^^^^^^^^^^^^^^^^^^^^^^^^^^^^^
  File "C:\Users\User\miniconda3\envs\py3_11_9\Lib\site-packages\sklearn\utils\validation.py", line 1049, in check_array
    _assert_all_finite(
  File "C:\Users\User\miniconda3\envs\py3_11_9\Lib\site-packages\sklearn\utils\validation.py", line 126, in _assert_all_finite
    _assert_all_finite_element_wise(
  File "C:\Users\User\miniconda3\envs\py3_11_9\Lib\site-packages\sklearn\utils\validation.py", line 175, in _assert_all_finite_element_wise
    raise ValueError(msg_err)
ValueError: Input contains NaN.

  warnings.warn(

2025-10-31 11:10:24,891:WARNING:C:\Users\User\miniconda3\envs\py3_11_9\Lib\site-packages\sklearn\metrics\_classification.py:1561: UserWarning: Note that pos_label (set to 'G') is ignored when average != 'binary' (got 'weighted'). You may use labels=[pos_label] to specify a single positive class.
  warnings.warn(

2025-10-31 11:10:24,892:WARNING:C:\Users\User\miniconda3\envs\py3_11_9\Lib\site-packages\sklearn\discriminant_analysis.py:963: RuntimeWarning: divide by zero encountered in log
  u = np.asarray([np.sum(np.log(s)) for s in self.scalings_])

2025-10-31 11:10:24,894:WARNING:C:\Users\User\miniconda3\envs\py3_11_9\Lib\site-packages\sklearn\discriminant_analysis.py:960: RuntimeWarning: divide by zero encountered in power
  X2 = np.dot(Xm, R * (S ** (-0.5)))

2025-10-31 11:10:24,894:WARNING:C:\Users\User\miniconda3\envs\py3_11_9\Lib\site-packages\sklearn\discriminant_analysis.py:960: RuntimeWarning: invalid value encountered in multiply
  X2 = np.dot(Xm, R * (S ** (-0.5)))

2025-10-31 11:10:24,895:WARNING:C:\Users\User\miniconda3\envs\py3_11_9\Lib\site-packages\sklearn\discriminant_analysis.py:960: RuntimeWarning: divide by zero encountered in power
  X2 = np.dot(Xm, R * (S ** (-0.5)))

2025-10-31 11:10:24,895:WARNING:C:\Users\User\miniconda3\envs\py3_11_9\Lib\site-packages\sklearn\metrics\_classification.py:1561: UserWarning: Note that pos_label (set to 'G') is ignored when average != 'binary' (got 'weighted'). You may use labels=[pos_label] to specify a single positive class.
  warnings.warn(

2025-10-31 11:10:24,895:WARNING:C:\Users\User\miniconda3\envs\py3_11_9\Lib\site-packages\sklearn\discriminant_analysis.py:960: RuntimeWarning: invalid value encountered in multiply
  X2 = np.dot(Xm, R * (S ** (-0.5)))

2025-10-31 11:10:24,896:WARNING:C:\Users\User\miniconda3\envs\py3_11_9\Lib\site-packages\sklearn\metrics\_classification.py:1561: UserWarning: Note that pos_label (set to 'G') is ignored when average != 'binary' (got 'weighted'). You may use labels=[pos_label] to specify a single positive class.
  warnings.warn(

2025-10-31 11:10:24,897:WARNING:C:\Users\User\miniconda3\envs\py3_11_9\Lib\site-packages\sklearn\discriminant_analysis.py:963: RuntimeWarning: divide by zero encountered in log
  u = np.asarray([np.sum(np.log(s)) for s in self.scalings_])

2025-10-31 11:10:24,898:WARNING:C:\Users\User\miniconda3\envs\py3_11_9\Lib\site-packages\sklearn\metrics\_classification.py:1509: UndefinedMetricWarning: Precision is ill-defined and being set to 0.0 in labels with no predicted samples. Use `zero_division` parameter to control this behavior.
  _warn_prf(average, modifier, f"{metric.capitalize()} is", len(result))

2025-10-31 11:10:24,898:WARNING:C:\Users\User\miniconda3\envs\py3_11_9\Lib\site-packages\sklearn\metrics\_classification.py:1561: UserWarning: Note that pos_label (set to 'G') is ignored when average != 'binary' (got 'weighted'). You may use labels=[pos_label] to specify a single positive class.
  warnings.warn(

2025-10-31 11:10:24,899:WARNING:C:\Users\User\miniconda3\envs\py3_11_9\Lib\site-packages\sklearn\discriminant_analysis.py:963: RuntimeWarning: divide by zero encountered in log
  u = np.asarray([np.sum(np.log(s)) for s in self.scalings_])

2025-10-31 11:10:24,900:WARNING:C:\Users\User\miniconda3\envs\py3_11_9\Lib\site-packages\sklearn\discriminant_analysis.py:963: RuntimeWarning: divide by zero encountered in log
  u = np.asarray([np.sum(np.log(s)) for s in self.scalings_])

2025-10-31 11:10:24,901:WARNING:C:\Users\User\miniconda3\envs\py3_11_9\Lib\site-packages\sklearn\metrics\_classification.py:1561: UserWarning: Note that pos_label (set to 'G') is ignored when average != 'binary' (got 'weighted'). You may use labels=[pos_label] to specify a single positive class.
  warnings.warn(

2025-10-31 11:10:24,902:WARNING:C:\Users\User\miniconda3\envs\py3_11_9\Lib\site-packages\sklearn\metrics\_classification.py:1509: UndefinedMetricWarning: Precision is ill-defined and being set to 0.0 in labels with no predicted samples. Use `zero_division` parameter to control this behavior.
  _warn_prf(average, modifier, f"{metric.capitalize()} is", len(result))

2025-10-31 11:10:24,903:WARNING:C:\Users\User\miniconda3\envs\py3_11_9\Lib\site-packages\pycaret\internal\metrics.py:204: FitFailedWarning: Metric 'make_scorer(roc_auc_score, response_method=('decision_function', 'predict_proba'), average=weighted, multi_class=ovr)' failed and error score 0.0 has been returned instead. If this is a custom metric, this usually means that the error is in the metric code. Full exception below:
Traceback (most recent call last):
  File "C:\Users\User\miniconda3\envs\py3_11_9\Lib\site-packages\pycaret\internal\metrics.py", line 196, in _score
    return super()._score(
           ^^^^^^^^^^^^^^^
  File "C:\Users\User\miniconda3\envs\py3_11_9\Lib\site-packages\sklearn\metrics\_scorer.py", line 350, in _score
    return self._sign * self._score_func(y_true, y_pred, **scoring_kwargs)
                        ^^^^^^^^^^^^^^^^^^^^^^^^^^^^^^^^^^^^^^^^^^^^^^^^^^
  File "C:\Users\User\miniconda3\envs\py3_11_9\Lib\site-packages\pycaret\internal\metrics.py", line 144, in __call__
    return self.score_func(y_true, y_pred, **kwargs)
           ^^^^^^^^^^^^^^^^^^^^^^^^^^^^^^^^^^^^^^^^^
  File "C:\Users\User\miniconda3\envs\py3_11_9\Lib\site-packages\sklearn\utils\_param_validation.py", line 213, in wrapper
    return func(*args, **kwargs)
           ^^^^^^^^^^^^^^^^^^^^^
  File "C:\Users\User\miniconda3\envs\py3_11_9\Lib\site-packages\sklearn\metrics\_ranking.py", line 619, in roc_auc_score
    y_score = check_array(y_score, ensure_2d=False)
              ^^^^^^^^^^^^^^^^^^^^^^^^^^^^^^^^^^^^^
  File "C:\Users\User\miniconda3\envs\py3_11_9\Lib\site-packages\sklearn\utils\validation.py", line 1049, in check_array
    _assert_all_finite(
  File "C:\Users\User\miniconda3\envs\py3_11_9\Lib\site-packages\sklearn\utils\validation.py", line 126, in _assert_all_finite
    _assert_all_finite_element_wise(
  File "C:\Users\User\miniconda3\envs\py3_11_9\Lib\site-packages\sklearn\utils\validation.py", line 175, in _assert_all_finite_element_wise
    raise ValueError(msg_err)
ValueError: Input contains NaN.

  warnings.warn(

2025-10-31 11:10:24,903:WARNING:C:\Users\User\miniconda3\envs\py3_11_9\Lib\site-packages\sklearn\metrics\_classification.py:1561: UserWarning: Note that pos_label (set to 'G') is ignored when average != 'binary' (got 'weighted'). You may use labels=[pos_label] to specify a single positive class.
  warnings.warn(

2025-10-31 11:10:24,904:WARNING:C:\Users\User\miniconda3\envs\py3_11_9\Lib\site-packages\sklearn\discriminant_analysis.py:960: RuntimeWarning: divide by zero encountered in power
  X2 = np.dot(Xm, R * (S ** (-0.5)))

t_proba'), average=weighted, multi_class=ovr)' failed and error score 0.0 has been returned instead. If this is a custom metric, this usually means that the error is in the metric code. Full exception below:
Traceback (most recent call last):
  File "C:\Users\User\miniconda3\envs\py3_11_9\Lib\site-packages\pycaret\internal\metrics.py", line 196, in _score
    return super()._score(
           ^^^^^^^^^^^^^^^
  File "C:\Users\User\miniconda3\envs\py3_11_9\Lib\site-packages\sklearn\metrics\_scorer.py", line 350, in _score
    return self._sign * self._score_func(y_true, y_pred, **scoring_kwargs)
                        ^^^^^^^^^^^^^^^^^^^^^^^^^^^^^^^^^^^^^^^^^^^^^^^^^^
  File "C:\Users\User\miniconda3\envs\py3_11_9\Lib\site-packages\pycaret\internal\metrics.py", line 144, in __call__
    return self.score_func(y_true, y_pred, **kwargs)
           ^^^^^^^^^^^^^^^^^^^^^^^^^^^^^^^^^^^^^^^^^
  File "C:\Users\User\miniconda3\envs\py3_11_9\Lib\site-packages\sklearn\utils\_param_validation.py", line 213, in wrapper
    return func(*args, **kwargs)
           ^^^^^^^^^^^^^^^^^^^^^
  File "C:\Users\User\miniconda3\envs\py3_11_9\Lib\site-packages\sklearn\metrics\_ranking.py", line 619, in roc_auc_score
    y_score = check_array(y_score, ensure_2d=False)
              ^^^^^^^^^^^^^^^^^^^^^^^^^^^^^^^^^^^^^
  File "C:\Users\User\miniconda3\envs\py3_11_9\Lib\site-packages\sklearn\utils\validation.py", line 1049, in check_array
    _assert_all_finite(
  File "C:\Users\User\miniconda3\envs\py3_11_9\Lib\site-packages\sklearn\utils\validation.py", line 126, in _assert_all_finite
    _assert_all_finite_element_wise(
  File "C:\Users\User\miniconda3\envs\py3_11_9\Lib\site-packages\sklearn\utils\validation.py", line 175, in _assert_all_finite_element_wise
    raise ValueError(msg_err)
ValueError: Input contains NaN.

  warnings.warn(

2025-10-31 11:10:24,904:WARNING:C:\Users\User\miniconda3\envs\py3_11_9\Lib\site-packages\sklearn\discriminant_analysis.py:960: RuntimeWarning: invalid value encountered in multiply
  X2 = np.dot(Xm, R * (S ** (-0.5)))

2025-10-31 11:10:24,906:WARNING:C:\Users\User\miniconda3\envs\py3_11_9\Lib\site-packages\sklearn\metrics\_classification.py:1561: UserWarning: Note that pos_label (set to 'G') is ignored when average != 'binary' (got 'weighted'). You may use labels=[pos_label] to specify a single positive class.
  warnings.warn(

2025-10-31 11:10:24,906:WARNING:C:\Users\User\miniconda3\envs\py3_11_9\Lib\site-packages\sklearn\metrics\_classification.py:1509: UndefinedMetricWarning: Precision is ill-defined and being set to 0.0 in labels with no predicted samples. Use `zero_division` parameter to control this behavior.
  _warn_prf(average, modifier, f"{metric.capitalize()} is", len(result))

2025-10-31 11:10:24,907:WARNING:C:\Users\User\miniconda3\envs\py3_11_9\Lib\site-packages\sklearn\discriminant_analysis.py:963: RuntimeWarning: divide by zero encountered in log
  u = np.asarray([np.sum(np.log(s)) for s in self.scalings_])

2025-10-31 11:10:24,908:WARNING:C:\Users\User\miniconda3\envs\py3_11_9\Lib\site-packages\sklearn\metrics\_classification.py:1561: UserWarning: Note that pos_label (set to 'G') is ignored when average != 'binary' (got 'weighted'). You may use labels=[pos_label] to specify a single positive class.
  warnings.warn(

2025-10-31 11:10:24,911:WARNING:C:\Users\User\miniconda3\envs\py3_11_9\Lib\site-packages\sklearn\metrics\_classification.py:1561: UserWarning: Note that pos_label (set to 'G') is ignored when average != 'binary' (got 'weighted'). You may use labels=[pos_label] to specify a single positive class.
  warnings.warn(

2025-10-31 11:10:24,912:WARNING:C:\Users\User\miniconda3\envs\py3_11_9\Lib\site-packages\sklearn\metrics\_classification.py:1509: UndefinedMetricWarning: Precision is ill-defined and being set to 0.0 in labels with no predicted samples. Use `zero_division` parameter to control this behavior.
  _warn_prf(average, modifier, f"{metric.capitalize()} is", len(result))

2025-10-31 11:10:24,912:WARNING:C:\Users\User\miniconda3\envs\py3_11_9\Lib\site-packages\sklearn\metrics\_classification.py:1561: UserWarning: Note that pos_label (set to 'G') is ignored when average != 'binary' (got 'weighted'). You may use labels=[pos_label] to specify a single positive class.
  warnings.warn(

2025-10-31 11:10:24,914:WARNING:C:\Users\User\miniconda3\envs\py3_11_9\Lib\site-packages\sklearn\metrics\_classification.py:1561: UserWarning: Note that pos_label (set to 'G') is ignored when average != 'binary' (got 'weighted'). You may use labels=[pos_label] to specify a single positive class.
  warnings.warn(

2025-10-31 11:10:24,914:WARNING:C:\Users\User\miniconda3\envs\py3_11_9\Lib\site-packages\pycaret\internal\metrics.py:204: FitFailedWarning: Metric 'make_scorer(roc_auc_score, response_method=('decision_function', 'predict_proba'), average=weighted, multi_class=ovr)' failed and error score 0.0 has been returned instead. If this is a custom metric, this usually means that the error is in the metric code. Full exception below:
Traceback (most recent call last):
  File "C:\Users\User\miniconda3\envs\py3_11_9\Lib\site-packages\pycaret\internal\metrics.py", line 196, in _score
    return super()._score(
           ^^^^^^^^^^^^^^^
  File "C:\Users\User\miniconda3\envs\py3_11_9\Lib\site-packages\sklearn\metrics\_scorer.py", line 350, in _score
    return self._sign * self._score_func(y_true, y_pred, **scoring_kwargs)
                        ^^^^^^^^^^^^^^^^^^^^^^^^^^^^^^^^^^^^^^^^^^^^^^^^^^
  File "C:\Users\User\miniconda3\envs\py3_11_9\Lib\site-packages\pycaret\internal\metrics.py", line 144, in __call__
    return self.score_func(y_true, y_pred, **kwargs)
           ^^^^^^^^^^^^^^^^^^^^^^^^^^^^^^^^^^^^^^^^^
  File "C:\Users\User\miniconda3\envs\py3_11_9\Lib\site-packages\sklearn\utils\_param_validation.py", line 213, in wrapper
    return func(*args, **kwargs)
           ^^^^^^^^^^^^^^^^^^^^^
  File "C:\Users\User\miniconda3\envs\py3_11_9\Lib\site-packages\sklearn\metrics\_ranking.py", line 619, in roc_auc_score
    y_score = check_array(y_score, ensure_2d=False)
              ^^^^^^^^^^^^^^^^^^^^^^^^^^^^^^^^^^^^^
  File "C:\Users\User\miniconda3\envs\py3_11_9\Lib\site-packages\sklearn\utils\validation.py", line 1049, in check_array
    _assert_all_finite(
  File "C:\Users\User\miniconda3\envs\py3_11_9\Lib\site-packages\sklearn\utils\validation.py", line 126, in _assert_all_finite
    _assert_all_finite_element_wise(
  File "C:\Users\User\miniconda3\envs\py3_11_9\Lib\site-packages\sklearn\utils\validation.py", line 175, in _assert_all_finite_element_wise
    raise ValueError(msg_err)
ValueError: Input contains NaN.

  warnings.warn(

2025-10-31 11:10:24,916:WARNING:C:\Users\User\miniconda3\envs\py3_11_9\Lib\site-packages\sklearn\metrics\_classification.py:1509: UndefinedMetricWarning: Precision is ill-defined and being set to 0.0 in labels with no predicted samples. Use `zero_division` parameter to control this behavior.
  _warn_prf(average, modifier, f"{metric.capitalize()} is", len(result))

2025-10-31 11:10:24,916:WARNING:C:\Users\User\miniconda3\envs\py3_11_9\Lib\site-packages\sklearn\metrics\_classification.py:1561: UserWarning: Note that pos_label (set to 'G') is ignored when average != 'binary' (got 'weighted'). You may use labels=[pos_label] to specify a single positive class.
  warnings.warn(

2025-10-31 11:10:24,917:WARNING:C:\Users\User\miniconda3\envs\py3_11_9\Lib\site-packages\sklearn\metrics\_classification.py:1509: UndefinedMetricWarning: Precision is ill-defined and being set to 0.0 in labels with no predicted samples. Use `zero_division` parameter to control this behavior.
  _warn_prf(average, modifier, f"{metric.capitalize()} is", len(result))

2025-10-31 11:10:24,918:WARNING:C:\Users\User\miniconda3\envs\py3_11_9\Lib\site-packages\sklearn\metrics\_classification.py:1561: UserWarning: Note that pos_label (set to 'G') is ignored when average != 'binary' (got 'weighted'). You may use labels=[pos_label] to specify a single positive class.
  warnings.warn(

2025-10-31 11:10:24,922:WARNING:C:\Users\User\miniconda3\envs\py3_11_9\Lib\site-packages\sklearn\metrics\_classification.py:1561: UserWarning: Note that pos_label (set to 'G') is ignored when average != 'binary' (got 'weighted'). You may use labels=[pos_label] to specify a single positive class.
  warnings.warn(

2025-10-31 11:10:24,923:WARNING:C:\Users\User\miniconda3\envs\py3_11_9\Lib\site-packages\sklearn\metrics\_classification.py:1561: UserWarning: Note that pos_label (set to 'G') is ignored when average != 'binary' (got 'weighted'). You may use labels=[pos_label] to specify a single positive class.
  warnings.warn(

2025-10-31 11:10:24,924:WARNING:C:\Users\User\miniconda3\envs\py3_11_9\Lib\site-packages\sklearn\metrics\_classification.py:1561: UserWarning: Note that pos_label (set to 'G') is ignored when average != 'binary' (got 'weighted'). You may use labels=[pos_label] to specify a single positive class.
  warnings.warn(

2025-10-31 11:10:24,926:WARNING:C:\Users\User\miniconda3\envs\py3_11_9\Lib\site-packages\sklearn\metrics\_classification.py:1561: UserWarning: Note that pos_label (set to 'G') is ignored when average != 'binary' (got 'weighted'). You may use labels=[pos_label] to specify a single positive class.
  warnings.warn(

2025-10-31 11:10:24,930:WARNING:C:\Users\User\miniconda3\envs\py3_11_9\Lib\site-packages\sklearn\metrics\_classification.py:1509: UndefinedMetricWarning: Precision is ill-defined and being set to 0.0 in labels with no predicted samples. Use `zero_division` parameter to control this behavior.
  _warn_prf(average, modifier, f"{metric.capitalize()} is", len(result))

2025-10-31 11:10:24,935:WARNING:C:\Users\User\miniconda3\envs\py3_11_9\Lib\site-packages\sklearn\metrics\_classification.py:1561: UserWarning: Note that pos_label (set to 'G') is ignored when average != 'binary' (got 'weighted'). You may use labels=[pos_label] to specify a single positive class.
  warnings.warn(

2025-10-31 11:10:24,937:WARNING:C:\Users\User\miniconda3\envs\py3_11_9\Lib\site-packages\sklearn\metrics\_classification.py:1561: UserWarning: Note that pos_label (set to 'G') is ignored when average != 'binary' (got 'weighted'). You may use labels=[pos_label] to specify a single positive class.
  warnings.warn(

2025-10-31 11:10:24,940:WARNING:C:\Users\User\miniconda3\envs\py3_11_9\Lib\site-packages\sklearn\metrics\_classification.py:1561: UserWarning: Note that pos_label (set to 'G') is ignored when average != 'binary' (got 'weighted'). You may use labels=[pos_label] to specify a single positive class.
  warnings.warn(

2025-10-31 11:10:24,946:WARNING:C:\Users\User\miniconda3\envs\py3_11_9\Lib\site-packages\sklearn\metrics\_classification.py:1561: UserWarning: Note that pos_label (set to 'G') is ignored when average != 'binary' (got 'weighted'). You may use labels=[pos_label] to specify a single positive class.
  warnings.warn(

2025-10-31 11:10:24,948:WARNING:C:\Users\User\miniconda3\envs\py3_11_9\Lib\site-packages\sklearn\metrics\_classification.py:1509: UndefinedMetricWarning: Precision is ill-defined and being set to 0.0 in labels with no predicted samples. Use `zero_division` parameter to control this behavior.
  _warn_prf(average, modifier, f"{metric.capitalize()} is", len(result))

2025-10-31 11:10:24,949:WARNING:C:\Users\User\miniconda3\envs\py3_11_9\Lib\site-packages\sklearn\metrics\_classification.py:1509: UndefinedMetricWarning: Precision is ill-defined and being set to 0.0 in labels with no predicted samples. Use `zero_division` parameter to control this behavior.
  _warn_prf(average, modifier, f"{metric.capitalize()} is", len(result))

2025-10-31 11:10:24,957:WARNING:C:\Users\User\miniconda3\envs\py3_11_9\Lib\site-packages\sklearn\metrics\_classification.py:1561: UserWarning: Note that pos_label (set to 'G') is ignored when average != 'binary' (got 'weighted'). You may use labels=[pos_label] to specify a single positive class.
  warnings.warn(

2025-10-31 11:10:24,957:WARNING:C:\Users\User\miniconda3\envs\py3_11_9\Lib\site-packages\sklearn\metrics\_classification.py:1561: UserWarning: Note that pos_label (set to 'G') is ignored when average != 'binary' (got 'weighted'). You may use labels=[pos_label] to specify a single positive class.
  warnings.warn(

2025-10-31 11:10:24,959:WARNING:C:\Users\User\miniconda3\envs\py3_11_9\Lib\site-packages\sklearn\metrics\_classification.py:1509: UndefinedMetricWarning: Precision is ill-defined and being set to 0.0 in labels with no predicted samples. Use `zero_division` parameter to control this behavior.
  _warn_prf(average, modifier, f"{metric.capitalize()} is", len(result))

2025-10-31 11:10:24,968:WARNING:C:\Users\User\miniconda3\envs\py3_11_9\Lib\site-packages\sklearn\metrics\_classification.py:1561: UserWarning: Note that pos_label (set to 'G') is ignored when average != 'binary' (got 'weighted'). You may use labels=[pos_label] to specify a single positive class.
  warnings.warn(

2025-10-31 11:10:24,996:INFO:Calculating mean and std
2025-10-31 11:10:24,997:INFO:Creating metrics dataframe
2025-10-31 11:10:24,998:INFO:Uploading results into container
2025-10-31 11:10:24,998:INFO:Uploading model into container now
2025-10-31 11:10:24,999:INFO:_master_model_container: 8
2025-10-31 11:10:24,999:INFO:_display_container: 2
2025-10-31 11:10:24,999:INFO:QuadraticDiscriminantAnalysis(priors=None, reg_param=0.0,
                              store_covariance=False, tol=0.0001)
2025-10-31 11:10:24,999:INFO:create_model() successfully completed......................................
2025-10-31 11:10:25,049:INFO:SubProcess create_model() end ==================================
2025-10-31 11:10:25,049:INFO:Creating metrics dataframe
2025-10-31 11:10:25,054:INFO:Initializing Ada Boost Classifier
2025-10-31 11:10:25,054:INFO:Total runtime is 0.465192449092865 minutes
2025-10-31 11:10:25,056:INFO:SubProcess create_model() called ==================================
2025-10-31 11:10:25,056:INFO:Initializing create_model()
2025-10-31 11:10:25,056:INFO:create_model(self=<pycaret.classification.oop.ClassificationExperiment object at 0x000002AFB47C1D10>, estimator=ada, fold=StratifiedKFold(n_splits=10, random_state=None, shuffle=False), round=4, cross_validation=True, predict=True, fit_kwargs={}, groups=None, refit=False, probability_threshold=None, experiment_custom_tags=None, verbose=False, system=False, add_to_model_list=True, metrics=None, display=<pycaret.internal.display.display.CommonDisplay object at 0x000002AFB4FC4410>, model_only=True, return_train_score=False, error_score=0.0, kwargs={})
2025-10-31 11:10:25,057:INFO:Checking exceptions
2025-10-31 11:10:25,057:INFO:Importing libraries
2025-10-31 11:10:25,057:INFO:Copying training dataset
2025-10-31 11:10:25,063:INFO:Defining folds
2025-10-31 11:10:25,063:INFO:Declaring metric variables
2025-10-31 11:10:25,065:INFO:Importing untrained model
2025-10-31 11:10:25,067:INFO:Ada Boost Classifier Imported successfully
2025-10-31 11:10:25,072:INFO:Starting cross validation
2025-10-31 11:10:25,073:INFO:Cross validating with StratifiedKFold(n_splits=10, random_state=None, shuffle=False), n_jobs=-1
2025-10-31 11:10:25,306:WARNING:C:\Users\User\miniconda3\envs\py3_11_9\Lib\site-packages\sklearn\ensemble\_weight_boosting.py:519: FutureWarning: The SAMME.R algorithm (the default) is deprecated and will be removed in 1.6. Use the SAMME algorithm to circumvent this warning.
  warnings.warn(

2025-10-31 11:10:25,319:WARNING:C:\Users\User\miniconda3\envs\py3_11_9\Lib\site-packages\sklearn\ensemble\_weight_boosting.py:519: FutureWarning: The SAMME.R algorithm (the default) is deprecated and will be removed in 1.6. Use the SAMME algorithm to circumvent this warning.
  warnings.warn(

2025-10-31 11:10:25,325:WARNING:C:\Users\User\miniconda3\envs\py3_11_9\Lib\site-packages\sklearn\ensemble\_weight_boosting.py:519: FutureWarning: The SAMME.R algorithm (the default) is deprecated and will be removed in 1.6. Use the SAMME algorithm to circumvent this warning.
  warnings.warn(

2025-10-31 11:10:25,333:WARNING:C:\Users\User\miniconda3\envs\py3_11_9\Lib\site-packages\sklearn\ensemble\_weight_boosting.py:519: FutureWarning: The SAMME.R algorithm (the default) is deprecated and will be removed in 1.6. Use the SAMME algorithm to circumvent this warning.
  warnings.warn(

2025-10-31 11:10:25,352:WARNING:C:\Users\User\miniconda3\envs\py3_11_9\Lib\site-packages\sklearn\ensemble\_weight_boosting.py:519: FutureWarning: The SAMME.R algorithm (the default) is deprecated and will be removed in 1.6. Use the SAMME algorithm to circumvent this warning.
  warnings.warn(

2025-10-31 11:10:25,355:WARNING:C:\Users\User\miniconda3\envs\py3_11_9\Lib\site-packages\sklearn\ensemble\_weight_boosting.py:519: FutureWarning: The SAMME.R algorithm (the default) is deprecated and will be removed in 1.6. Use the SAMME algorithm to circumvent this warning.
  warnings.warn(

2025-10-31 11:10:25,357:WARNING:C:\Users\User\miniconda3\envs\py3_11_9\Lib\site-packages\sklearn\ensemble\_weight_boosting.py:519: FutureWarning: The SAMME.R algorithm (the default) is deprecated and will be removed in 1.6. Use the SAMME algorithm to circumvent this warning.
  warnings.warn(

2025-10-31 11:10:25,359:WARNING:C:\Users\User\miniconda3\envs\py3_11_9\Lib\site-packages\sklearn\ensemble\_weight_boosting.py:519: FutureWarning: The SAMME.R algorithm (the default) is deprecated and will be removed in 1.6. Use the SAMME algorithm to circumvent this warning.
  warnings.warn(

2025-10-31 11:10:25,362:WARNING:C:\Users\User\miniconda3\envs\py3_11_9\Lib\site-packages\sklearn\ensemble\_weight_boosting.py:519: FutureWarning: The SAMME.R algorithm (the default) is deprecated and will be removed in 1.6. Use the SAMME algorithm to circumvent this warning.
  warnings.warn(

2025-10-31 11:10:27,069:WARNING:C:\Users\User\miniconda3\envs\py3_11_9\Lib\site-packages\pycaret\internal\metrics.py:204: FitFailedWarning: Metric 'make_scorer(roc_auc_score, response_method=('decision_function', 'predict_proba'), average=weighted, multi_class=ovr)' failed and error score 0.0 has been returned instead. If this is a custom metric, this usually means that the error is in the metric code. Full exception below:
Traceback (most recent call last):
  File "C:\Users\User\miniconda3\envs\py3_11_9\Lib\site-packages\pycaret\internal\metrics.py", line 196, in _score
    return super()._score(
           ^^^^^^^^^^^^^^^
  File "C:\Users\User\miniconda3\envs\py3_11_9\Lib\site-packages\sklearn\metrics\_scorer.py", line 350, in _score
    return self._sign * self._score_func(y_true, y_pred, **scoring_kwargs)
                        ^^^^^^^^^^^^^^^^^^^^^^^^^^^^^^^^^^^^^^^^^^^^^^^^^^
  File "C:\Users\User\miniconda3\envs\py3_11_9\Lib\site-packages\pycaret\internal\metrics.py", line 144, in __call__
    return self.score_func(y_true, y_pred, **kwargs)
           ^^^^^^^^^^^^^^^^^^^^^^^^^^^^^^^^^^^^^^^^^
  File "C:\Users\User\miniconda3\envs\py3_11_9\Lib\site-packages\sklearn\utils\_param_validation.py", line 213, in wrapper
    return func(*args, **kwargs)
           ^^^^^^^^^^^^^^^^^^^^^
  File "C:\Users\User\miniconda3\envs\py3_11_9\Lib\site-packages\sklearn\metrics\_ranking.py", line 634, in roc_auc_score
    return _multiclass_roc_auc_score(
           ^^^^^^^^^^^^^^^^^^^^^^^^^^
  File "C:\Users\User\miniconda3\envs\py3_11_9\Lib\site-packages\sklearn\metrics\_ranking.py", line 707, in _multiclass_roc_auc_score
    raise ValueError(
ValueError: Target scores need to be probabilities for multiclass roc_auc, i.e. they should sum up to 1.0 over classes

  warnings.warn(

2025-10-31 11:10:27,079:WARNING:C:\Users\User\miniconda3\envs\py3_11_9\Lib\site-packages\sklearn\metrics\_classification.py:1561: UserWarning: Note that pos_label (set to 'G') is ignored when average != 'binary' (got 'weighted'). You may use labels=[pos_label] to specify a single positive class.
  warnings.warn(

2025-10-31 11:10:27,099:WARNING:C:\Users\User\miniconda3\envs\py3_11_9\Lib\site-packages\sklearn\metrics\_classification.py:1561: UserWarning: Note that pos_label (set to 'G') is ignored when average != 'binary' (got 'weighted'). You may use labels=[pos_label] to specify a single positive class.
  warnings.warn(

2025-10-31 11:10:27,109:WARNING:C:\Users\User\miniconda3\envs\py3_11_9\Lib\site-packages\sklearn\metrics\_classification.py:1509: UndefinedMetricWarning: Precision is ill-defined and being set to 0.0 in labels with no predicted samples. Use `zero_division` parameter to control this behavior.
  _warn_prf(average, modifier, f"{metric.capitalize()} is", len(result))

2025-10-31 11:10:27,114:WARNING:C:\Users\User\miniconda3\envs\py3_11_9\Lib\site-packages\sklearn\metrics\_classification.py:1561: UserWarning: Note that pos_label (set to 'G') is ignored when average != 'binary' (got 'weighted'). You may use labels=[pos_label] to specify a single positive class.
  warnings.warn(

2025-10-31 11:10:27,138:WARNING:C:\Users\User\miniconda3\envs\py3_11_9\Lib\site-packages\pycaret\internal\metrics.py:204: FitFailedWarning: Metric 'make_scorer(roc_auc_score, response_method=('decision_function', 'predict_proba'), average=weighted, multi_class=ovr)' failed and error score 0.0 has been returned instead. If this is a custom metric, this usually means that the error is in the metric code. Full exception below:
Traceback (most recent call last):
  File "C:\Users\User\miniconda3\envs\py3_11_9\Lib\site-packages\pycaret\internal\metrics.py", line 196, in _score
    return super()._score(
           ^^^^^^^^^^^^^^^
  File "C:\Users\User\miniconda3\envs\py3_11_9\Lib\site-packages\sklearn\metrics\_scorer.py", line 350, in _score
    return self._sign * self._score_func(y_true, y_pred, **scoring_kwargs)
                        ^^^^^^^^^^^^^^^^^^^^^^^^^^^^^^^^^^^^^^^^^^^^^^^^^^
  File "C:\Users\User\miniconda3\envs\py3_11_9\Lib\site-packages\pycaret\internal\metrics.py", line 144, in __call__
    return self.score_func(y_true, y_pred, **kwargs)
           ^^^^^^^^^^^^^^^^^^^^^^^^^^^^^^^^^^^^^^^^^
  File "C:\Users\User\miniconda3\envs\py3_11_9\Lib\site-packages\sklearn\utils\_param_validation.py", line 213, in wrapper
    return func(*args, **kwargs)
           ^^^^^^^^^^^^^^^^^^^^^
  File "C:\Users\User\miniconda3\envs\py3_11_9\Lib\site-packages\sklearn\metrics\_ranking.py", line 634, in roc_auc_score
    return _multiclass_roc_auc_score(
           ^^^^^^^^^^^^^^^^^^^^^^^^^^
  File "C:\Users\User\miniconda3\envs\py3_11_9\Lib\site-packages\sklearn\metrics\_ranking.py", line 707, in _multiclass_roc_auc_score
    raise ValueError(
ValueError: Target scores need to be probabilities for multiclass roc_auc, i.e. they should sum up to 1.0 over classes

  warnings.warn(

2025-10-31 11:10:27,146:WARNING:C:\Users\User\miniconda3\envs\py3_11_9\Lib\site-packages\pycaret\internal\metrics.py:204: FitFailedWarning: Metric 'make_scorer(roc_auc_score, response_method=('decision_function', 'predict_proba'), average=weighted, multi_class=ovr)' failed and error score 0.0 has been returned instead. If this is a custom metric, this usually means that the error is in the metric code. Full exception below:
Traceback (most recent call last):
  File "C:\Users\User\miniconda3\envs\py3_11_9\Lib\site-packages\pycaret\internal\metrics.py", line 196, in _score
    return super()._score(
           ^^^^^^^^^^^^^^^
  File "C:\Users\User\miniconda3\envs\py3_11_9\Lib\site-packages\sklearn\metrics\_scorer.py", line 350, in _score
    return self._sign * self._score_func(y_true, y_pred, **scoring_kwargs)
                        ^^^^^^^^^^^^^^^^^^^^^^^^^^^^^^^^^^^^^^^^^^^^^^^^^^
  File "C:\Users\User\miniconda3\envs\py3_11_9\Lib\site-packages\pycaret\internal\metrics.py", line 144, in __call__
    return self.score_func(y_true, y_pred, **kwargs)
           ^^^^^^^^^^^^^^^^^^^^^^^^^^^^^^^^^^^^^^^^^
  File "C:\Users\User\miniconda3\envs\py3_11_9\Lib\site-packages\sklearn\utils\_param_validation.py", line 213, in wrapper
    return func(*args, **kwargs)
           ^^^^^^^^^^^^^^^^^^^^^
  File "C:\Users\User\miniconda3\envs\py3_11_9\Lib\site-packages\sklearn\metrics\_ranking.py", line 634, in roc_auc_score
    return _multiclass_roc_auc_score(
           ^^^^^^^^^^^^^^^^^^^^^^^^^^
  File "C:\Users\User\miniconda3\envs\py3_11_9\Lib\site-packages\sklearn\metrics\_ranking.py", line 707, in _multiclass_roc_auc_score
    raise ValueError(
ValueError: Target scores need to be probabilities for multiclass roc_auc, i.e. they should sum up to 1.0 over classes

  warnings.warn(

2025-10-31 11:10:27,150:WARNING:C:\Users\User\miniconda3\envs\py3_11_9\Lib\site-packages\sklearn\metrics\_classification.py:1561: UserWarning: Note that pos_label (set to 'G') is ignored when average != 'binary' (got 'weighted'). You may use labels=[pos_label] to specify a single positive class.
  warnings.warn(

2025-10-31 11:10:27,158:WARNING:C:\Users\User\miniconda3\envs\py3_11_9\Lib\site-packages\sklearn\metrics\_classification.py:1561: UserWarning: Note that pos_label (set to 'G') is ignored when average != 'binary' (got 'weighted'). You may use labels=[pos_label] to specify a single positive class.
  warnings.warn(

2025-10-31 11:10:27,173:WARNING:C:\Users\User\miniconda3\envs\py3_11_9\Lib\site-packages\sklearn\metrics\_classification.py:1561: UserWarning: Note that pos_label (set to 'G') is ignored when average != 'binary' (got 'weighted'). You may use labels=[pos_label] to specify a single positive class.
  warnings.warn(

2025-10-31 11:10:27,174:WARNING:C:\Users\User\miniconda3\envs\py3_11_9\Lib\site-packages\pycaret\internal\metrics.py:204: FitFailedWarning: Metric 'make_scorer(roc_auc_score, response_method=('decision_function', 'predict_proba'), average=weighted, multi_class=ovr)' failed and error score 0.0 has been returned instead. If this is a custom metric, this usually means that the error is in the metric code. Full exception below:
Traceback (most recent call last):
  File "C:\Users\User\miniconda3\envs\py3_11_9\Lib\site-packages\pycaret\internal\metrics.py", line 196, in _score
    return super()._score(
           ^^^^^^^^^^^^^^^
  File "C:\Users\User\miniconda3\envs\py3_11_9\Lib\site-packages\sklearn\metrics\_scorer.py", line 350, in _score
    return self._sign * self._score_func(y_true, y_pred, **scoring_kwargs)
                        ^^^^^^^^^^^^^^^^^^^^^^^^^^^^^^^^^^^^^^^^^^^^^^^^^^
  File "C:\Users\User\miniconda3\envs\py3_11_9\Lib\site-packages\pycaret\internal\metrics.py", line 144, in __call__
    return self.score_func(y_true, y_pred, **kwargs)
           ^^^^^^^^^^^^^^^^^^^^^^^^^^^^^^^^^^^^^^^^^
  File "C:\Users\User\miniconda3\envs\py3_11_9\Lib\site-packages\sklearn\utils\_param_validation.py", line 213, in wrapper
    return func(*args, **kwargs)
           ^^^^^^^^^^^^^^^^^^^^^
  File "C:\Users\User\miniconda3\envs\py3_11_9\Lib\site-packages\sklearn\metrics\_ranking.py", line 634, in roc_auc_score
    return _multiclass_roc_auc_score(
           ^^^^^^^^^^^^^^^^^^^^^^^^^^
  File "C:\Users\User\miniconda3\envs\py3_11_9\Lib\site-packages\sklearn\metrics\_ranking.py", line 707, in _multiclass_roc_auc_score
    raise ValueError(
ValueError: Target scores need to be probabilities for multiclass roc_auc, i.e. they should sum up to 1.0 over classes

  warnings.warn(

2025-10-31 11:10:27,182:WARNING:C:\Users\User\miniconda3\envs\py3_11_9\Lib\site-packages\pycaret\internal\metrics.py:204: FitFailedWarning: Metric 'make_scorer(roc_auc_score, response_method=('decision_function', 'predict_proba'), average=weighted, multi_class=ovr)' failed and error score 0.0 has been returned instead. If this is a custom metric, this usually means that the error is in the metric code. Full exception below:
Traceback (most recent call last):
  File "C:\Users\User\miniconda3\envs\py3_11_9\Lib\site-packages\pycaret\internal\metrics.py", line 196, in _score
    return super()._score(
           ^^^^^^^^^^^^^^^
  File "C:\Users\User\miniconda3\envs\py3_11_9\Lib\site-packages\sklearn\metrics\_scorer.py", line 350, in _score
    return self._sign * self._score_func(y_true, y_pred, **scoring_kwargs)
                        ^^^^^^^^^^^^^^^^^^^^^^^^^^^^^^^^^^^^^^^^^^^^^^^^^^
  File "C:\Users\User\miniconda3\envs\py3_11_9\Lib\site-packages\pycaret\internal\metrics.py", line 144, in __call__
    return self.score_func(y_true, y_pred, **kwargs)
           ^^^^^^^^^^^^^^^^^^^^^^^^^^^^^^^^^^^^^^^^^
  File "C:\Users\User\miniconda3\envs\py3_11_9\Lib\site-packages\sklearn\utils\_param_validation.py", line 213, in wrapper
    return func(*args, **kwargs)
           ^^^^^^^^^^^^^^^^^^^^^
  File "C:\Users\User\miniconda3\envs\py3_11_9\Lib\site-packages\sklearn\metrics\_ranking.py", line 634, in roc_auc_score
    return _multiclass_roc_auc_score(
           ^^^^^^^^^^^^^^^^^^^^^^^^^^
  File "C:\Users\User\miniconda3\envs\py3_11_9\Lib\site-packages\sklearn\metrics\_ranking.py", line 707, in _multiclass_roc_auc_score
    raise ValueError(
ValueError: Target scores need to be probabilities for multiclass roc_auc, i.e. they should sum up to 1.0 over classes

  warnings.warn(

2025-10-31 11:10:27,185:WARNING:C:\Users\User\miniconda3\envs\py3_11_9\Lib\site-packages\sklearn\metrics\_classification.py:1561: UserWarning: Note that pos_label (set to 'G') is ignored when average != 'binary' (got 'weighted'). You may use labels=[pos_label] to specify a single positive class.
  warnings.warn(

2025-10-31 11:10:27,185:WARNING:C:\Users\User\miniconda3\envs\py3_11_9\Lib\site-packages\sklearn\metrics\_classification.py:1561: UserWarning: Note that pos_label (set to 'G') is ignored when average != 'binary' (got 'weighted'). You may use labels=[pos_label] to specify a single positive class.
  warnings.warn(

2025-10-31 11:10:27,188:WARNING:C:\Users\User\miniconda3\envs\py3_11_9\Lib\site-packages\pycaret\internal\metrics.py:204: FitFailedWarning: Metric 'make_scorer(roc_auc_score, response_method=('decision_function', 'predict_proba'), average=weighted, multi_class=ovr)' failed and error score 0.0 has been returned instead. If this is a custom metric, this usually means that the error is in the metric code. Full exception below:
Traceback (most recent call last):
  File "C:\Users\User\miniconda3\envs\py3_11_9\Lib\site-packages\pycaret\internal\metrics.py", line 196, in _score
    return super()._score(
           ^^^^^^^^^^^^^^^
  File "C:\Users\User\miniconda3\envs\py3_11_9\Lib\site-packages\sklearn\metrics\_scorer.py", line 350, in _score
    return self._sign * self._score_func(y_true, y_pred, **scoring_kwargs)
                        ^^^^^^^^^^^^^^^^^^^^^^^^^^^^^^^^^^^^^^^^^^^^^^^^^^
  File "C:\Users\User\miniconda3\envs\py3_11_9\Lib\site-packages\pycaret\internal\metrics.py", line 144, in __call__
    return self.score_func(y_true, y_pred, **kwargs)
           ^^^^^^^^^^^^^^^^^^^^^^^^^^^^^^^^^^^^^^^^^
  File "C:\Users\User\miniconda3\envs\py3_11_9\Lib\site-packages\sklearn\utils\_param_validation.py", line 213, in wrapper
    return func(*args, **kwargs)
           ^^^^^^^^^^^^^^^^^^^^^
  File "C:\Users\User\miniconda3\envs\py3_11_9\Lib\site-packages\sklearn\metrics\_ranking.py", line 634, in roc_auc_score
    return _multiclass_roc_auc_score(
           ^^^^^^^^^^^^^^^^^^^^^^^^^^
  File "C:\Users\User\miniconda3\envs\py3_11_9\Lib\site-packages\sklearn\metrics\_ranking.py", line 707, in _multiclass_roc_auc_score
    raise ValueError(
ValueError: Target scores need to be probabilities for multiclass roc_auc, i.e. they should sum up to 1.0 over classes

  warnings.warn(

2025-10-31 11:10:27,190:WARNING:C:\Users\User\miniconda3\envs\py3_11_9\Lib\site-packages\sklearn\metrics\_classification.py:1561: UserWarning: Note that pos_label (set to 'G') is ignored when average != 'binary' (got 'weighted'). You may use labels=[pos_label] to specify a single positive class.
  warnings.warn(

2025-10-31 11:10:27,190:WARNING:C:\Users\User\miniconda3\envs\py3_11_9\Lib\site-packages\pycaret\internal\metrics.py:204: FitFailedWarning: Metric 'make_scorer(roc_auc_score, response_method=('decision_function', 'predict_proba'), average=weighted, multi_class=ovr)' failed and error score 0.0 has been returned instead. If this is a custom metric, this usually means that the error is in the metric code. Full exception below:
Traceback (most recent call last):
  File "C:\Users\User\miniconda3\envs\py3_11_9\Lib\site-packages\pycaret\internal\metrics.py", line 196, in _score
    return super()._score(
           ^^^^^^^^^^^^^^^
  File "C:\Users\User\miniconda3\envs\py3_11_9\Lib\site-packages\sklearn\metrics\_scorer.py", line 350, in _score
    return self._sign * self._score_func(y_true, y_pred, **scoring_kwargs)
                        ^^^^^^^^^^^^^^^^^^^^^^^^^^^^^^^^^^^^^^^^^^^^^^^^^^
  File "C:\Users\User\miniconda3\envs\py3_11_9\Lib\site-packages\pycaret\internal\metrics.py", line 144, in __call__
    return self.score_func(y_true, y_pred, **kwargs)
           ^^^^^^^^^^^^^^^^^^^^^^^^^^^^^^^^^^^^^^^^^
  File "C:\Users\User\miniconda3\envs\py3_11_9\Lib\site-packages\sklearn\utils\_param_validation.py", line 213, in wrapper
    return func(*args, **kwargs)
           ^^^^^^^^^^^^^^^^^^^^^
  File "C:\Users\User\miniconda3\envs\py3_11_9\Lib\site-packages\sklearn\metrics\_ranking.py", line 634, in roc_auc_score
    return _multiclass_roc_auc_score(
           ^^^^^^^^^^^^^^^^^^^^^^^^^^
  File "C:\Users\User\miniconda3\envs\py3_11_9\Lib\site-packages\sklearn\metrics\_ranking.py", line 707, in _multiclass_roc_auc_score
    raise ValueError(
ValueError: Target scores need to be probabilities for multiclass roc_auc, i.e. they should sum up to 1.0 over classes

  warnings.warn(

2025-10-31 11:10:27,190:WARNING:C:\Users\User\miniconda3\envs\py3_11_9\Lib\site-packages\sklearn\metrics\_classification.py:1561: UserWarning: Note that pos_label (set to 'G') is ignored when average != 'binary' (got 'weighted'). You may use labels=[pos_label] to specify a single positive class.
  warnings.warn(

2025-10-31 11:10:27,190:WARNING:C:\Users\User\miniconda3\envs\py3_11_9\Lib\site-packages\sklearn\metrics\_classification.py:1561: UserWarning: Note that pos_label (set to 'G') is ignored when average != 'binary' (got 'weighted'). You may use labels=[pos_label] to specify a single positive class.
  warnings.warn(

2025-10-31 11:10:27,190:WARNING:C:\Users\User\miniconda3\envs\py3_11_9\Lib\site-packages\sklearn\metrics\_classification.py:1509: UndefinedMetricWarning: Precision is ill-defined and being set to 0.0 in labels with no predicted samples. Use `zero_division` parameter to control this behavior.
  _warn_prf(average, modifier, f"{metric.capitalize()} is", len(result))

2025-10-31 11:10:27,190:WARNING:C:\Users\User\miniconda3\envs\py3_11_9\Lib\site-packages\sklearn\metrics\_classification.py:1561: UserWarning: Note that pos_label (set to 'G') is ignored when average != 'binary' (got 'weighted'). You may use labels=[pos_label] to specify a single positive class.
  warnings.warn(

2025-10-31 11:10:27,201:WARNING:C:\Users\User\miniconda3\envs\py3_11_9\Lib\site-packages\sklearn\metrics\_classification.py:1561: UserWarning: Note that pos_label (set to 'G') is ignored when average != 'binary' (got 'weighted'). You may use labels=[pos_label] to specify a single positive class.
  warnings.warn(

2025-10-31 11:10:27,201:WARNING:C:\Users\User\miniconda3\envs\py3_11_9\Lib\site-packages\sklearn\metrics\_classification.py:1561: UserWarning: Note that pos_label (set to 'G') is ignored when average != 'binary' (got 'weighted'). You may use labels=[pos_label] to specify a single positive class.
  warnings.warn(

2025-10-31 11:10:27,211:WARNING:C:\Users\User\miniconda3\envs\py3_11_9\Lib\site-packages\pycaret\internal\metrics.py:204: FitFailedWarning: Metric 'make_scorer(roc_auc_score, response_method=('decision_function', 'predict_proba'), average=weighted, multi_class=ovr)' failed and error score 0.0 has been returned instead. If this is a custom metric, this usually means that the error is in the metric code. Full exception below:
Traceback (most recent call last):
  File "C:\Users\User\miniconda3\envs\py3_11_9\Lib\site-packages\pycaret\internal\metrics.py", line 196, in _score
    return super()._score(
           ^^^^^^^^^^^^^^^
  File "C:\Users\User\miniconda3\envs\py3_11_9\Lib\site-packages\sklearn\metrics\_scorer.py", line 350, in _score
    return self._sign * self._score_func(y_true, y_pred, **scoring_kwargs)
                        ^^^^^^^^^^^^^^^^^^^^^^^^^^^^^^^^^^^^^^^^^^^^^^^^^^
  File "C:\Users\User\miniconda3\envs\py3_11_9\Lib\site-packages\pycaret\internal\metrics.py", line 144, in __call__
    return self.score_func(y_true, y_pred, **kwargs)
           ^^^^^^^^^^^^^^^^^^^^^^^^^^^^^^^^^^^^^^^^^
  File "C:\Users\User\miniconda3\envs\py3_11_9\Lib\site-packages\sklearn\utils\_param_validation.py", line 213, in wrapper
    return func(*args, **kwargs)
           ^^^^^^^^^^^^^^^^^^^^^
  File "C:\Users\User\miniconda3\envs\py3_11_9\Lib\site-packages\sklearn\metrics\_ranking.py", line 634, in roc_auc_score
    return _multiclass_roc_auc_score(
           ^^^^^^^^^^^^^^^^^^^^^^^^^^
  File "C:\Users\User\miniconda3\envs\py3_11_9\Lib\site-packages\sklearn\metrics\_ranking.py", line 707, in _multiclass_roc_auc_score
    raise ValueError(
ValueError: Target scores need to be probabilities for multiclass roc_auc, i.e. they should sum up to 1.0 over classes

  warnings.warn(

2025-10-31 11:10:27,211:WARNING:C:\Users\User\miniconda3\envs\py3_11_9\Lib\site-packages\pycaret\internal\metrics.py:204: FitFailedWarning: Metric 'make_scorer(roc_auc_score, response_method=('decision_function', 'predict_proba'), average=weighted, multi_class=ovr)' failed and error score 0.0 has been returned instead. If this is a custom metric, this usually means that the error is in the metric code. Full exception below:
Traceback (most recent call last):
  File "C:\Users\User\miniconda3\envs\py3_11_9\Lib\site-packages\pycaret\internal\metrics.py", line 196, in _score
    return super()._score(
           ^^^^^^^^^^^^^^^
  File "C:\Users\User\miniconda3\envs\py3_11_9\Lib\site-packages\sklearn\metrics\_scorer.py", line 350, in _score
    return self._sign * self._score_func(y_true, y_pred, **scoring_kwargs)
                        ^^^^^^^^^^^^^^^^^^^^^^^^^^^^^^^^^^^^^^^^^^^^^^^^^^
  File "C:\Users\User\miniconda3\envs\py3_11_9\Lib\site-packages\pycaret\internal\metrics.py", line 144, in __call__
    return self.score_func(y_true, y_pred, **kwargs)
           ^^^^^^^^^^^^^^^^^^^^^^^^^^^^^^^^^^^^^^^^^
  File "C:\Users\User\miniconda3\envs\py3_11_9\Lib\site-packages\sklearn\utils\_param_validation.py", line 213, in wrapper
    return func(*args, **kwargs)
           ^^^^^^^^^^^^^^^^^^^^^
  File "C:\Users\User\miniconda3\envs\py3_11_9\Lib\site-packages\sklearn\metrics\_ranking.py", line 634, in roc_auc_score
    return _multiclass_roc_auc_score(
           ^^^^^^^^^^^^^^^^^^^^^^^^^^
  File "C:\Users\User\miniconda3\envs\py3_11_9\Lib\site-packages\sklearn\metrics\_ranking.py", line 707, in _multiclass_roc_auc_score
    raise ValueError(
ValueError: Target scores need to be probabilities for multiclass roc_auc, i.e. they should sum up to 1.0 over classes

  warnings.warn(

2025-10-31 11:10:27,211:WARNING:C:\Users\User\miniconda3\envs\py3_11_9\Lib\site-packages\sklearn\metrics\_classification.py:1561: UserWarning: Note that pos_label (set to 'G') is ignored when average != 'binary' (got 'weighted'). You may use labels=[pos_label] to specify a single positive class.
  warnings.warn(

2025-10-31 11:10:27,211:WARNING:C:\Users\User\miniconda3\envs\py3_11_9\Lib\site-packages\sklearn\metrics\_classification.py:1561: UserWarning: Note that pos_label (set to 'G') is ignored when average != 'binary' (got 'weighted'). You may use labels=[pos_label] to specify a single positive class.
  warnings.warn(

2025-10-31 11:10:27,220:WARNING:C:\Users\User\miniconda3\envs\py3_11_9\Lib\site-packages\sklearn\metrics\_classification.py:1561: UserWarning: Note that pos_label (set to 'G') is ignored when average != 'binary' (got 'weighted'). You may use labels=[pos_label] to specify a single positive class.
  warnings.warn(

2025-10-31 11:10:27,222:WARNING:C:\Users\User\miniconda3\envs\py3_11_9\Lib\site-packages\sklearn\metrics\_classification.py:1561: UserWarning: Note that pos_label (set to 'G') is ignored when average != 'binary' (got 'weighted'). You may use labels=[pos_label] to specify a single positive class.
  warnings.warn(

2025-10-31 11:10:27,224:WARNING:C:\Users\User\miniconda3\envs\py3_11_9\Lib\site-packages\sklearn\metrics\_classification.py:1561: UserWarning: Note that pos_label (set to 'G') is ignored when average != 'binary' (got 'weighted'). You may use labels=[pos_label] to specify a single positive class.
  warnings.warn(

2025-10-31 11:10:27,225:WARNING:C:\Users\User\miniconda3\envs\py3_11_9\Lib\site-packages\sklearn\metrics\_classification.py:1561: UserWarning: Note that pos_label (set to 'G') is ignored when average != 'binary' (got 'weighted'). You may use labels=[pos_label] to specify a single positive class.
  warnings.warn(

2025-10-31 11:10:27,232:WARNING:C:\Users\User\miniconda3\envs\py3_11_9\Lib\site-packages\pycaret\internal\metrics.py:204: FitFailedWarning: Metric 'make_scorer(roc_auc_score, response_method=('decision_function', 'predict_proba'), average=weighted, multi_class=ovr)' failed and error score 0.0 has been returned instead. If this is a custom metric, this usually means that the error is in the metric code. Full exception below:
Traceback (most recent call last):
  File "C:\Users\User\miniconda3\envs\py3_11_9\Lib\site-packages\pycaret\internal\metrics.py", line 196, in _score
    return super()._score(
           ^^^^^^^^^^^^^^^
  File "C:\Users\User\miniconda3\envs\py3_11_9\Lib\site-packages\sklearn\metrics\_scorer.py", line 350, in _score
    return self._sign * self._score_func(y_true, y_pred, **scoring_kwargs)
                        ^^^^^^^^^^^^^^^^^^^^^^^^^^^^^^^^^^^^^^^^^^^^^^^^^^
  File "C:\Users\User\miniconda3\envs\py3_11_9\Lib\site-packages\pycaret\internal\metrics.py", line 144, in __call__
    return self.score_func(y_true, y_pred, **kwargs)
           ^^^^^^^^^^^^^^^^^^^^^^^^^^^^^^^^^^^^^^^^^
  File "C:\Users\User\miniconda3\envs\py3_11_9\Lib\site-packages\sklearn\utils\_param_validation.py", line 213, in wrapper
    return func(*args, **kwargs)
           ^^^^^^^^^^^^^^^^^^^^^
  File "C:\Users\User\miniconda3\envs\py3_11_9\Lib\site-packages\sklearn\metrics\_ranking.py", line 634, in roc_auc_score
    return _multiclass_roc_auc_score(
           ^^^^^^^^^^^^^^^^^^^^^^^^^^
  File "C:\Users\User\miniconda3\envs\py3_11_9\Lib\site-packages\sklearn\metrics\_ranking.py", line 707, in _multiclass_roc_auc_score
    raise ValueError(
ValueError: Target scores need to be probabilities for multiclass roc_auc, i.e. they should sum up to 1.0 over classes

  warnings.warn(

2025-10-31 11:10:27,232:WARNING:C:\Users\User\miniconda3\envs\py3_11_9\Lib\site-packages\sklearn\metrics\_classification.py:1561: UserWarning: Note that pos_label (set to 'G') is ignored when average != 'binary' (got 'weighted'). You may use labels=[pos_label] to specify a single positive class.
  warnings.warn(

2025-10-31 11:10:27,232:WARNING:C:\Users\User\miniconda3\envs\py3_11_9\Lib\site-packages\sklearn\metrics\_classification.py:1561: UserWarning: Note that pos_label (set to 'G') is ignored when average != 'binary' (got 'weighted'). You may use labels=[pos_label] to specify a single positive class.
  warnings.warn(

2025-10-31 11:10:27,242:WARNING:C:\Users\User\miniconda3\envs\py3_11_9\Lib\site-packages\sklearn\metrics\_classification.py:1561: UserWarning: Note that pos_label (set to 'G') is ignored when average != 'binary' (got 'weighted'). You may use labels=[pos_label] to specify a single positive class.
  warnings.warn(

2025-10-31 11:10:27,243:WARNING:C:\Users\User\miniconda3\envs\py3_11_9\Lib\site-packages\sklearn\metrics\_classification.py:1561: UserWarning: Note that pos_label (set to 'G') is ignored when average != 'binary' (got 'weighted'). You may use labels=[pos_label] to specify a single positive class.
  warnings.warn(

2025-10-31 11:10:27,246:WARNING:C:\Users\User\miniconda3\envs\py3_11_9\Lib\site-packages\sklearn\metrics\_classification.py:1561: UserWarning: Note that pos_label (set to 'G') is ignored when average != 'binary' (got 'weighted'). You may use labels=[pos_label] to specify a single positive class.
  warnings.warn(

2025-10-31 11:10:27,247:WARNING:C:\Users\User\miniconda3\envs\py3_11_9\Lib\site-packages\sklearn\metrics\_classification.py:1561: UserWarning: Note that pos_label (set to 'G') is ignored when average != 'binary' (got 'weighted'). You may use labels=[pos_label] to specify a single positive class.
  warnings.warn(

2025-10-31 11:10:27,263:WARNING:C:\Users\User\miniconda3\envs\py3_11_9\Lib\site-packages\sklearn\metrics\_classification.py:1561: UserWarning: Note that pos_label (set to 'G') is ignored when average != 'binary' (got 'weighted'). You may use labels=[pos_label] to specify a single positive class.
  warnings.warn(

2025-10-31 11:10:27,263:WARNING:C:\Users\User\miniconda3\envs\py3_11_9\Lib\site-packages\sklearn\metrics\_classification.py:1561: UserWarning: Note that pos_label (set to 'G') is ignored when average != 'binary' (got 'weighted'). You may use labels=[pos_label] to specify a single positive class.
  warnings.warn(

2025-10-31 11:10:27,271:WARNING:C:\Users\User\miniconda3\envs\py3_11_9\Lib\site-packages\sklearn\metrics\_classification.py:1561: UserWarning: Note that pos_label (set to 'G') is ignored when average != 'binary' (got 'weighted'). You may use labels=[pos_label] to specify a single positive class.
  warnings.warn(

2025-10-31 11:10:27,280:WARNING:C:\Users\User\miniconda3\envs\py3_11_9\Lib\site-packages\sklearn\metrics\_classification.py:1561: UserWarning: Note that pos_label (set to 'G') is ignored when average != 'binary' (got 'weighted'). You may use labels=[pos_label] to specify a single positive class.
  warnings.warn(

2025-10-31 11:10:27,303:INFO:Calculating mean and std
2025-10-31 11:10:27,303:INFO:Creating metrics dataframe
2025-10-31 11:10:27,303:INFO:Uploading results into container
2025-10-31 11:10:27,303:INFO:Uploading model into container now
2025-10-31 11:10:27,303:INFO:_master_model_container: 9
2025-10-31 11:10:27,303:INFO:_display_container: 2
2025-10-31 11:10:27,303:INFO:AdaBoostClassifier(algorithm='SAMME.R', estimator=None, learning_rate=1.0,
                   n_estimators=50, random_state=123)
2025-10-31 11:10:27,303:INFO:create_model() successfully completed......................................
2025-10-31 11:10:27,356:INFO:SubProcess create_model() end ==================================
2025-10-31 11:10:27,356:INFO:Creating metrics dataframe
2025-10-31 11:10:27,360:INFO:Initializing Gradient Boosting Classifier
2025-10-31 11:10:27,360:INFO:Total runtime is 0.5036298513412476 minutes
2025-10-31 11:10:27,362:INFO:SubProcess create_model() called ==================================
2025-10-31 11:10:27,362:INFO:Initializing create_model()
2025-10-31 11:10:27,362:INFO:create_model(self=<pycaret.classification.oop.ClassificationExperiment object at 0x000002AFB47C1D10>, estimator=gbc, fold=StratifiedKFold(n_splits=10, random_state=None, shuffle=False), round=4, cross_validation=True, predict=True, fit_kwargs={}, groups=None, refit=False, probability_threshold=None, experiment_custom_tags=None, verbose=False, system=False, add_to_model_list=True, metrics=None, display=<pycaret.internal.display.display.CommonDisplay object at 0x000002AFB4FC4410>, model_only=True, return_train_score=False, error_score=0.0, kwargs={})
2025-10-31 11:10:27,363:INFO:Checking exceptions
2025-10-31 11:10:27,363:INFO:Importing libraries
2025-10-31 11:10:27,363:INFO:Copying training dataset
2025-10-31 11:10:27,369:INFO:Defining folds
2025-10-31 11:10:27,369:INFO:Declaring metric variables
2025-10-31 11:10:27,371:INFO:Importing untrained model
2025-10-31 11:10:27,374:INFO:Gradient Boosting Classifier Imported successfully
2025-10-31 11:10:27,378:INFO:Starting cross validation
2025-10-31 11:10:27,379:INFO:Cross validating with StratifiedKFold(n_splits=10, random_state=None, shuffle=False), n_jobs=-1
2025-10-31 11:10:56,387:WARNING:C:\Users\User\miniconda3\envs\py3_11_9\Lib\site-packages\pycaret\internal\metrics.py:204: FitFailedWarning: Metric 'make_scorer(roc_auc_score, response_method=('decision_function', 'predict_proba'), average=weighted, multi_class=ovr)' failed and error score 0.0 has been returned instead. If this is a custom metric, this usually means that the error is in the metric code. Full exception below:
Traceback (most recent call last):
  File "C:\Users\User\miniconda3\envs\py3_11_9\Lib\site-packages\pycaret\internal\metrics.py", line 196, in _score
    return super()._score(
           ^^^^^^^^^^^^^^^
  File "C:\Users\User\miniconda3\envs\py3_11_9\Lib\site-packages\sklearn\metrics\_scorer.py", line 350, in _score
    return self._sign * self._score_func(y_true, y_pred, **scoring_kwargs)
                        ^^^^^^^^^^^^^^^^^^^^^^^^^^^^^^^^^^^^^^^^^^^^^^^^^^
  File "C:\Users\User\miniconda3\envs\py3_11_9\Lib\site-packages\pycaret\internal\metrics.py", line 144, in __call__
    return self.score_func(y_true, y_pred, **kwargs)
           ^^^^^^^^^^^^^^^^^^^^^^^^^^^^^^^^^^^^^^^^^
  File "C:\Users\User\miniconda3\envs\py3_11_9\Lib\site-packages\sklearn\utils\_param_validation.py", line 213, in wrapper
    return func(*args, **kwargs)
           ^^^^^^^^^^^^^^^^^^^^^
  File "C:\Users\User\miniconda3\envs\py3_11_9\Lib\site-packages\sklearn\metrics\_ranking.py", line 634, in roc_auc_score
    return _multiclass_roc_auc_score(
           ^^^^^^^^^^^^^^^^^^^^^^^^^^
  File "C:\Users\User\miniconda3\envs\py3_11_9\Lib\site-packages\sklearn\metrics\_ranking.py", line 707, in _multiclass_roc_auc_score
    raise ValueError(
ValueError: Target scores need to be probabilities for multiclass roc_auc, i.e. they should sum up to 1.0 over classes

  warnings.warn(

2025-10-31 11:10:56,397:WARNING:C:\Users\User\miniconda3\envs\py3_11_9\Lib\site-packages\sklearn\metrics\_classification.py:1561: UserWarning: Note that pos_label (set to 'G') is ignored when average != 'binary' (got 'weighted'). You may use labels=[pos_label] to specify a single positive class.
  warnings.warn(

2025-10-31 11:10:56,418:WARNING:C:\Users\User\miniconda3\envs\py3_11_9\Lib\site-packages\sklearn\metrics\_classification.py:1561: UserWarning: Note that pos_label (set to 'G') is ignored when average != 'binary' (got 'weighted'). You may use labels=[pos_label] to specify a single positive class.
  warnings.warn(

2025-10-31 11:10:56,450:WARNING:C:\Users\User\miniconda3\envs\py3_11_9\Lib\site-packages\sklearn\metrics\_classification.py:1561: UserWarning: Note that pos_label (set to 'G') is ignored when average != 'binary' (got 'weighted'). You may use labels=[pos_label] to specify a single positive class.
  warnings.warn(

2025-10-31 11:10:56,464:WARNING:C:\Users\User\miniconda3\envs\py3_11_9\Lib\site-packages\pycaret\internal\metrics.py:204: FitFailedWarning: Metric 'make_scorer(roc_auc_score, response_method=('decision_function', 'predict_proba'), average=weighted, multi_class=ovr)' failed and error score 0.0 has been returned instead. If this is a custom metric, this usually means that the error is in the metric code. Full exception below:
Traceback (most recent call last):
  File "C:\Users\User\miniconda3\envs\py3_11_9\Lib\site-packages\pycaret\internal\metrics.py", line 196, in _score
    return super()._score(
           ^^^^^^^^^^^^^^^
  File "C:\Users\User\miniconda3\envs\py3_11_9\Lib\site-packages\sklearn\metrics\_scorer.py", line 350, in _score
    return self._sign * self._score_func(y_true, y_pred, **scoring_kwargs)
                        ^^^^^^^^^^^^^^^^^^^^^^^^^^^^^^^^^^^^^^^^^^^^^^^^^^
  File "C:\Users\User\miniconda3\envs\py3_11_9\Lib\site-packages\pycaret\internal\metrics.py", line 144, in __call__
    return self.score_func(y_true, y_pred, **kwargs)
           ^^^^^^^^^^^^^^^^^^^^^^^^^^^^^^^^^^^^^^^^^
  File "C:\Users\User\miniconda3\envs\py3_11_9\Lib\site-packages\sklearn\utils\_param_validation.py", line 213, in wrapper
    return func(*args, **kwargs)
           ^^^^^^^^^^^^^^^^^^^^^
  File "C:\Users\User\miniconda3\envs\py3_11_9\Lib\site-packages\sklearn\metrics\_ranking.py", line 634, in roc_auc_score
    return _multiclass_roc_auc_score(
           ^^^^^^^^^^^^^^^^^^^^^^^^^^
  File "C:\Users\User\miniconda3\envs\py3_11_9\Lib\site-packages\sklearn\metrics\_ranking.py", line 707, in _multiclass_roc_auc_score
    raise ValueError(
ValueError: Target scores need to be probabilities for multiclass roc_auc, i.e. they should sum up to 1.0 over classes

  warnings.warn(

2025-10-31 11:10:56,476:WARNING:C:\Users\User\miniconda3\envs\py3_11_9\Lib\site-packages\sklearn\metrics\_classification.py:1561: UserWarning: Note that pos_label (set to 'G') is ignored when average != 'binary' (got 'weighted'). You may use labels=[pos_label] to specify a single positive class.
  warnings.warn(

2025-10-31 11:10:56,497:WARNING:C:\Users\User\miniconda3\envs\py3_11_9\Lib\site-packages\sklearn\metrics\_classification.py:1561: UserWarning: Note that pos_label (set to 'G') is ignored when average != 'binary' (got 'weighted'). You may use labels=[pos_label] to specify a single positive class.
  warnings.warn(

2025-10-31 11:10:56,507:WARNING:C:\Users\User\miniconda3\envs\py3_11_9\Lib\site-packages\sklearn\metrics\_classification.py:1509: UndefinedMetricWarning: Precision is ill-defined and being set to 0.0 in labels with no predicted samples. Use `zero_division` parameter to control this behavior.
  _warn_prf(average, modifier, f"{metric.capitalize()} is", len(result))

2025-10-31 11:10:56,514:WARNING:C:\Users\User\miniconda3\envs\py3_11_9\Lib\site-packages\sklearn\metrics\_classification.py:1561: UserWarning: Note that pos_label (set to 'G') is ignored when average != 'binary' (got 'weighted'). You may use labels=[pos_label] to specify a single positive class.
  warnings.warn(

2025-10-31 11:10:56,572:WARNING:C:\Users\User\miniconda3\envs\py3_11_9\Lib\site-packages\pycaret\internal\metrics.py:204: FitFailedWarning: Metric 'make_scorer(roc_auc_score, response_method=('decision_function', 'predict_proba'), average=weighted, multi_class=ovr)' failed and error score 0.0 has been returned instead. If this is a custom metric, this usually means that the error is in the metric code. Full exception below:
Traceback (most recent call last):
  File "C:\Users\User\miniconda3\envs\py3_11_9\Lib\site-packages\pycaret\internal\metrics.py", line 196, in _score
    return super()._score(
           ^^^^^^^^^^^^^^^
  File "C:\Users\User\miniconda3\envs\py3_11_9\Lib\site-packages\sklearn\metrics\_scorer.py", line 350, in _score
    return self._sign * self._score_func(y_true, y_pred, **scoring_kwargs)
                        ^^^^^^^^^^^^^^^^^^^^^^^^^^^^^^^^^^^^^^^^^^^^^^^^^^
  File "C:\Users\User\miniconda3\envs\py3_11_9\Lib\site-packages\pycaret\internal\metrics.py", line 144, in __call__
    return self.score_func(y_true, y_pred, **kwargs)
           ^^^^^^^^^^^^^^^^^^^^^^^^^^^^^^^^^^^^^^^^^
  File "C:\Users\User\miniconda3\envs\py3_11_9\Lib\site-packages\sklearn\utils\_param_validation.py", line 213, in wrapper
    return func(*args, **kwargs)
           ^^^^^^^^^^^^^^^^^^^^^
  File "C:\Users\User\miniconda3\envs\py3_11_9\Lib\site-packages\sklearn\metrics\_ranking.py", line 634, in roc_auc_score
    return _multiclass_roc_auc_score(
           ^^^^^^^^^^^^^^^^^^^^^^^^^^
  File "C:\Users\User\miniconda3\envs\py3_11_9\Lib\site-packages\sklearn\metrics\_ranking.py", line 707, in _multiclass_roc_auc_score
    raise ValueError(
ValueError: Target scores need to be probabilities for multiclass roc_auc, i.e. they should sum up to 1.0 over classes

  warnings.warn(

2025-10-31 11:10:56,572:WARNING:C:\Users\User\miniconda3\envs\py3_11_9\Lib\site-packages\pycaret\internal\metrics.py:204: FitFailedWarning: Metric 'make_scorer(roc_auc_score, response_method=('decision_function', 'predict_proba'), average=weighted, multi_class=ovr)' failed and error score 0.0 has been returned instead. If this is a custom metric, this usually means that the error is in the metric code. Full exception below:
Traceback (most recent call last):
  File "C:\Users\User\miniconda3\envs\py3_11_9\Lib\site-packages\pycaret\internal\metrics.py", line 196, in _score
    return super()._score(
           ^^^^^^^^^^^^^^^
  File "C:\Users\User\miniconda3\envs\py3_11_9\Lib\site-packages\sklearn\metrics\_scorer.py", line 350, in _score
    return self._sign * self._score_func(y_true, y_pred, **scoring_kwargs)
                        ^^^^^^^^^^^^^^^^^^^^^^^^^^^^^^^^^^^^^^^^^^^^^^^^^^
  File "C:\Users\User\miniconda3\envs\py3_11_9\Lib\site-packages\pycaret\internal\metrics.py", line 144, in __call__
    return self.score_func(y_true, y_pred, **kwargs)
           ^^^^^^^^^^^^^^^^^^^^^^^^^^^^^^^^^^^^^^^^^
  File "C:\Users\User\miniconda3\envs\py3_11_9\Lib\site-packages\sklearn\utils\_param_validation.py", line 213, in wrapper
    return func(*args, **kwargs)
           ^^^^^^^^^^^^^^^^^^^^^
  File "C:\Users\User\miniconda3\envs\py3_11_9\Lib\site-packages\sklearn\metrics\_ranking.py", line 634, in roc_auc_score
    return _multiclass_roc_auc_score(
           ^^^^^^^^^^^^^^^^^^^^^^^^^^
  File "C:\Users\User\miniconda3\envs\py3_11_9\Lib\site-packages\sklearn\metrics\_ranking.py", line 707, in _multiclass_roc_auc_score
    raise ValueError(
ValueError: Target scores need to be probabilities for multiclass roc_auc, i.e. they should sum up to 1.0 over classes

  warnings.warn(

2025-10-31 11:10:56,583:WARNING:C:\Users\User\miniconda3\envs\py3_11_9\Lib\site-packages\sklearn\metrics\_classification.py:1561: UserWarning: Note that pos_label (set to 'G') is ignored when average != 'binary' (got 'weighted'). You may use labels=[pos_label] to specify a single positive class.
  warnings.warn(

2025-10-31 11:10:56,583:WARNING:C:\Users\User\miniconda3\envs\py3_11_9\Lib\site-packages\sklearn\metrics\_classification.py:1561: UserWarning: Note that pos_label (set to 'G') is ignored when average != 'binary' (got 'weighted'). You may use labels=[pos_label] to specify a single positive class.
  warnings.warn(

2025-10-31 11:10:56,583:WARNING:C:\Users\User\miniconda3\envs\py3_11_9\Lib\site-packages\pycaret\internal\metrics.py:204: FitFailedWarning: Metric 'make_scorer(roc_auc_score, response_method=('decision_function', 'predict_proba'), average=weighted, multi_class=ovr)' failed and error score 0.0 has been returned instead. If this is a custom metric, this usually means that the error is in the metric code. Full exception below:
Traceback (most recent call last):
  File "C:\Users\User\miniconda3\envs\py3_11_9\Lib\site-packages\pycaret\internal\metrics.py", line 196, in _score
    return super()._score(
           ^^^^^^^^^^^^^^^
  File "C:\Users\User\miniconda3\envs\py3_11_9\Lib\site-packages\sklearn\metrics\_scorer.py", line 350, in _score
    return self._sign * self._score_func(y_true, y_pred, **scoring_kwargs)
                        ^^^^^^^^^^^^^^^^^^^^^^^^^^^^^^^^^^^^^^^^^^^^^^^^^^
  File "C:\Users\User\miniconda3\envs\py3_11_9\Lib\site-packages\pycaret\internal\metrics.py", line 144, in __call__
    return self.score_func(y_true, y_pred, **kwargs)
           ^^^^^^^^^^^^^^^^^^^^^^^^^^^^^^^^^^^^^^^^^
  File "C:\Users\User\miniconda3\envs\py3_11_9\Lib\site-packages\sklearn\utils\_param_validation.py", line 213, in wrapper
    return func(*args, **kwargs)
           ^^^^^^^^^^^^^^^^^^^^^
  File "C:\Users\User\miniconda3\envs\py3_11_9\Lib\site-packages\sklearn\metrics\_ranking.py", line 634, in roc_auc_score
    return _multiclass_roc_auc_score(
           ^^^^^^^^^^^^^^^^^^^^^^^^^^
  File "C:\Users\User\miniconda3\envs\py3_11_9\Lib\site-packages\sklearn\metrics\_ranking.py", line 707, in _multiclass_roc_auc_score
    raise ValueError(
ValueError: Target scores need to be probabilities for multiclass roc_auc, i.e. they should sum up to 1.0 over classes

  warnings.warn(

2025-10-31 11:10:56,593:WARNING:C:\Users\User\miniconda3\envs\py3_11_9\Lib\site-packages\pycaret\internal\metrics.py:204: FitFailedWarning: Metric 'make_scorer(roc_auc_score, response_method=('decision_function', 'predict_proba'), average=weighted, multi_class=ovr)' failed and error score 0.0 has been returned instead. If this is a custom metric, this usually means that the error is in the metric code. Full exception below:
Traceback (most recent call last):
  File "C:\Users\User\miniconda3\envs\py3_11_9\Lib\site-packages\pycaret\internal\metrics.py", line 196, in _score
    return super()._score(
           ^^^^^^^^^^^^^^^
  File "C:\Users\User\miniconda3\envs\py3_11_9\Lib\site-packages\sklearn\metrics\_scorer.py", line 350, in _score
    return self._sign * self._score_func(y_true, y_pred, **scoring_kwargs)
                        ^^^^^^^^^^^^^^^^^^^^^^^^^^^^^^^^^^^^^^^^^^^^^^^^^^
  File "C:\Users\User\miniconda3\envs\py3_11_9\Lib\site-packages\pycaret\internal\metrics.py", line 144, in __call__
    return self.score_func(y_true, y_pred, **kwargs)
           ^^^^^^^^^^^^^^^^^^^^^^^^^^^^^^^^^^^^^^^^^
  File "C:\Users\User\miniconda3\envs\py3_11_9\Lib\site-packages\sklearn\utils\_param_validation.py", line 213, in wrapper
    return func(*args, **kwargs)
           ^^^^^^^^^^^^^^^^^^^^^
  File "C:\Users\User\miniconda3\envs\py3_11_9\Lib\site-packages\sklearn\metrics\_ranking.py", line 634, in roc_auc_score
    return _multiclass_roc_auc_score(
           ^^^^^^^^^^^^^^^^^^^^^^^^^^
  File "C:\Users\User\miniconda3\envs\py3_11_9\Lib\site-packages\sklearn\metrics\_ranking.py", line 707, in _multiclass_roc_auc_score
    raise ValueError(
ValueError: Target scores need to be probabilities for multiclass roc_auc, i.e. they should sum up to 1.0 over classes

  warnings.warn(

2025-10-31 11:10:56,593:WARNING:C:\Users\User\miniconda3\envs\py3_11_9\Lib\site-packages\sklearn\metrics\_classification.py:1561: UserWarning: Note that pos_label (set to 'G') is ignored when average != 'binary' (got 'weighted'). You may use labels=[pos_label] to specify a single positive class.
  warnings.warn(

2025-10-31 11:10:56,601:WARNING:C:\Users\User\miniconda3\envs\py3_11_9\Lib\site-packages\sklearn\metrics\_classification.py:1561: UserWarning: Note that pos_label (set to 'G') is ignored when average != 'binary' (got 'weighted'). You may use labels=[pos_label] to specify a single positive class.
  warnings.warn(

2025-10-31 11:10:56,603:WARNING:C:\Users\User\miniconda3\envs\py3_11_9\Lib\site-packages\sklearn\metrics\_classification.py:1561: UserWarning: Note that pos_label (set to 'G') is ignored when average != 'binary' (got 'weighted'). You may use labels=[pos_label] to specify a single positive class.
  warnings.warn(

2025-10-31 11:10:56,603:WARNING:C:\Users\User\miniconda3\envs\py3_11_9\Lib\site-packages\sklearn\metrics\_classification.py:1561: UserWarning: Note that pos_label (set to 'G') is ignored when average != 'binary' (got 'weighted'). You may use labels=[pos_label] to specify a single positive class.
  warnings.warn(

2025-10-31 11:10:56,611:WARNING:C:\Users\User\miniconda3\envs\py3_11_9\Lib\site-packages\pycaret\internal\metrics.py:204: FitFailedWarning: Metric 'make_scorer(roc_auc_score, response_method=('decision_function', 'predict_proba'), average=weighted, multi_class=ovr)' failed and error score 0.0 has been returned instead. If this is a custom metric, this usually means that the error is in the metric code. Full exception below:
Traceback (most recent call last):
  File "C:\Users\User\miniconda3\envs\py3_11_9\Lib\site-packages\pycaret\internal\metrics.py", line 196, in _score
    return super()._score(
           ^^^^^^^^^^^^^^^
  File "C:\Users\User\miniconda3\envs\py3_11_9\Lib\site-packages\sklearn\metrics\_scorer.py", line 350, in _score
    return self._sign * self._score_func(y_true, y_pred, **scoring_kwargs)
                        ^^^^^^^^^^^^^^^^^^^^^^^^^^^^^^^^^^^^^^^^^^^^^^^^^^
  File "C:\Users\User\miniconda3\envs\py3_11_9\Lib\site-packages\pycaret\internal\metrics.py", line 144, in __call__
    return self.score_func(y_true, y_pred, **kwargs)
           ^^^^^^^^^^^^^^^^^^^^^^^^^^^^^^^^^^^^^^^^^
  File "C:\Users\User\miniconda3\envs\py3_11_9\Lib\site-packages\sklearn\utils\_param_validation.py", line 213, in wrapper
    return func(*args, **kwargs)
           ^^^^^^^^^^^^^^^^^^^^^
  File "C:\Users\User\miniconda3\envs\py3_11_9\Lib\site-packages\sklearn\metrics\_ranking.py", line 634, in roc_auc_score
    return _multiclass_roc_auc_score(
           ^^^^^^^^^^^^^^^^^^^^^^^^^^
  File "C:\Users\User\miniconda3\envs\py3_11_9\Lib\site-packages\sklearn\metrics\_ranking.py", line 707, in _multiclass_roc_auc_score
    raise ValueError(
ValueError: Target scores need to be probabilities for multiclass roc_auc, i.e. they should sum up to 1.0 over classes

  warnings.warn(

2025-10-31 11:10:56,614:WARNING:C:\Users\User\miniconda3\envs\py3_11_9\Lib\site-packages\sklearn\metrics\_classification.py:1561: UserWarning: Note that pos_label (set to 'G') is ignored when average != 'binary' (got 'weighted'). You may use labels=[pos_label] to specify a single positive class.
  warnings.warn(

2025-10-31 11:10:56,622:WARNING:C:\Users\User\miniconda3\envs\py3_11_9\Lib\site-packages\sklearn\metrics\_classification.py:1561: UserWarning: Note that pos_label (set to 'G') is ignored when average != 'binary' (got 'weighted'). You may use labels=[pos_label] to specify a single positive class.
  warnings.warn(

2025-10-31 11:10:56,622:WARNING:C:\Users\User\miniconda3\envs\py3_11_9\Lib\site-packages\sklearn\metrics\_classification.py:1561: UserWarning: Note that pos_label (set to 'G') is ignored when average != 'binary' (got 'weighted'). You may use labels=[pos_label] to specify a single positive class.
  warnings.warn(

2025-10-31 11:10:56,624:WARNING:C:\Users\User\miniconda3\envs\py3_11_9\Lib\site-packages\sklearn\metrics\_classification.py:1561: UserWarning: Note that pos_label (set to 'G') is ignored when average != 'binary' (got 'weighted'). You may use labels=[pos_label] to specify a single positive class.
  warnings.warn(

2025-10-31 11:10:56,624:WARNING:C:\Users\User\miniconda3\envs\py3_11_9\Lib\site-packages\sklearn\metrics\_classification.py:1561: UserWarning: Note that pos_label (set to 'G') is ignored when average != 'binary' (got 'weighted'). You may use labels=[pos_label] to specify a single positive class.
  warnings.warn(

2025-10-31 11:10:56,635:WARNING:C:\Users\User\miniconda3\envs\py3_11_9\Lib\site-packages\sklearn\metrics\_classification.py:1561: UserWarning: Note that pos_label (set to 'G') is ignored when average != 'binary' (got 'weighted'). You may use labels=[pos_label] to specify a single positive class.
  warnings.warn(

2025-10-31 11:10:56,645:WARNING:C:\Users\User\miniconda3\envs\py3_11_9\Lib\site-packages\sklearn\metrics\_classification.py:1561: UserWarning: Note that pos_label (set to 'G') is ignored when average != 'binary' (got 'weighted'). You may use labels=[pos_label] to specify a single positive class.
  warnings.warn(

2025-10-31 11:10:56,645:WARNING:C:\Users\User\miniconda3\envs\py3_11_9\Lib\site-packages\sklearn\metrics\_classification.py:1561: UserWarning: Note that pos_label (set to 'G') is ignored when average != 'binary' (got 'weighted'). You may use labels=[pos_label] to specify a single positive class.
  warnings.warn(

2025-10-31 11:10:56,666:WARNING:C:\Users\User\miniconda3\envs\py3_11_9\Lib\site-packages\sklearn\metrics\_classification.py:1561: UserWarning: Note that pos_label (set to 'G') is ignored when average != 'binary' (got 'weighted'). You may use labels=[pos_label] to specify a single positive class.
  warnings.warn(

2025-10-31 11:10:56,676:WARNING:C:\Users\User\miniconda3\envs\py3_11_9\Lib\site-packages\pycaret\internal\metrics.py:204: FitFailedWarning: Metric 'make_scorer(roc_auc_score, response_method=('decision_function', 'predict_proba'), average=weighted, multi_class=ovr)' failed and error score 0.0 has been returned instead. If this is a custom metric, this usually means that the error is in the metric code. Full exception below:
Traceback (most recent call last):
  File "C:\Users\User\miniconda3\envs\py3_11_9\Lib\site-packages\pycaret\internal\metrics.py", line 196, in _score
    return super()._score(
           ^^^^^^^^^^^^^^^
  File "C:\Users\User\miniconda3\envs\py3_11_9\Lib\site-packages\sklearn\metrics\_scorer.py", line 350, in _score
    return self._sign * self._score_func(y_true, y_pred, **scoring_kwargs)
                        ^^^^^^^^^^^^^^^^^^^^^^^^^^^^^^^^^^^^^^^^^^^^^^^^^^
  File "C:\Users\User\miniconda3\envs\py3_11_9\Lib\site-packages\pycaret\internal\metrics.py", line 144, in __call__
    return self.score_func(y_true, y_pred, **kwargs)
           ^^^^^^^^^^^^^^^^^^^^^^^^^^^^^^^^^^^^^^^^^
  File "C:\Users\User\miniconda3\envs\py3_11_9\Lib\site-packages\sklearn\utils\_param_validation.py", line 213, in wrapper
    return func(*args, **kwargs)
           ^^^^^^^^^^^^^^^^^^^^^
  File "C:\Users\User\miniconda3\envs\py3_11_9\Lib\site-packages\sklearn\metrics\_ranking.py", line 634, in roc_auc_score
    return _multiclass_roc_auc_score(
           ^^^^^^^^^^^^^^^^^^^^^^^^^^
  File "C:\Users\User\miniconda3\envs\py3_11_9\Lib\site-packages\sklearn\metrics\_ranking.py", line 707, in _multiclass_roc_auc_score
    raise ValueError(
ValueError: Target scores need to be probabilities for multiclass roc_auc, i.e. they should sum up to 1.0 over classes

  warnings.warn(

2025-10-31 11:10:56,676:WARNING:C:\Users\User\miniconda3\envs\py3_11_9\Lib\site-packages\sklearn\metrics\_classification.py:1561: UserWarning: Note that pos_label (set to 'G') is ignored when average != 'binary' (got 'weighted'). You may use labels=[pos_label] to specify a single positive class.
  warnings.warn(

2025-10-31 11:10:56,686:WARNING:C:\Users\User\miniconda3\envs\py3_11_9\Lib\site-packages\sklearn\metrics\_classification.py:1561: UserWarning: Note that pos_label (set to 'G') is ignored when average != 'binary' (got 'weighted'). You may use labels=[pos_label] to specify a single positive class.
  warnings.warn(

2025-10-31 11:10:56,696:WARNING:C:\Users\User\miniconda3\envs\py3_11_9\Lib\site-packages\sklearn\metrics\_classification.py:1561: UserWarning: Note that pos_label (set to 'G') is ignored when average != 'binary' (got 'weighted'). You may use labels=[pos_label] to specify a single positive class.
  warnings.warn(

2025-10-31 11:10:56,724:WARNING:C:\Users\User\miniconda3\envs\py3_11_9\Lib\site-packages\pycaret\internal\metrics.py:204: FitFailedWarning: Metric 'make_scorer(roc_auc_score, response_method=('decision_function', 'predict_proba'), average=weighted, multi_class=ovr)' failed and error score 0.0 has been returned instead. If this is a custom metric, this usually means that the error is in the metric code. Full exception below:
Traceback (most recent call last):
  File "C:\Users\User\miniconda3\envs\py3_11_9\Lib\site-packages\pycaret\internal\metrics.py", line 196, in _score
    return super()._score(
           ^^^^^^^^^^^^^^^
  File "C:\Users\User\miniconda3\envs\py3_11_9\Lib\site-packages\sklearn\metrics\_scorer.py", line 350, in _score
    return self._sign * self._score_func(y_true, y_pred, **scoring_kwargs)
                        ^^^^^^^^^^^^^^^^^^^^^^^^^^^^^^^^^^^^^^^^^^^^^^^^^^
  File "C:\Users\User\miniconda3\envs\py3_11_9\Lib\site-packages\pycaret\internal\metrics.py", line 144, in __call__
    return self.score_func(y_true, y_pred, **kwargs)
           ^^^^^^^^^^^^^^^^^^^^^^^^^^^^^^^^^^^^^^^^^
  File "C:\Users\User\miniconda3\envs\py3_11_9\Lib\site-packages\sklearn\utils\_param_validation.py", line 213, in wrapper
    return func(*args, **kwargs)
           ^^^^^^^^^^^^^^^^^^^^^
  File "C:\Users\User\miniconda3\envs\py3_11_9\Lib\site-packages\sklearn\metrics\_ranking.py", line 634, in roc_auc_score
    return _multiclass_roc_auc_score(
           ^^^^^^^^^^^^^^^^^^^^^^^^^^
  File "C:\Users\User\miniconda3\envs\py3_11_9\Lib\site-packages\sklearn\metrics\_ranking.py", line 707, in _multiclass_roc_auc_score
    raise ValueError(
ValueError: Target scores need to be probabilities for multiclass roc_auc, i.e. they should sum up to 1.0 over classes

  warnings.warn(

2025-10-31 11:10:56,727:WARNING:C:\Users\User\miniconda3\envs\py3_11_9\Lib\site-packages\sklearn\metrics\_classification.py:1561: UserWarning: Note that pos_label (set to 'G') is ignored when average != 'binary' (got 'weighted'). You may use labels=[pos_label] to specify a single positive class.
  warnings.warn(

2025-10-31 11:10:56,738:WARNING:C:\Users\User\miniconda3\envs\py3_11_9\Lib\site-packages\sklearn\metrics\_classification.py:1561: UserWarning: Note that pos_label (set to 'G') is ignored when average != 'binary' (got 'weighted'). You may use labels=[pos_label] to specify a single positive class.
  warnings.warn(

2025-10-31 11:10:56,748:WARNING:C:\Users\User\miniconda3\envs\py3_11_9\Lib\site-packages\sklearn\metrics\_classification.py:1561: UserWarning: Note that pos_label (set to 'G') is ignored when average != 'binary' (got 'weighted'). You may use labels=[pos_label] to specify a single positive class.
  warnings.warn(

2025-10-31 11:10:56,779:WARNING:C:\Users\User\miniconda3\envs\py3_11_9\Lib\site-packages\pycaret\internal\metrics.py:204: FitFailedWarning: Metric 'make_scorer(roc_auc_score, response_method=('decision_function', 'predict_proba'), average=weighted, multi_class=ovr)' failed and error score 0.0 has been returned instead. If this is a custom metric, this usually means that the error is in the metric code. Full exception below:
Traceback (most recent call last):
  File "C:\Users\User\miniconda3\envs\py3_11_9\Lib\site-packages\pycaret\internal\metrics.py", line 196, in _score
    return super()._score(
           ^^^^^^^^^^^^^^^
  File "C:\Users\User\miniconda3\envs\py3_11_9\Lib\site-packages\sklearn\metrics\_scorer.py", line 350, in _score
    return self._sign * self._score_func(y_true, y_pred, **scoring_kwargs)
                        ^^^^^^^^^^^^^^^^^^^^^^^^^^^^^^^^^^^^^^^^^^^^^^^^^^
  File "C:\Users\User\miniconda3\envs\py3_11_9\Lib\site-packages\pycaret\internal\metrics.py", line 144, in __call__
    return self.score_func(y_true, y_pred, **kwargs)
           ^^^^^^^^^^^^^^^^^^^^^^^^^^^^^^^^^^^^^^^^^
  File "C:\Users\User\miniconda3\envs\py3_11_9\Lib\site-packages\sklearn\utils\_param_validation.py", line 213, in wrapper
    return func(*args, **kwargs)
           ^^^^^^^^^^^^^^^^^^^^^
  File "C:\Users\User\miniconda3\envs\py3_11_9\Lib\site-packages\sklearn\metrics\_ranking.py", line 634, in roc_auc_score
    return _multiclass_roc_auc_score(
           ^^^^^^^^^^^^^^^^^^^^^^^^^^
  File "C:\Users\User\miniconda3\envs\py3_11_9\Lib\site-packages\sklearn\metrics\_ranking.py", line 707, in _multiclass_roc_auc_score
    raise ValueError(
ValueError: Target scores need to be probabilities for multiclass roc_auc, i.e. they should sum up to 1.0 over classes

  warnings.warn(

2025-10-31 11:10:56,783:WARNING:C:\Users\User\miniconda3\envs\py3_11_9\Lib\site-packages\sklearn\metrics\_classification.py:1561: UserWarning: Note that pos_label (set to 'G') is ignored when average != 'binary' (got 'weighted'). You may use labels=[pos_label] to specify a single positive class.
  warnings.warn(

2025-10-31 11:10:56,791:WARNING:C:\Users\User\miniconda3\envs\py3_11_9\Lib\site-packages\sklearn\metrics\_classification.py:1561: UserWarning: Note that pos_label (set to 'G') is ignored when average != 'binary' (got 'weighted'). You may use labels=[pos_label] to specify a single positive class.
  warnings.warn(

2025-10-31 11:10:56,799:WARNING:C:\Users\User\miniconda3\envs\py3_11_9\Lib\site-packages\sklearn\metrics\_classification.py:1561: UserWarning: Note that pos_label (set to 'G') is ignored when average != 'binary' (got 'weighted'). You may use labels=[pos_label] to specify a single positive class.
  warnings.warn(

2025-10-31 11:10:56,821:INFO:Calculating mean and std
2025-10-31 11:10:56,821:INFO:Creating metrics dataframe
2025-10-31 11:10:56,821:INFO:Uploading results into container
2025-10-31 11:10:56,821:INFO:Uploading model into container now
2025-10-31 11:10:56,821:INFO:_master_model_container: 10
2025-10-31 11:10:56,821:INFO:_display_container: 2
2025-10-31 11:10:56,821:INFO:GradientBoostingClassifier(ccp_alpha=0.0, criterion='friedman_mse', init=None,
                           learning_rate=0.1, loss='log_loss', max_depth=3,
                           max_features=None, max_leaf_nodes=None,
                           min_impurity_decrease=0.0, min_samples_leaf=1,
                           min_samples_split=2, min_weight_fraction_leaf=0.0,
                           n_estimators=100, n_iter_no_change=None,
                           random_state=123, subsample=1.0, tol=0.0001,
                           validation_fraction=0.1, verbose=0,
                           warm_start=False)
2025-10-31 11:10:56,821:INFO:create_model() successfully completed......................................
2025-10-31 11:10:56,870:INFO:SubProcess create_model() end ==================================
2025-10-31 11:10:56,870:INFO:Creating metrics dataframe
2025-10-31 11:10:56,870:INFO:Initializing Linear Discriminant Analysis
2025-10-31 11:10:56,870:INFO:Total runtime is 0.9954583923021953 minutes
2025-10-31 11:10:56,886:INFO:SubProcess create_model() called ==================================
2025-10-31 11:10:56,886:INFO:Initializing create_model()
2025-10-31 11:10:56,886:INFO:create_model(self=<pycaret.classification.oop.ClassificationExperiment object at 0x000002AFB47C1D10>, estimator=lda, fold=StratifiedKFold(n_splits=10, random_state=None, shuffle=False), round=4, cross_validation=True, predict=True, fit_kwargs={}, groups=None, refit=False, probability_threshold=None, experiment_custom_tags=None, verbose=False, system=False, add_to_model_list=True, metrics=None, display=<pycaret.internal.display.display.CommonDisplay object at 0x000002AFB4FC4410>, model_only=True, return_train_score=False, error_score=0.0, kwargs={})
2025-10-31 11:10:56,886:INFO:Checking exceptions
2025-10-31 11:10:56,886:INFO:Importing libraries
2025-10-31 11:10:56,886:INFO:Copying training dataset
2025-10-31 11:10:56,896:INFO:Defining folds
2025-10-31 11:10:56,896:INFO:Declaring metric variables
2025-10-31 11:10:56,899:INFO:Importing untrained model
2025-10-31 11:10:56,901:INFO:Linear Discriminant Analysis Imported successfully
2025-10-31 11:10:56,905:INFO:Starting cross validation
2025-10-31 11:10:56,905:INFO:Cross validating with StratifiedKFold(n_splits=10, random_state=None, shuffle=False), n_jobs=-1
2025-10-31 11:10:57,233:WARNING:C:\Users\User\miniconda3\envs\py3_11_9\Lib\site-packages\pycaret\internal\metrics.py:204: FitFailedWarning: Metric 'make_scorer(roc_auc_score, response_method=('decision_function', 'predict_proba'), average=weighted, multi_class=ovr)' failed and error score 0.0 has been returned instead. If this is a custom metric, this usually means that the error is in the metric code. Full exception below:
Traceback (most recent call last):
  File "C:\Users\User\miniconda3\envs\py3_11_9\Lib\site-packages\pycaret\internal\metrics.py", line 196, in _score
    return super()._score(
           ^^^^^^^^^^^^^^^
  File "C:\Users\User\miniconda3\envs\py3_11_9\Lib\site-packages\sklearn\metrics\_scorer.py", line 350, in _score
    return self._sign * self._score_func(y_true, y_pred, **scoring_kwargs)
                        ^^^^^^^^^^^^^^^^^^^^^^^^^^^^^^^^^^^^^^^^^^^^^^^^^^
  File "C:\Users\User\miniconda3\envs\py3_11_9\Lib\site-packages\pycaret\internal\metrics.py", line 144, in __call__
    return self.score_func(y_true, y_pred, **kwargs)
           ^^^^^^^^^^^^^^^^^^^^^^^^^^^^^^^^^^^^^^^^^
  File "C:\Users\User\miniconda3\envs\py3_11_9\Lib\site-packages\sklearn\utils\_param_validation.py", line 213, in wrapper
    return func(*args, **kwargs)
           ^^^^^^^^^^^^^^^^^^^^^
  File "C:\Users\User\miniconda3\envs\py3_11_9\Lib\site-packages\sklearn\metrics\_ranking.py", line 634, in roc_auc_score
    return _multiclass_roc_auc_score(
           ^^^^^^^^^^^^^^^^^^^^^^^^^^
  File "C:\Users\User\miniconda3\envs\py3_11_9\Lib\site-packages\sklearn\metrics\_ranking.py", line 707, in _multiclass_roc_auc_score
    raise ValueError(
ValueError: Target scores need to be probabilities for multiclass roc_auc, i.e. they should sum up to 1.0 over classes

  warnings.warn(

2025-10-31 11:10:57,234:WARNING:C:\Users\User\miniconda3\envs\py3_11_9\Lib\site-packages\pycaret\internal\metrics.py:204: FitFailedWarning: Metric 'make_scorer(roc_auc_score, response_method=('decision_function', 'predict_proba'), average=weighted, multi_class=ovr)' failed and error score 0.0 has been returned instead. If this is a custom metric, this usually means that the error is in the metric code. Full exception below:
Traceback (most recent call last):
  File "C:\Users\User\miniconda3\envs\py3_11_9\Lib\site-packages\pycaret\internal\metrics.py", line 196, in _score
    return super()._score(
           ^^^^^^^^^^^^^^^
  File "C:\Users\User\miniconda3\envs\py3_11_9\Lib\site-packages\sklearn\metrics\_scorer.py", line 350, in _score
    return self._sign * self._score_func(y_true, y_pred, **scoring_kwargs)
                        ^^^^^^^^^^^^^^^^^^^^^^^^^^^^^^^^^^^^^^^^^^^^^^^^^^
  File "C:\Users\User\miniconda3\envs\py3_11_9\Lib\site-packages\pycaret\internal\metrics.py", line 144, in __call__
    return self.score_func(y_true, y_pred, **kwargs)
           ^^^^^^^^^^^^^^^^^^^^^^^^^^^^^^^^^^^^^^^^^
  File "C:\Users\User\miniconda3\envs\py3_11_9\Lib\site-packages\sklearn\utils\_param_validation.py", line 213, in wrapper
    return func(*args, **kwargs)
           ^^^^^^^^^^^^^^^^^^^^^
  File "C:\Users\User\miniconda3\envs\py3_11_9\Lib\site-packages\sklearn\metrics\_ranking.py", line 634, in roc_auc_score
    return _multiclass_roc_auc_score(
           ^^^^^^^^^^^^^^^^^^^^^^^^^^
  File "C:\Users\User\miniconda3\envs\py3_11_9\Lib\site-packages\sklearn\metrics\_ranking.py", line 707, in _multiclass_roc_auc_score
    raise ValueError(
ValueError: Target scores need to be probabilities for multiclass roc_auc, i.e. they should sum up to 1.0 over classes

  warnings.warn(

2025-10-31 11:10:57,245:WARNING:C:\Users\User\miniconda3\envs\py3_11_9\Lib\site-packages\sklearn\metrics\_classification.py:1561: UserWarning: Note that pos_label (set to 'G') is ignored when average != 'binary' (got 'weighted'). You may use labels=[pos_label] to specify a single positive class.
  warnings.warn(

2025-10-31 11:10:57,250:WARNING:C:\Users\User\miniconda3\envs\py3_11_9\Lib\site-packages\sklearn\metrics\_classification.py:1561: UserWarning: Note that pos_label (set to 'G') is ignored when average != 'binary' (got 'weighted'). You may use labels=[pos_label] to specify a single positive class.
  warnings.warn(

2025-10-31 11:10:57,262:WARNING:C:\Users\User\miniconda3\envs\py3_11_9\Lib\site-packages\pycaret\internal\metrics.py:204: FitFailedWarning: Metric 'make_scorer(roc_auc_score, response_method=('decision_function', 'predict_proba'), average=weighted, multi_class=ovr)' failed and error score 0.0 has been returned instead. If this is a custom metric, this usually means that the error is in the metric code. Full exception below:
Traceback (most recent call last):
  File "C:\Users\User\miniconda3\envs\py3_11_9\Lib\site-packages\pycaret\internal\metrics.py", line 196, in _score
    return super()._score(
           ^^^^^^^^^^^^^^^
  File "C:\Users\User\miniconda3\envs\py3_11_9\Lib\site-packages\sklearn\metrics\_scorer.py", line 350, in _score
    return self._sign * self._score_func(y_true, y_pred, **scoring_kwargs)
                        ^^^^^^^^^^^^^^^^^^^^^^^^^^^^^^^^^^^^^^^^^^^^^^^^^^
  File "C:\Users\User\miniconda3\envs\py3_11_9\Lib\site-packages\pycaret\internal\metrics.py", line 144, in __call__
    return self.score_func(y_true, y_pred, **kwargs)
           ^^^^^^^^^^^^^^^^^^^^^^^^^^^^^^^^^^^^^^^^^
  File "C:\Users\User\miniconda3\envs\py3_11_9\Lib\site-packages\sklearn\utils\_param_validation.py", line 213, in wrapper
    return func(*args, **kwargs)
           ^^^^^^^^^^^^^^^^^^^^^
  File "C:\Users\User\miniconda3\envs\py3_11_9\Lib\site-packages\sklearn\metrics\_ranking.py", line 634, in roc_auc_score
    return _multiclass_roc_auc_score(
           ^^^^^^^^^^^^^^^^^^^^^^^^^^
  File "C:\Users\User\miniconda3\envs\py3_11_9\Lib\site-packages\sklearn\metrics\_ranking.py", line 707, in _multiclass_roc_auc_score
    raise ValueError(
ValueError: Target scores need to be probabilities for multiclass roc_auc, i.e. they should sum up to 1.0 over classes

  warnings.warn(

2025-10-31 11:10:57,265:WARNING:C:\Users\User\miniconda3\envs\py3_11_9\Lib\site-packages\sklearn\metrics\_classification.py:1561: UserWarning: Note that pos_label (set to 'G') is ignored when average != 'binary' (got 'weighted'). You may use labels=[pos_label] to specify a single positive class.
  warnings.warn(

2025-10-31 11:10:57,265:WARNING:C:\Users\User\miniconda3\envs\py3_11_9\Lib\site-packages\pycaret\internal\metrics.py:204: FitFailedWarning: Metric 'make_scorer(roc_auc_score, response_method=('decision_function', 'predict_proba'), average=weighted, multi_class=ovr)' failed and error score 0.0 has been returned instead. If this is a custom metric, this usually means that the error is in the metric code. Full exception below:
Traceback (most recent call last):
  File "C:\Users\User\miniconda3\envs\py3_11_9\Lib\site-packages\pycaret\internal\metrics.py", line 196, in _score
    return super()._score(
           ^^^^^^^^^^^^^^^
  File "C:\Users\User\miniconda3\envs\py3_11_9\Lib\site-packages\sklearn\metrics\_scorer.py", line 350, in _score
    return self._sign * self._score_func(y_true, y_pred, **scoring_kwargs)
                        ^^^^^^^^^^^^^^^^^^^^^^^^^^^^^^^^^^^^^^^^^^^^^^^^^^
  File "C:\Users\User\miniconda3\envs\py3_11_9\Lib\site-packages\pycaret\internal\metrics.py", line 144, in __call__
    return self.score_func(y_true, y_pred, **kwargs)
           ^^^^^^^^^^^^^^^^^^^^^^^^^^^^^^^^^^^^^^^^^
  File "C:\Users\User\miniconda3\envs\py3_11_9\Lib\site-packages\sklearn\utils\_param_validation.py", line 213, in wrapper
    return func(*args, **kwargs)
           ^^^^^^^^^^^^^^^^^^^^^
  File "C:\Users\User\miniconda3\envs\py3_11_9\Lib\site-packages\sklearn\metrics\_ranking.py", line 634, in roc_auc_score
    return _multiclass_roc_auc_score(
           ^^^^^^^^^^^^^^^^^^^^^^^^^^
  File "C:\Users\User\miniconda3\envs\py3_11_9\Lib\site-packages\sklearn\metrics\_ranking.py", line 707, in _multiclass_roc_auc_score
    raise ValueError(
ValueError: Target scores need to be probabilities for multiclass roc_auc, i.e. they should sum up to 1.0 over classes

  warnings.warn(

2025-10-31 11:10:57,272:WARNING:C:\Users\User\miniconda3\envs\py3_11_9\Lib\site-packages\sklearn\metrics\_classification.py:1561: UserWarning: Note that pos_label (set to 'G') is ignored when average != 'binary' (got 'weighted'). You may use labels=[pos_label] to specify a single positive class.
  warnings.warn(

2025-10-31 11:10:57,275:WARNING:C:\Users\User\miniconda3\envs\py3_11_9\Lib\site-packages\sklearn\metrics\_classification.py:1561: UserWarning: Note that pos_label (set to 'G') is ignored when average != 'binary' (got 'weighted'). You may use labels=[pos_label] to specify a single positive class.
  warnings.warn(

2025-10-31 11:10:57,275:WARNING:C:\Users\User\miniconda3\envs\py3_11_9\Lib\site-packages\sklearn\metrics\_classification.py:1561: UserWarning: Note that pos_label (set to 'G') is ignored when average != 'binary' (got 'weighted'). You may use labels=[pos_label] to specify a single positive class.
  warnings.warn(

2025-10-31 11:10:57,285:WARNING:C:\Users\User\miniconda3\envs\py3_11_9\Lib\site-packages\pycaret\internal\metrics.py:204: FitFailedWarning: Metric 'make_scorer(roc_auc_score, response_method=('decision_function', 'predict_proba'), average=weighted, multi_class=ovr)' failed and error score 0.0 has been returned instead. If this is a custom metric, this usually means that the error is in the metric code. Full exception below:
Traceback (most recent call last):
  File "C:\Users\User\miniconda3\envs\py3_11_9\Lib\site-packages\pycaret\internal\metrics.py", line 196, in _score
    return super()._score(
           ^^^^^^^^^^^^^^^
  File "C:\Users\User\miniconda3\envs\py3_11_9\Lib\site-packages\sklearn\metrics\_scorer.py", line 350, in _score
    return self._sign * self._score_func(y_true, y_pred, **scoring_kwargs)
                        ^^^^^^^^^^^^^^^^^^^^^^^^^^^^^^^^^^^^^^^^^^^^^^^^^^
  File "C:\Users\User\miniconda3\envs\py3_11_9\Lib\site-packages\pycaret\internal\metrics.py", line 144, in __call__
    return self.score_func(y_true, y_pred, **kwargs)
           ^^^^^^^^^^^^^^^^^^^^^^^^^^^^^^^^^^^^^^^^^
  File "C:\Users\User\miniconda3\envs\py3_11_9\Lib\site-packages\sklearn\utils\_param_validation.py", line 213, in wrapper
    return func(*args, **kwargs)
           ^^^^^^^^^^^^^^^^^^^^^
  File "C:\Users\User\miniconda3\envs\py3_11_9\Lib\site-packages\sklearn\metrics\_ranking.py", line 634, in roc_auc_score
    return _multiclass_roc_auc_score(
           ^^^^^^^^^^^^^^^^^^^^^^^^^^
  File "C:\Users\User\miniconda3\envs\py3_11_9\Lib\site-packages\sklearn\metrics\_ranking.py", line 707, in _multiclass_roc_auc_score
    raise ValueError(
ValueError: Target scores need to be probabilities for multiclass roc_auc, i.e. they should sum up to 1.0 over classes

  warnings.warn(

2025-10-31 11:10:57,285:WARNING:C:\Users\User\miniconda3\envs\py3_11_9\Lib\site-packages\pycaret\internal\metrics.py:204: FitFailedWarning: Metric 'make_scorer(roc_auc_score, response_method=('decision_function', 'predict_proba'), average=weighted, multi_class=ovr)' failed and error score 0.0 has been returned instead. If this is a custom metric, this usually means that the error is in the metric code. Full exception below:
Traceback (most recent call last):
  File "C:\Users\User\miniconda3\envs\py3_11_9\Lib\site-packages\pycaret\internal\metrics.py", line 196, in _score
    return super()._score(
           ^^^^^^^^^^^^^^^
  File "C:\Users\User\miniconda3\envs\py3_11_9\Lib\site-packages\sklearn\metrics\_scorer.py", line 350, in _score
    return self._sign * self._score_func(y_true, y_pred, **scoring_kwargs)
                        ^^^^^^^^^^^^^^^^^^^^^^^^^^^^^^^^^^^^^^^^^^^^^^^^^^
  File "C:\Users\User\miniconda3\envs\py3_11_9\Lib\site-packages\pycaret\internal\metrics.py", line 144, in __call__
    return self.score_func(y_true, y_pred, **kwargs)
           ^^^^^^^^^^^^^^^^^^^^^^^^^^^^^^^^^^^^^^^^^
  File "C:\Users\User\miniconda3\envs\py3_11_9\Lib\site-packages\sklearn\utils\_param_validation.py", line 213, in wrapper
    return func(*args, **kwargs)
           ^^^^^^^^^^^^^^^^^^^^^
  File "C:\Users\User\miniconda3\envs\py3_11_9\Lib\site-packages\sklearn\metrics\_ranking.py", line 634, in roc_auc_score
    return _multiclass_roc_auc_score(
           ^^^^^^^^^^^^^^^^^^^^^^^^^^
  File "C:\Users\User\miniconda3\envs\py3_11_9\Lib\site-packages\sklearn\metrics\_ranking.py", line 707, in _multiclass_roc_auc_score
    raise ValueError(
ValueError: Target scores need to be probabilities for multiclass roc_auc, i.e. they should sum up to 1.0 over classes

  warnings.warn(

2025-10-31 11:10:57,291:WARNING:C:\Users\User\miniconda3\envs\py3_11_9\Lib\site-packages\sklearn\metrics\_classification.py:1561: UserWarning: Note that pos_label (set to 'G') is ignored when average != 'binary' (got 'weighted'). You may use labels=[pos_label] to specify a single positive class.
  warnings.warn(

2025-10-31 11:10:57,293:WARNING:C:\Users\User\miniconda3\envs\py3_11_9\Lib\site-packages\pycaret\internal\metrics.py:204: FitFailedWarning: Metric 'make_scorer(roc_auc_score, response_method=('decision_function', 'predict_proba'), average=weighted, multi_class=ovr)' failed and error score 0.0 has been returned instead. If this is a custom metric, this usually means that the error is in the metric code. Full exception below:
Traceback (most recent call last):
  File "C:\Users\User\miniconda3\envs\py3_11_9\Lib\site-packages\pycaret\internal\metrics.py", line 196, in _score
    return super()._score(
           ^^^^^^^^^^^^^^^
  File "C:\Users\User\miniconda3\envs\py3_11_9\Lib\site-packages\sklearn\metrics\_scorer.py", line 350, in _score
    return self._sign * self._score_func(y_true, y_pred, **scoring_kwargs)
                        ^^^^^^^^^^^^^^^^^^^^^^^^^^^^^^^^^^^^^^^^^^^^^^^^^^
  File "C:\Users\User\miniconda3\envs\py3_11_9\Lib\site-packages\pycaret\internal\metrics.py", line 144, in __call__
    return self.score_func(y_true, y_pred, **kwargs)
           ^^^^^^^^^^^^^^^^^^^^^^^^^^^^^^^^^^^^^^^^^
  File "C:\Users\User\miniconda3\envs\py3_11_9\Lib\site-packages\sklearn\utils\_param_validation.py", line 213, in wrapper
    return func(*args, **kwargs)
           ^^^^^^^^^^^^^^^^^^^^^
  File "C:\Users\User\miniconda3\envs\py3_11_9\Lib\site-packages\sklearn\metrics\_ranking.py", line 634, in roc_auc_score
    return _multiclass_roc_auc_score(
           ^^^^^^^^^^^^^^^^^^^^^^^^^^
  File "C:\Users\User\miniconda3\envs\py3_11_9\Lib\site-packages\sklearn\metrics\_ranking.py", line 707, in _multiclass_roc_auc_score
    raise ValueError(
ValueError: Target scores need to be probabilities for multiclass roc_auc, i.e. they should sum up to 1.0 over classes

  warnings.warn(

2025-10-31 11:10:57,293:WARNING:C:\Users\User\miniconda3\envs\py3_11_9\Lib\site-packages\sklearn\metrics\_classification.py:1561: UserWarning: Note that pos_label (set to 'G') is ignored when average != 'binary' (got 'weighted'). You may use labels=[pos_label] to specify a single positive class.
  warnings.warn(

2025-10-31 11:10:57,295:WARNING:C:\Users\User\miniconda3\envs\py3_11_9\Lib\site-packages\pycaret\internal\metrics.py:204: FitFailedWarning: Metric 'make_scorer(roc_auc_score, response_method=('decision_function', 'predict_proba'), average=weighted, multi_class=ovr)' failed and error score 0.0 has been returned instead. If this is a custom metric, this usually means that the error is in the metric code. Full exception below:
Traceback (most recent call last):
  File "C:\Users\User\miniconda3\envs\py3_11_9\Lib\site-packages\pycaret\internal\metrics.py", line 196, in _score
    return super()._score(
           ^^^^^^^^^^^^^^^
  File "C:\Users\User\miniconda3\envs\py3_11_9\Lib\site-packages\sklearn\metrics\_scorer.py", line 350, in _score
    return self._sign * self._score_func(y_true, y_pred, **scoring_kwargs)
                        ^^^^^^^^^^^^^^^^^^^^^^^^^^^^^^^^^^^^^^^^^^^^^^^^^^
  File "C:\Users\User\miniconda3\envs\py3_11_9\Lib\site-packages\pycaret\internal\metrics.py", line 144, in __call__
    return self.score_func(y_true, y_pred, **kwargs)
           ^^^^^^^^^^^^^^^^^^^^^^^^^^^^^^^^^^^^^^^^^
  File "C:\Users\User\miniconda3\envs\py3_11_9\Lib\site-packages\sklearn\utils\_param_validation.py", line 213, in wrapper
    return func(*args, **kwargs)
           ^^^^^^^^^^^^^^^^^^^^^
  File "C:\Users\User\miniconda3\envs\py3_11_9\Lib\site-packages\sklearn\metrics\_ranking.py", line 634, in roc_auc_score
    return _multiclass_roc_auc_score(
           ^^^^^^^^^^^^^^^^^^^^^^^^^^
  File "C:\Users\User\miniconda3\envs\py3_11_9\Lib\site-packages\sklearn\metrics\_ranking.py", line 707, in _multiclass_roc_auc_score
    raise ValueError(
ValueError: Target scores need to be probabilities for multiclass roc_auc, i.e. they should sum up to 1.0 over classes

  warnings.warn(

2025-10-31 11:10:57,295:WARNING:C:\Users\User\miniconda3\envs\py3_11_9\Lib\site-packages\sklearn\metrics\_classification.py:1561: UserWarning: Note that pos_label (set to 'G') is ignored when average != 'binary' (got 'weighted'). You may use labels=[pos_label] to specify a single positive class.
  warnings.warn(

2025-10-31 11:10:57,295:WARNING:C:\Users\User\miniconda3\envs\py3_11_9\Lib\site-packages\sklearn\metrics\_classification.py:1561: UserWarning: Note that pos_label (set to 'G') is ignored when average != 'binary' (got 'weighted'). You may use labels=[pos_label] to specify a single positive class.
  warnings.warn(

2025-10-31 11:10:57,295:WARNING:C:\Users\User\miniconda3\envs\py3_11_9\Lib\site-packages\sklearn\metrics\_classification.py:1561: UserWarning: Note that pos_label (set to 'G') is ignored when average != 'binary' (got 'weighted'). You may use labels=[pos_label] to specify a single positive class.
  warnings.warn(

2025-10-31 11:10:57,295:WARNING:C:\Users\User\miniconda3\envs\py3_11_9\Lib\site-packages\sklearn\metrics\_classification.py:1561: UserWarning: Note that pos_label (set to 'G') is ignored when average != 'binary' (got 'weighted'). You may use labels=[pos_label] to specify a single positive class.
  warnings.warn(

2025-10-31 11:10:57,295:WARNING:C:\Users\User\miniconda3\envs\py3_11_9\Lib\site-packages\sklearn\metrics\_classification.py:1561: UserWarning: Note that pos_label (set to 'G') is ignored when average != 'binary' (got 'weighted'). You may use labels=[pos_label] to specify a single positive class.
  warnings.warn(

2025-10-31 11:10:57,301:WARNING:C:\Users\User\miniconda3\envs\py3_11_9\Lib\site-packages\sklearn\metrics\_classification.py:1561: UserWarning: Note that pos_label (set to 'G') is ignored when average != 'binary' (got 'weighted'). You may use labels=[pos_label] to specify a single positive class.
  warnings.warn(

2025-10-31 11:10:57,303:WARNING:C:\Users\User\miniconda3\envs\py3_11_9\Lib\site-packages\sklearn\metrics\_classification.py:1561: UserWarning: Note that pos_label (set to 'G') is ignored when average != 'binary' (got 'weighted'). You may use labels=[pos_label] to specify a single positive class.
  warnings.warn(

2025-10-31 11:10:57,305:WARNING:C:\Users\User\miniconda3\envs\py3_11_9\Lib\site-packages\pycaret\internal\metrics.py:204: FitFailedWarning: Metric 'make_scorer(roc_auc_score, response_method=('decision_function', 'predict_proba'), average=weighted, multi_class=ovr)' failed and error score 0.0 has been returned instead. If this is a custom metric, this usually means that the error is in the metric code. Full exception below:
Traceback (most recent call last):
  File "C:\Users\User\miniconda3\envs\py3_11_9\Lib\site-packages\pycaret\internal\metrics.py", line 196, in _score
    return super()._score(
           ^^^^^^^^^^^^^^^
  File "C:\Users\User\miniconda3\envs\py3_11_9\Lib\site-packages\sklearn\metrics\_scorer.py", line 350, in _score
    return self._sign * self._score_func(y_true, y_pred, **scoring_kwargs)
                        ^^^^^^^^^^^^^^^^^^^^^^^^^^^^^^^^^^^^^^^^^^^^^^^^^^
  File "C:\Users\User\miniconda3\envs\py3_11_9\Lib\site-packages\pycaret\internal\metrics.py", line 144, in __call__
    return self.score_func(y_true, y_pred, **kwargs)
           ^^^^^^^^^^^^^^^^^^^^^^^^^^^^^^^^^^^^^^^^^
  File "C:\Users\User\miniconda3\envs\py3_11_9\Lib\site-packages\sklearn\utils\_param_validation.py", line 213, in wrapper
    return func(*args, **kwargs)
           ^^^^^^^^^^^^^^^^^^^^^
  File "C:\Users\User\miniconda3\envs\py3_11_9\Lib\site-packages\sklearn\metrics\_ranking.py", line 634, in roc_auc_score
    return _multiclass_roc_auc_score(
           ^^^^^^^^^^^^^^^^^^^^^^^^^^
  File "C:\Users\User\miniconda3\envs\py3_11_9\Lib\site-packages\sklearn\metrics\_ranking.py", line 707, in _multiclass_roc_auc_score
    raise ValueError(
ValueError: Target scores need to be probabilities for multiclass roc_auc, i.e. they should sum up to 1.0 over classes

  warnings.warn(

2025-10-31 11:10:57,305:WARNING:C:\Users\User\miniconda3\envs\py3_11_9\Lib\site-packages\sklearn\metrics\_classification.py:1561: UserWarning: Note that pos_label (set to 'G') is ignored when average != 'binary' (got 'weighted'). You may use labels=[pos_label] to specify a single positive class.
  warnings.warn(

2025-10-31 11:10:57,315:WARNING:C:\Users\User\miniconda3\envs\py3_11_9\Lib\site-packages\sklearn\metrics\_classification.py:1561: UserWarning: Note that pos_label (set to 'G') is ignored when average != 'binary' (got 'weighted'). You may use labels=[pos_label] to specify a single positive class.
  warnings.warn(

2025-10-31 11:10:57,315:WARNING:C:\Users\User\miniconda3\envs\py3_11_9\Lib\site-packages\sklearn\metrics\_classification.py:1561: UserWarning: Note that pos_label (set to 'G') is ignored when average != 'binary' (got 'weighted'). You may use labels=[pos_label] to specify a single positive class.
  warnings.warn(

2025-10-31 11:10:57,315:WARNING:C:\Users\User\miniconda3\envs\py3_11_9\Lib\site-packages\sklearn\metrics\_classification.py:1561: UserWarning: Note that pos_label (set to 'G') is ignored when average != 'binary' (got 'weighted'). You may use labels=[pos_label] to specify a single positive class.
  warnings.warn(

2025-10-31 11:10:57,315:WARNING:C:\Users\User\miniconda3\envs\py3_11_9\Lib\site-packages\sklearn\metrics\_classification.py:1561: UserWarning: Note that pos_label (set to 'G') is ignored when average != 'binary' (got 'weighted'). You may use labels=[pos_label] to specify a single positive class.
  warnings.warn(

2025-10-31 11:10:57,315:WARNING:C:\Users\User\miniconda3\envs\py3_11_9\Lib\site-packages\sklearn\metrics\_classification.py:1561: UserWarning: Note that pos_label (set to 'G') is ignored when average != 'binary' (got 'weighted'). You may use labels=[pos_label] to specify a single positive class.
  warnings.warn(

2025-10-31 11:10:57,321:WARNING:C:\Users\User\miniconda3\envs\py3_11_9\Lib\site-packages\sklearn\metrics\_classification.py:1561: UserWarning: Note that pos_label (set to 'G') is ignored when average != 'binary' (got 'weighted'). You may use labels=[pos_label] to specify a single positive class.
  warnings.warn(

2025-10-31 11:10:57,325:WARNING:C:\Users\User\miniconda3\envs\py3_11_9\Lib\site-packages\sklearn\metrics\_classification.py:1561: UserWarning: Note that pos_label (set to 'G') is ignored when average != 'binary' (got 'weighted'). You may use labels=[pos_label] to specify a single positive class.
  warnings.warn(

2025-10-31 11:10:57,331:WARNING:C:\Users\User\miniconda3\envs\py3_11_9\Lib\site-packages\sklearn\metrics\_classification.py:1561: UserWarning: Note that pos_label (set to 'G') is ignored when average != 'binary' (got 'weighted'). You may use labels=[pos_label] to specify a single positive class.
  warnings.warn(

2025-10-31 11:10:57,336:WARNING:C:\Users\User\miniconda3\envs\py3_11_9\Lib\site-packages\sklearn\metrics\_classification.py:1561: UserWarning: Note that pos_label (set to 'G') is ignored when average != 'binary' (got 'weighted'). You may use labels=[pos_label] to specify a single positive class.
  warnings.warn(

2025-10-31 11:10:57,341:WARNING:C:\Users\User\miniconda3\envs\py3_11_9\Lib\site-packages\sklearn\metrics\_classification.py:1561: UserWarning: Note that pos_label (set to 'G') is ignored when average != 'binary' (got 'weighted'). You may use labels=[pos_label] to specify a single positive class.
  warnings.warn(

2025-10-31 11:10:57,341:WARNING:C:\Users\User\miniconda3\envs\py3_11_9\Lib\site-packages\sklearn\metrics\_classification.py:1561: UserWarning: Note that pos_label (set to 'G') is ignored when average != 'binary' (got 'weighted'). You may use labels=[pos_label] to specify a single positive class.
  warnings.warn(

2025-10-31 11:10:57,341:WARNING:C:\Users\User\miniconda3\envs\py3_11_9\Lib\site-packages\sklearn\metrics\_classification.py:1561: UserWarning: Note that pos_label (set to 'G') is ignored when average != 'binary' (got 'weighted'). You may use labels=[pos_label] to specify a single positive class.
  warnings.warn(

2025-10-31 11:10:57,346:WARNING:C:\Users\User\miniconda3\envs\py3_11_9\Lib\site-packages\sklearn\metrics\_classification.py:1561: UserWarning: Note that pos_label (set to 'G') is ignored when average != 'binary' (got 'weighted'). You may use labels=[pos_label] to specify a single positive class.
  warnings.warn(

2025-10-31 11:10:57,363:WARNING:C:\Users\User\miniconda3\envs\py3_11_9\Lib\site-packages\sklearn\metrics\_classification.py:1561: UserWarning: Note that pos_label (set to 'G') is ignored when average != 'binary' (got 'weighted'). You may use labels=[pos_label] to specify a single positive class.
  warnings.warn(

2025-10-31 11:10:57,387:INFO:Calculating mean and std
2025-10-31 11:10:57,387:INFO:Creating metrics dataframe
2025-10-31 11:10:57,387:INFO:Uploading results into container
2025-10-31 11:10:57,387:INFO:Uploading model into container now
2025-10-31 11:10:57,387:INFO:_master_model_container: 11
2025-10-31 11:10:57,387:INFO:_display_container: 2
2025-10-31 11:10:57,390:INFO:LinearDiscriminantAnalysis(covariance_estimator=None, n_components=None,
                           priors=None, shrinkage=None, solver='svd',
                           store_covariance=False, tol=0.0001)
2025-10-31 11:10:57,391:INFO:create_model() successfully completed......................................
2025-10-31 11:10:57,443:INFO:SubProcess create_model() end ==================================
2025-10-31 11:10:57,444:INFO:Creating metrics dataframe
2025-10-31 11:10:57,449:INFO:Initializing Extra Trees Classifier
2025-10-31 11:10:57,449:INFO:Total runtime is 1.0051101565361025 minutes
2025-10-31 11:10:57,451:INFO:SubProcess create_model() called ==================================
2025-10-31 11:10:57,451:INFO:Initializing create_model()
2025-10-31 11:10:57,451:INFO:create_model(self=<pycaret.classification.oop.ClassificationExperiment object at 0x000002AFB47C1D10>, estimator=et, fold=StratifiedKFold(n_splits=10, random_state=None, shuffle=False), round=4, cross_validation=True, predict=True, fit_kwargs={}, groups=None, refit=False, probability_threshold=None, experiment_custom_tags=None, verbose=False, system=False, add_to_model_list=True, metrics=None, display=<pycaret.internal.display.display.CommonDisplay object at 0x000002AFB4FC4410>, model_only=True, return_train_score=False, error_score=0.0, kwargs={})
2025-10-31 11:10:57,451:INFO:Checking exceptions
2025-10-31 11:10:57,451:INFO:Importing libraries
2025-10-31 11:10:57,451:INFO:Copying training dataset
2025-10-31 11:10:57,457:INFO:Defining folds
2025-10-31 11:10:57,457:INFO:Declaring metric variables
2025-10-31 11:10:57,458:INFO:Importing untrained model
2025-10-31 11:10:57,458:INFO:Extra Trees Classifier Imported successfully
2025-10-31 11:10:57,469:INFO:Starting cross validation
2025-10-31 11:10:57,470:INFO:Cross validating with StratifiedKFold(n_splits=10, random_state=None, shuffle=False), n_jobs=-1
2025-10-31 11:11:01,445:WARNING:C:\Users\User\miniconda3\envs\py3_11_9\Lib\site-packages\sklearn\metrics\_classification.py:1561: UserWarning: Note that pos_label (set to 'G') is ignored when average != 'binary' (got 'weighted'). You may use labels=[pos_label] to specify a single positive class.
  warnings.warn(

2025-10-31 11:11:01,459:WARNING:C:\Users\User\miniconda3\envs\py3_11_9\Lib\site-packages\sklearn\metrics\_classification.py:1561: UserWarning: Note that pos_label (set to 'G') is ignored when average != 'binary' (got 'weighted'). You may use labels=[pos_label] to specify a single positive class.
  warnings.warn(

2025-10-31 11:11:01,478:WARNING:C:\Users\User\miniconda3\envs\py3_11_9\Lib\site-packages\sklearn\metrics\_classification.py:1561: UserWarning: Note that pos_label (set to 'G') is ignored when average != 'binary' (got 'weighted'). You may use labels=[pos_label] to specify a single positive class.
  warnings.warn(

2025-10-31 11:11:01,482:WARNING:C:\Users\User\miniconda3\envs\py3_11_9\Lib\site-packages\sklearn\metrics\_classification.py:1561: UserWarning: Note that pos_label (set to 'G') is ignored when average != 'binary' (got 'weighted'). You may use labels=[pos_label] to specify a single positive class.
  warnings.warn(

2025-10-31 11:11:01,509:WARNING:C:\Users\User\miniconda3\envs\py3_11_9\Lib\site-packages\sklearn\metrics\_classification.py:1561: UserWarning: Note that pos_label (set to 'G') is ignored when average != 'binary' (got 'weighted'). You may use labels=[pos_label] to specify a single positive class.
  warnings.warn(

2025-10-31 11:11:01,510:WARNING:C:\Users\User\miniconda3\envs\py3_11_9\Lib\site-packages\sklearn\metrics\_classification.py:1561: UserWarning: Note that pos_label (set to 'G') is ignored when average != 'binary' (got 'weighted'). You may use labels=[pos_label] to specify a single positive class.
  warnings.warn(

2025-10-31 11:11:01,510:WARNING:C:\Users\User\miniconda3\envs\py3_11_9\Lib\site-packages\sklearn\metrics\_classification.py:1561: UserWarning: Note that pos_label (set to 'G') is ignored when average != 'binary' (got 'weighted'). You may use labels=[pos_label] to specify a single positive class.
  warnings.warn(

2025-10-31 11:11:01,516:WARNING:C:\Users\User\miniconda3\envs\py3_11_9\Lib\site-packages\sklearn\metrics\_classification.py:1561: UserWarning: Note that pos_label (set to 'G') is ignored when average != 'binary' (got 'weighted'). You may use labels=[pos_label] to specify a single positive class.
  warnings.warn(

2025-10-31 11:11:01,523:WARNING:C:\Users\User\miniconda3\envs\py3_11_9\Lib\site-packages\sklearn\metrics\_classification.py:1561: UserWarning: Note that pos_label (set to 'G') is ignored when average != 'binary' (got 'weighted'). You may use labels=[pos_label] to specify a single positive class.
  warnings.warn(

2025-10-31 11:11:01,524:WARNING:C:\Users\User\miniconda3\envs\py3_11_9\Lib\site-packages\sklearn\metrics\_classification.py:1561: UserWarning: Note that pos_label (set to 'G') is ignored when average != 'binary' (got 'weighted'). You may use labels=[pos_label] to specify a single positive class.
  warnings.warn(

2025-10-31 11:11:01,525:WARNING:C:\Users\User\miniconda3\envs\py3_11_9\Lib\site-packages\sklearn\metrics\_classification.py:1561: UserWarning: Note that pos_label (set to 'G') is ignored when average != 'binary' (got 'weighted'). You may use labels=[pos_label] to specify a single positive class.
  warnings.warn(

2025-10-31 11:11:01,527:WARNING:C:\Users\User\miniconda3\envs\py3_11_9\Lib\site-packages\sklearn\metrics\_classification.py:1561: UserWarning: Note that pos_label (set to 'G') is ignored when average != 'binary' (got 'weighted'). You may use labels=[pos_label] to specify a single positive class.
  warnings.warn(

2025-10-31 11:11:01,542:WARNING:C:\Users\User\miniconda3\envs\py3_11_9\Lib\site-packages\sklearn\metrics\_classification.py:1561: UserWarning: Note that pos_label (set to 'G') is ignored when average != 'binary' (got 'weighted'). You may use labels=[pos_label] to specify a single positive class.
  warnings.warn(

2025-10-31 11:11:01,546:WARNING:C:\Users\User\miniconda3\envs\py3_11_9\Lib\site-packages\sklearn\metrics\_classification.py:1561: UserWarning: Note that pos_label (set to 'G') is ignored when average != 'binary' (got 'weighted'). You may use labels=[pos_label] to specify a single positive class.
  warnings.warn(

2025-10-31 11:11:01,547:WARNING:C:\Users\User\miniconda3\envs\py3_11_9\Lib\site-packages\sklearn\metrics\_classification.py:1561: UserWarning: Note that pos_label (set to 'G') is ignored when average != 'binary' (got 'weighted'). You may use labels=[pos_label] to specify a single positive class.
  warnings.warn(

2025-10-31 11:11:01,549:WARNING:C:\Users\User\miniconda3\envs\py3_11_9\Lib\site-packages\sklearn\metrics\_classification.py:1561: UserWarning: Note that pos_label (set to 'G') is ignored when average != 'binary' (got 'weighted'). You may use labels=[pos_label] to specify a single positive class.
  warnings.warn(

2025-10-31 11:11:01,551:WARNING:C:\Users\User\miniconda3\envs\py3_11_9\Lib\site-packages\sklearn\metrics\_classification.py:1561: UserWarning: Note that pos_label (set to 'G') is ignored when average != 'binary' (got 'weighted'). You may use labels=[pos_label] to specify a single positive class.
  warnings.warn(

2025-10-31 11:11:01,553:WARNING:C:\Users\User\miniconda3\envs\py3_11_9\Lib\site-packages\sklearn\metrics\_classification.py:1561: UserWarning: Note that pos_label (set to 'G') is ignored when average != 'binary' (got 'weighted'). You may use labels=[pos_label] to specify a single positive class.
  warnings.warn(

2025-10-31 11:11:01,555:WARNING:C:\Users\User\miniconda3\envs\py3_11_9\Lib\site-packages\sklearn\metrics\_classification.py:1561: UserWarning: Note that pos_label (set to 'G') is ignored when average != 'binary' (got 'weighted'). You may use labels=[pos_label] to specify a single positive class.
  warnings.warn(

2025-10-31 11:11:01,555:WARNING:C:\Users\User\miniconda3\envs\py3_11_9\Lib\site-packages\sklearn\metrics\_classification.py:1561: UserWarning: Note that pos_label (set to 'G') is ignored when average != 'binary' (got 'weighted'). You may use labels=[pos_label] to specify a single positive class.
  warnings.warn(

2025-10-31 11:11:01,558:WARNING:C:\Users\User\miniconda3\envs\py3_11_9\Lib\site-packages\sklearn\metrics\_classification.py:1561: UserWarning: Note that pos_label (set to 'G') is ignored when average != 'binary' (got 'weighted'). You may use labels=[pos_label] to specify a single positive class.
  warnings.warn(

2025-10-31 11:11:01,572:WARNING:C:\Users\User\miniconda3\envs\py3_11_9\Lib\site-packages\sklearn\metrics\_classification.py:1561: UserWarning: Note that pos_label (set to 'G') is ignored when average != 'binary' (got 'weighted'). You may use labels=[pos_label] to specify a single positive class.
  warnings.warn(

2025-10-31 11:11:01,578:WARNING:C:\Users\User\miniconda3\envs\py3_11_9\Lib\site-packages\sklearn\metrics\_classification.py:1561: UserWarning: Note that pos_label (set to 'G') is ignored when average != 'binary' (got 'weighted'). You may use labels=[pos_label] to specify a single positive class.
  warnings.warn(

2025-10-31 11:11:01,581:WARNING:C:\Users\User\miniconda3\envs\py3_11_9\Lib\site-packages\sklearn\metrics\_classification.py:1561: UserWarning: Note that pos_label (set to 'G') is ignored when average != 'binary' (got 'weighted'). You may use labels=[pos_label] to specify a single positive class.
  warnings.warn(

2025-10-31 11:11:01,582:WARNING:C:\Users\User\miniconda3\envs\py3_11_9\Lib\site-packages\sklearn\metrics\_classification.py:1561: UserWarning: Note that pos_label (set to 'G') is ignored when average != 'binary' (got 'weighted'). You may use labels=[pos_label] to specify a single positive class.
  warnings.warn(

2025-10-31 11:11:01,617:WARNING:C:\Users\User\miniconda3\envs\py3_11_9\Lib\site-packages\sklearn\metrics\_classification.py:1561: UserWarning: Note that pos_label (set to 'G') is ignored when average != 'binary' (got 'weighted'). You may use labels=[pos_label] to specify a single positive class.
  warnings.warn(

2025-10-31 11:11:01,632:WARNING:C:\Users\User\miniconda3\envs\py3_11_9\Lib\site-packages\sklearn\metrics\_classification.py:1561: UserWarning: Note that pos_label (set to 'G') is ignored when average != 'binary' (got 'weighted'). You may use labels=[pos_label] to specify a single positive class.
  warnings.warn(

2025-10-31 11:11:01,657:WARNING:C:\Users\User\miniconda3\envs\py3_11_9\Lib\site-packages\sklearn\metrics\_classification.py:1561: UserWarning: Note that pos_label (set to 'G') is ignored when average != 'binary' (got 'weighted'). You may use labels=[pos_label] to specify a single positive class.
  warnings.warn(

2025-10-31 11:11:01,667:WARNING:C:\Users\User\miniconda3\envs\py3_11_9\Lib\site-packages\sklearn\metrics\_classification.py:1509: UndefinedMetricWarning: Precision is ill-defined and being set to 0.0 in labels with no predicted samples. Use `zero_division` parameter to control this behavior.
  _warn_prf(average, modifier, f"{metric.capitalize()} is", len(result))

2025-10-31 11:11:01,673:WARNING:C:\Users\User\miniconda3\envs\py3_11_9\Lib\site-packages\sklearn\metrics\_classification.py:1561: UserWarning: Note that pos_label (set to 'G') is ignored when average != 'binary' (got 'weighted'). You may use labels=[pos_label] to specify a single positive class.
  warnings.warn(

2025-10-31 11:11:01,694:INFO:Calculating mean and std
2025-10-31 11:11:01,695:INFO:Creating metrics dataframe
2025-10-31 11:11:01,697:INFO:Uploading results into container
2025-10-31 11:11:01,698:INFO:Uploading model into container now
2025-10-31 11:11:01,698:INFO:_master_model_container: 12
2025-10-31 11:11:01,698:INFO:_display_container: 2
2025-10-31 11:11:01,699:INFO:ExtraTreesClassifier(bootstrap=False, ccp_alpha=0.0, class_weight=None,
                     criterion='gini', max_depth=None, max_features='sqrt',
                     max_leaf_nodes=None, max_samples=None,
                     min_impurity_decrease=0.0, min_samples_leaf=1,
                     min_samples_split=2, min_weight_fraction_leaf=0.0,
                     monotonic_cst=None, n_estimators=100, n_jobs=-1,
                     oob_score=False, random_state=123, verbose=0,
                     warm_start=False)
2025-10-31 11:11:01,699:INFO:create_model() successfully completed......................................
2025-10-31 11:11:01,768:INFO:SubProcess create_model() end ==================================
2025-10-31 11:11:01,768:INFO:Creating metrics dataframe
2025-10-31 11:11:01,776:INFO:Initializing Light Gradient Boosting Machine
2025-10-31 11:11:01,776:INFO:Total runtime is 1.0772252241770428 minutes
2025-10-31 11:11:01,779:INFO:SubProcess create_model() called ==================================
2025-10-31 11:11:01,780:INFO:Initializing create_model()
2025-10-31 11:11:01,780:INFO:create_model(self=<pycaret.classification.oop.ClassificationExperiment object at 0x000002AFB47C1D10>, estimator=lightgbm, fold=StratifiedKFold(n_splits=10, random_state=None, shuffle=False), round=4, cross_validation=True, predict=True, fit_kwargs={}, groups=None, refit=False, probability_threshold=None, experiment_custom_tags=None, verbose=False, system=False, add_to_model_list=True, metrics=None, display=<pycaret.internal.display.display.CommonDisplay object at 0x000002AFB4FC4410>, model_only=True, return_train_score=False, error_score=0.0, kwargs={})
2025-10-31 11:11:01,780:INFO:Checking exceptions
2025-10-31 11:11:01,780:INFO:Importing libraries
2025-10-31 11:11:01,780:INFO:Copying training dataset
2025-10-31 11:11:01,798:INFO:Defining folds
2025-10-31 11:11:01,798:INFO:Declaring metric variables
2025-10-31 11:11:01,804:INFO:Importing untrained model
2025-10-31 11:11:01,810:INFO:Light Gradient Boosting Machine Imported successfully
2025-10-31 11:11:01,822:INFO:Starting cross validation
2025-10-31 11:11:01,826:INFO:Cross validating with StratifiedKFold(n_splits=10, random_state=None, shuffle=False), n_jobs=-1
2025-10-31 11:11:10,205:WARNING:C:\Users\User\miniconda3\envs\py3_11_9\Lib\site-packages\sklearn\metrics\_classification.py:1561: UserWarning: Note that pos_label (set to 'G') is ignored when average != 'binary' (got 'weighted'). You may use labels=[pos_label] to specify a single positive class.
  warnings.warn(

2025-10-31 11:11:10,231:WARNING:C:\Users\User\miniconda3\envs\py3_11_9\Lib\site-packages\sklearn\metrics\_classification.py:1561: UserWarning: Note that pos_label (set to 'G') is ignored when average != 'binary' (got 'weighted'). You may use labels=[pos_label] to specify a single positive class.
  warnings.warn(

2025-10-31 11:11:10,256:WARNING:C:\Users\User\miniconda3\envs\py3_11_9\Lib\site-packages\sklearn\metrics\_classification.py:1561: UserWarning: Note that pos_label (set to 'G') is ignored when average != 'binary' (got 'weighted'). You may use labels=[pos_label] to specify a single positive class.
  warnings.warn(

2025-10-31 11:11:10,354:WARNING:C:\Users\User\miniconda3\envs\py3_11_9\Lib\site-packages\sklearn\metrics\_classification.py:1561: UserWarning: Note that pos_label (set to 'G') is ignored when average != 'binary' (got 'weighted'). You may use labels=[pos_label] to specify a single positive class.
  warnings.warn(

2025-10-31 11:11:10,373:WARNING:C:\Users\User\miniconda3\envs\py3_11_9\Lib\site-packages\sklearn\metrics\_classification.py:1561: UserWarning: Note that pos_label (set to 'G') is ignored when average != 'binary' (got 'weighted'). You may use labels=[pos_label] to specify a single positive class.
  warnings.warn(

2025-10-31 11:11:10,397:WARNING:C:\Users\User\miniconda3\envs\py3_11_9\Lib\site-packages\sklearn\metrics\_classification.py:1561: UserWarning: Note that pos_label (set to 'G') is ignored when average != 'binary' (got 'weighted'). You may use labels=[pos_label] to specify a single positive class.
  warnings.warn(

2025-10-31 11:11:10,561:WARNING:C:\Users\User\miniconda3\envs\py3_11_9\Lib\site-packages\sklearn\metrics\_classification.py:1561: UserWarning: Note that pos_label (set to 'G') is ignored when average != 'binary' (got 'weighted'). You may use labels=[pos_label] to specify a single positive class.
  warnings.warn(

2025-10-31 11:11:10,586:WARNING:C:\Users\User\miniconda3\envs\py3_11_9\Lib\site-packages\sklearn\metrics\_classification.py:1561: UserWarning: Note that pos_label (set to 'G') is ignored when average != 'binary' (got 'weighted'). You may use labels=[pos_label] to specify a single positive class.
  warnings.warn(

2025-10-31 11:11:10,606:WARNING:C:\Users\User\miniconda3\envs\py3_11_9\Lib\site-packages\sklearn\metrics\_classification.py:1561: UserWarning: Note that pos_label (set to 'G') is ignored when average != 'binary' (got 'weighted'). You may use labels=[pos_label] to specify a single positive class.
  warnings.warn(

2025-10-31 11:11:10,628:WARNING:C:\Users\User\miniconda3\envs\py3_11_9\Lib\site-packages\sklearn\metrics\_classification.py:1561: UserWarning: Note that pos_label (set to 'G') is ignored when average != 'binary' (got 'weighted'). You may use labels=[pos_label] to specify a single positive class.
  warnings.warn(

2025-10-31 11:11:10,646:WARNING:C:\Users\User\miniconda3\envs\py3_11_9\Lib\site-packages\sklearn\metrics\_classification.py:1561: UserWarning: Note that pos_label (set to 'G') is ignored when average != 'binary' (got 'weighted'). You may use labels=[pos_label] to specify a single positive class.
  warnings.warn(

2025-10-31 11:11:10,670:WARNING:C:\Users\User\miniconda3\envs\py3_11_9\Lib\site-packages\sklearn\metrics\_classification.py:1561: UserWarning: Note that pos_label (set to 'G') is ignored when average != 'binary' (got 'weighted'). You may use labels=[pos_label] to specify a single positive class.
  warnings.warn(

2025-10-31 11:11:10,671:WARNING:C:\Users\User\miniconda3\envs\py3_11_9\Lib\site-packages\sklearn\metrics\_classification.py:1561: UserWarning: Note that pos_label (set to 'G') is ignored when average != 'binary' (got 'weighted'). You may use labels=[pos_label] to specify a single positive class.
  warnings.warn(

2025-10-31 11:11:10,696:WARNING:C:\Users\User\miniconda3\envs\py3_11_9\Lib\site-packages\sklearn\metrics\_classification.py:1561: UserWarning: Note that pos_label (set to 'G') is ignored when average != 'binary' (got 'weighted'). You may use labels=[pos_label] to specify a single positive class.
  warnings.warn(

2025-10-31 11:11:10,697:WARNING:C:\Users\User\miniconda3\envs\py3_11_9\Lib\site-packages\sklearn\metrics\_classification.py:1561: UserWarning: Note that pos_label (set to 'G') is ignored when average != 'binary' (got 'weighted'). You may use labels=[pos_label] to specify a single positive class.
  warnings.warn(

2025-10-31 11:11:10,716:WARNING:C:\Users\User\miniconda3\envs\py3_11_9\Lib\site-packages\sklearn\metrics\_classification.py:1561: UserWarning: Note that pos_label (set to 'G') is ignored when average != 'binary' (got 'weighted'). You may use labels=[pos_label] to specify a single positive class.
  warnings.warn(

2025-10-31 11:11:10,717:WARNING:C:\Users\User\miniconda3\envs\py3_11_9\Lib\site-packages\sklearn\metrics\_classification.py:1561: UserWarning: Note that pos_label (set to 'G') is ignored when average != 'binary' (got 'weighted'). You may use labels=[pos_label] to specify a single positive class.
  warnings.warn(

2025-10-31 11:11:10,754:WARNING:C:\Users\User\miniconda3\envs\py3_11_9\Lib\site-packages\sklearn\metrics\_classification.py:1561: UserWarning: Note that pos_label (set to 'G') is ignored when average != 'binary' (got 'weighted'). You may use labels=[pos_label] to specify a single positive class.
  warnings.warn(

2025-10-31 11:11:10,844:WARNING:C:\Users\User\miniconda3\envs\py3_11_9\Lib\site-packages\sklearn\metrics\_classification.py:1561: UserWarning: Note that pos_label (set to 'G') is ignored when average != 'binary' (got 'weighted'). You may use labels=[pos_label] to specify a single positive class.
  warnings.warn(

2025-10-31 11:11:10,865:WARNING:C:\Users\User\miniconda3\envs\py3_11_9\Lib\site-packages\sklearn\metrics\_classification.py:1561: UserWarning: Note that pos_label (set to 'G') is ignored when average != 'binary' (got 'weighted'). You may use labels=[pos_label] to specify a single positive class.
  warnings.warn(

2025-10-31 11:11:10,886:WARNING:C:\Users\User\miniconda3\envs\py3_11_9\Lib\site-packages\sklearn\metrics\_classification.py:1561: UserWarning: Note that pos_label (set to 'G') is ignored when average != 'binary' (got 'weighted'). You may use labels=[pos_label] to specify a single positive class.
  warnings.warn(

2025-10-31 11:11:10,886:WARNING:C:\Users\User\miniconda3\envs\py3_11_9\Lib\site-packages\sklearn\metrics\_classification.py:1561: UserWarning: Note that pos_label (set to 'G') is ignored when average != 'binary' (got 'weighted'). You may use labels=[pos_label] to specify a single positive class.
  warnings.warn(

2025-10-31 11:11:10,901:WARNING:C:\Users\User\miniconda3\envs\py3_11_9\Lib\site-packages\sklearn\metrics\_classification.py:1561: UserWarning: Note that pos_label (set to 'G') is ignored when average != 'binary' (got 'weighted'). You may use labels=[pos_label] to specify a single positive class.
  warnings.warn(

2025-10-31 11:11:10,931:WARNING:C:\Users\User\miniconda3\envs\py3_11_9\Lib\site-packages\sklearn\metrics\_classification.py:1561: UserWarning: Note that pos_label (set to 'G') is ignored when average != 'binary' (got 'weighted'). You may use labels=[pos_label] to specify a single positive class.
  warnings.warn(

2025-10-31 11:11:10,966:WARNING:C:\Users\User\miniconda3\envs\py3_11_9\Lib\site-packages\sklearn\metrics\_classification.py:1561: UserWarning: Note that pos_label (set to 'G') is ignored when average != 'binary' (got 'weighted'). You may use labels=[pos_label] to specify a single positive class.
  warnings.warn(

2025-10-31 11:11:10,992:WARNING:C:\Users\User\miniconda3\envs\py3_11_9\Lib\site-packages\sklearn\metrics\_classification.py:1561: UserWarning: Note that pos_label (set to 'G') is ignored when average != 'binary' (got 'weighted'). You may use labels=[pos_label] to specify a single positive class.
  warnings.warn(

2025-10-31 11:11:11,007:WARNING:C:\Users\User\miniconda3\envs\py3_11_9\Lib\site-packages\sklearn\metrics\_classification.py:1561: UserWarning: Note that pos_label (set to 'G') is ignored when average != 'binary' (got 'weighted'). You may use labels=[pos_label] to specify a single positive class.
  warnings.warn(

2025-10-31 11:11:11,302:WARNING:C:\Users\User\miniconda3\envs\py3_11_9\Lib\site-packages\sklearn\metrics\_classification.py:1561: UserWarning: Note that pos_label (set to 'G') is ignored when average != 'binary' (got 'weighted'). You may use labels=[pos_label] to specify a single positive class.
  warnings.warn(

2025-10-31 11:11:11,319:WARNING:C:\Users\User\miniconda3\envs\py3_11_9\Lib\site-packages\sklearn\metrics\_classification.py:1561: UserWarning: Note that pos_label (set to 'G') is ignored when average != 'binary' (got 'weighted'). You may use labels=[pos_label] to specify a single positive class.
  warnings.warn(

2025-10-31 11:11:11,337:WARNING:C:\Users\User\miniconda3\envs\py3_11_9\Lib\site-packages\sklearn\metrics\_classification.py:1561: UserWarning: Note that pos_label (set to 'G') is ignored when average != 'binary' (got 'weighted'). You may use labels=[pos_label] to specify a single positive class.
  warnings.warn(

2025-10-31 11:11:11,365:INFO:Calculating mean and std
2025-10-31 11:11:11,367:INFO:Creating metrics dataframe
2025-10-31 11:11:11,370:INFO:Uploading results into container
2025-10-31 11:11:11,371:INFO:Uploading model into container now
2025-10-31 11:11:11,371:INFO:_master_model_container: 13
2025-10-31 11:11:11,371:INFO:_display_container: 2
2025-10-31 11:11:11,372:INFO:LGBMClassifier(boosting_type='gbdt', class_weight=None, colsample_bytree=1.0,
               importance_type='split', learning_rate=0.1, max_depth=-1,
               min_child_samples=20, min_child_weight=0.001, min_split_gain=0.0,
               n_estimators=100, n_jobs=-1, num_leaves=31, objective=None,
               random_state=123, reg_alpha=0.0, reg_lambda=0.0, subsample=1.0,
               subsample_for_bin=200000, subsample_freq=0)
2025-10-31 11:11:11,372:INFO:create_model() successfully completed......................................
2025-10-31 11:11:11,439:INFO:SubProcess create_model() end ==================================
2025-10-31 11:11:11,439:INFO:Creating metrics dataframe
2025-10-31 11:11:11,446:INFO:Initializing Dummy Classifier
2025-10-31 11:11:11,446:INFO:Total runtime is 1.2384003758430482 minutes
2025-10-31 11:11:11,449:INFO:SubProcess create_model() called ==================================
2025-10-31 11:11:11,450:INFO:Initializing create_model()
2025-10-31 11:11:11,450:INFO:create_model(self=<pycaret.classification.oop.ClassificationExperiment object at 0x000002AFB47C1D10>, estimator=dummy, fold=StratifiedKFold(n_splits=10, random_state=None, shuffle=False), round=4, cross_validation=True, predict=True, fit_kwargs={}, groups=None, refit=False, probability_threshold=None, experiment_custom_tags=None, verbose=False, system=False, add_to_model_list=True, metrics=None, display=<pycaret.internal.display.display.CommonDisplay object at 0x000002AFB4FC4410>, model_only=True, return_train_score=False, error_score=0.0, kwargs={})
2025-10-31 11:11:11,450:INFO:Checking exceptions
2025-10-31 11:11:11,450:INFO:Importing libraries
2025-10-31 11:11:11,450:INFO:Copying training dataset
2025-10-31 11:11:11,457:INFO:Defining folds
2025-10-31 11:11:11,457:INFO:Declaring metric variables
2025-10-31 11:11:11,460:INFO:Importing untrained model
2025-10-31 11:11:11,463:INFO:Dummy Classifier Imported successfully
2025-10-31 11:11:11,469:INFO:Starting cross validation
2025-10-31 11:11:11,470:INFO:Cross validating with StratifiedKFold(n_splits=10, random_state=None, shuffle=False), n_jobs=-1
2025-10-31 11:11:11,775:WARNING:C:\Users\User\miniconda3\envs\py3_11_9\Lib\site-packages\sklearn\metrics\_classification.py:1561: UserWarning: Note that pos_label (set to 'G') is ignored when average != 'binary' (got 'weighted'). You may use labels=[pos_label] to specify a single positive class.
  warnings.warn(

2025-10-31 11:11:11,795:WARNING:C:\Users\User\miniconda3\envs\py3_11_9\Lib\site-packages\sklearn\metrics\_classification.py:1561: UserWarning: Note that pos_label (set to 'G') is ignored when average != 'binary' (got 'weighted'). You may use labels=[pos_label] to specify a single positive class.
  warnings.warn(

2025-10-31 11:11:11,801:WARNING:C:\Users\User\miniconda3\envs\py3_11_9\Lib\site-packages\sklearn\metrics\_classification.py:1561: UserWarning: Note that pos_label (set to 'G') is ignored when average != 'binary' (got 'weighted'). You may use labels=[pos_label] to specify a single positive class.
  warnings.warn(

2025-10-31 11:11:11,803:WARNING:C:\Users\User\miniconda3\envs\py3_11_9\Lib\site-packages\sklearn\metrics\_classification.py:1561: UserWarning: Note that pos_label (set to 'G') is ignored when average != 'binary' (got 'weighted'). You may use labels=[pos_label] to specify a single positive class.
  warnings.warn(

2025-10-31 11:11:11,816:WARNING:C:\Users\User\miniconda3\envs\py3_11_9\Lib\site-packages\sklearn\metrics\_classification.py:1561: UserWarning: Note that pos_label (set to 'G') is ignored when average != 'binary' (got 'weighted'). You may use labels=[pos_label] to specify a single positive class.
  warnings.warn(

2025-10-31 11:11:11,818:WARNING:C:\Users\User\miniconda3\envs\py3_11_9\Lib\site-packages\sklearn\metrics\_classification.py:1561: UserWarning: Note that pos_label (set to 'G') is ignored when average != 'binary' (got 'weighted'). You may use labels=[pos_label] to specify a single positive class.
  warnings.warn(

2025-10-31 11:11:11,822:WARNING:C:\Users\User\miniconda3\envs\py3_11_9\Lib\site-packages\sklearn\metrics\_classification.py:1509: UndefinedMetricWarning: Precision is ill-defined and being set to 0.0 in labels with no predicted samples. Use `zero_division` parameter to control this behavior.
  _warn_prf(average, modifier, f"{metric.capitalize()} is", len(result))

2025-10-31 11:11:11,830:WARNING:C:\Users\User\miniconda3\envs\py3_11_9\Lib\site-packages\sklearn\metrics\_classification.py:1509: UndefinedMetricWarning: Precision is ill-defined and being set to 0.0 in labels with no predicted samples. Use `zero_division` parameter to control this behavior.
  _warn_prf(average, modifier, f"{metric.capitalize()} is", len(result))

2025-10-31 11:11:11,831:WARNING:C:\Users\User\miniconda3\envs\py3_11_9\Lib\site-packages\sklearn\metrics\_classification.py:1561: UserWarning: Note that pos_label (set to 'G') is ignored when average != 'binary' (got 'weighted'). You may use labels=[pos_label] to specify a single positive class.
  warnings.warn(

2025-10-31 11:11:11,834:WARNING:C:\Users\User\miniconda3\envs\py3_11_9\Lib\site-packages\sklearn\metrics\_classification.py:1561: UserWarning: Note that pos_label (set to 'G') is ignored when average != 'binary' (got 'weighted'). You may use labels=[pos_label] to specify a single positive class.
  warnings.warn(

2025-10-31 11:11:11,836:WARNING:C:\Users\User\miniconda3\envs\py3_11_9\Lib\site-packages\sklearn\metrics\_classification.py:1561: UserWarning: Note that pos_label (set to 'G') is ignored when average != 'binary' (got 'weighted'). You may use labels=[pos_label] to specify a single positive class.
  warnings.warn(

2025-10-31 11:11:11,845:WARNING:C:\Users\User\miniconda3\envs\py3_11_9\Lib\site-packages\sklearn\metrics\_classification.py:1561: UserWarning: Note that pos_label (set to 'G') is ignored when average != 'binary' (got 'weighted'). You may use labels=[pos_label] to specify a single positive class.
  warnings.warn(

2025-10-31 11:11:11,846:WARNING:C:\Users\User\miniconda3\envs\py3_11_9\Lib\site-packages\sklearn\metrics\_classification.py:1561: UserWarning: Note that pos_label (set to 'G') is ignored when average != 'binary' (got 'weighted'). You may use labels=[pos_label] to specify a single positive class.
  warnings.warn(

2025-10-31 11:11:11,848:WARNING:C:\Users\User\miniconda3\envs\py3_11_9\Lib\site-packages\sklearn\metrics\_classification.py:1561: UserWarning: Note that pos_label (set to 'G') is ignored when average != 'binary' (got 'weighted'). You may use labels=[pos_label] to specify a single positive class.
  warnings.warn(

2025-10-31 11:11:11,848:WARNING:C:\Users\User\miniconda3\envs\py3_11_9\Lib\site-packages\sklearn\metrics\_classification.py:1561: UserWarning: Note that pos_label (set to 'G') is ignored when average != 'binary' (got 'weighted'). You may use labels=[pos_label] to specify a single positive class.
  warnings.warn(

2025-10-31 11:11:11,851:WARNING:C:\Users\User\miniconda3\envs\py3_11_9\Lib\site-packages\sklearn\metrics\_classification.py:1509: UndefinedMetricWarning: Precision is ill-defined and being set to 0.0 in labels with no predicted samples. Use `zero_division` parameter to control this behavior.
  _warn_prf(average, modifier, f"{metric.capitalize()} is", len(result))

2025-10-31 11:11:11,854:WARNING:C:\Users\User\miniconda3\envs\py3_11_9\Lib\site-packages\sklearn\metrics\_classification.py:1561: UserWarning: Note that pos_label (set to 'G') is ignored when average != 'binary' (got 'weighted'). You may use labels=[pos_label] to specify a single positive class.
  warnings.warn(

2025-10-31 11:11:11,861:WARNING:C:\Users\User\miniconda3\envs\py3_11_9\Lib\site-packages\sklearn\metrics\_classification.py:1561: UserWarning: Note that pos_label (set to 'G') is ignored when average != 'binary' (got 'weighted'). You may use labels=[pos_label] to specify a single positive class.
  warnings.warn(

2025-10-31 11:11:11,862:WARNING:C:\Users\User\miniconda3\envs\py3_11_9\Lib\site-packages\sklearn\metrics\_classification.py:1561: UserWarning: Note that pos_label (set to 'G') is ignored when average != 'binary' (got 'weighted'). You may use labels=[pos_label] to specify a single positive class.
  warnings.warn(

2025-10-31 11:11:11,862:WARNING:C:\Users\User\miniconda3\envs\py3_11_9\Lib\site-packages\sklearn\metrics\_classification.py:1561: UserWarning: Note that pos_label (set to 'G') is ignored when average != 'binary' (got 'weighted'). You may use labels=[pos_label] to specify a single positive class.
  warnings.warn(

2025-10-31 11:11:11,862:WARNING:C:\Users\User\miniconda3\envs\py3_11_9\Lib\site-packages\sklearn\metrics\_classification.py:1561: UserWarning: Note that pos_label (set to 'G') is ignored when average != 'binary' (got 'weighted'). You may use labels=[pos_label] to specify a single positive class.
  warnings.warn(

2025-10-31 11:11:11,864:WARNING:C:\Users\User\miniconda3\envs\py3_11_9\Lib\site-packages\sklearn\metrics\_classification.py:1509: UndefinedMetricWarning: Precision is ill-defined and being set to 0.0 in labels with no predicted samples. Use `zero_division` parameter to control this behavior.
  _warn_prf(average, modifier, f"{metric.capitalize()} is", len(result))

2025-10-31 11:11:11,871:WARNING:C:\Users\User\miniconda3\envs\py3_11_9\Lib\site-packages\sklearn\metrics\_classification.py:1561: UserWarning: Note that pos_label (set to 'G') is ignored when average != 'binary' (got 'weighted'). You may use labels=[pos_label] to specify a single positive class.
  warnings.warn(

2025-10-31 11:11:11,872:WARNING:C:\Users\User\miniconda3\envs\py3_11_9\Lib\site-packages\sklearn\metrics\_classification.py:1561: UserWarning: Note that pos_label (set to 'G') is ignored when average != 'binary' (got 'weighted'). You may use labels=[pos_label] to specify a single positive class.
  warnings.warn(

2025-10-31 11:11:11,873:WARNING:C:\Users\User\miniconda3\envs\py3_11_9\Lib\site-packages\sklearn\metrics\_classification.py:1561: UserWarning: Note that pos_label (set to 'G') is ignored when average != 'binary' (got 'weighted'). You may use labels=[pos_label] to specify a single positive class.
  warnings.warn(

2025-10-31 11:11:11,874:WARNING:C:\Users\User\miniconda3\envs\py3_11_9\Lib\site-packages\sklearn\metrics\_classification.py:1509: UndefinedMetricWarning: Precision is ill-defined and being set to 0.0 in labels with no predicted samples. Use `zero_division` parameter to control this behavior.
  _warn_prf(average, modifier, f"{metric.capitalize()} is", len(result))

2025-10-31 11:11:11,875:WARNING:C:\Users\User\miniconda3\envs\py3_11_9\Lib\site-packages\sklearn\metrics\_classification.py:1561: UserWarning: Note that pos_label (set to 'G') is ignored when average != 'binary' (got 'weighted'). You may use labels=[pos_label] to specify a single positive class.
  warnings.warn(

2025-10-31 11:11:11,881:WARNING:C:\Users\User\miniconda3\envs\py3_11_9\Lib\site-packages\sklearn\metrics\_classification.py:1509: UndefinedMetricWarning: Precision is ill-defined and being set to 0.0 in labels with no predicted samples. Use `zero_division` parameter to control this behavior.
  _warn_prf(average, modifier, f"{metric.capitalize()} is", len(result))

2025-10-31 11:11:11,881:WARNING:C:\Users\User\miniconda3\envs\py3_11_9\Lib\site-packages\sklearn\metrics\_classification.py:1561: UserWarning: Note that pos_label (set to 'G') is ignored when average != 'binary' (got 'weighted'). You may use labels=[pos_label] to specify a single positive class.
  warnings.warn(

2025-10-31 11:11:11,881:WARNING:C:\Users\User\miniconda3\envs\py3_11_9\Lib\site-packages\sklearn\metrics\_classification.py:1561: UserWarning: Note that pos_label (set to 'G') is ignored when average != 'binary' (got 'weighted'). You may use labels=[pos_label] to specify a single positive class.
  warnings.warn(

2025-10-31 11:11:11,882:WARNING:C:\Users\User\miniconda3\envs\py3_11_9\Lib\site-packages\sklearn\metrics\_classification.py:1561: UserWarning: Note that pos_label (set to 'G') is ignored when average != 'binary' (got 'weighted'). You may use labels=[pos_label] to specify a single positive class.
  warnings.warn(

2025-10-31 11:11:11,882:WARNING:C:\Users\User\miniconda3\envs\py3_11_9\Lib\site-packages\sklearn\metrics\_classification.py:1509: UndefinedMetricWarning: Precision is ill-defined and being set to 0.0 in labels with no predicted samples. Use `zero_division` parameter to control this behavior.
  _warn_prf(average, modifier, f"{metric.capitalize()} is", len(result))

2025-10-31 11:11:11,885:WARNING:C:\Users\User\miniconda3\envs\py3_11_9\Lib\site-packages\sklearn\metrics\_classification.py:1509: UndefinedMetricWarning: Precision is ill-defined and being set to 0.0 in labels with no predicted samples. Use `zero_division` parameter to control this behavior.
  _warn_prf(average, modifier, f"{metric.capitalize()} is", len(result))

2025-10-31 11:11:11,888:WARNING:C:\Users\User\miniconda3\envs\py3_11_9\Lib\site-packages\sklearn\metrics\_classification.py:1561: UserWarning: Note that pos_label (set to 'G') is ignored when average != 'binary' (got 'weighted'). You may use labels=[pos_label] to specify a single positive class.
  warnings.warn(

2025-10-31 11:11:11,889:WARNING:C:\Users\User\miniconda3\envs\py3_11_9\Lib\site-packages\sklearn\metrics\_classification.py:1561: UserWarning: Note that pos_label (set to 'G') is ignored when average != 'binary' (got 'weighted'). You may use labels=[pos_label] to specify a single positive class.
  warnings.warn(

2025-10-31 11:11:11,890:WARNING:C:\Users\User\miniconda3\envs\py3_11_9\Lib\site-packages\sklearn\metrics\_classification.py:1509: UndefinedMetricWarning: Precision is ill-defined and being set to 0.0 in labels with no predicted samples. Use `zero_division` parameter to control this behavior.
  _warn_prf(average, modifier, f"{metric.capitalize()} is", len(result))

2025-10-31 11:11:11,891:WARNING:C:\Users\User\miniconda3\envs\py3_11_9\Lib\site-packages\sklearn\metrics\_classification.py:1509: UndefinedMetricWarning: Precision is ill-defined and being set to 0.0 in labels with no predicted samples. Use `zero_division` parameter to control this behavior.
  _warn_prf(average, modifier, f"{metric.capitalize()} is", len(result))

2025-10-31 11:11:11,891:WARNING:C:\Users\User\miniconda3\envs\py3_11_9\Lib\site-packages\sklearn\metrics\_classification.py:1561: UserWarning: Note that pos_label (set to 'G') is ignored when average != 'binary' (got 'weighted'). You may use labels=[pos_label] to specify a single positive class.
  warnings.warn(

2025-10-31 11:11:11,896:WARNING:C:\Users\User\miniconda3\envs\py3_11_9\Lib\site-packages\sklearn\metrics\_classification.py:1561: UserWarning: Note that pos_label (set to 'G') is ignored when average != 'binary' (got 'weighted'). You may use labels=[pos_label] to specify a single positive class.
  warnings.warn(

2025-10-31 11:11:11,898:WARNING:C:\Users\User\miniconda3\envs\py3_11_9\Lib\site-packages\sklearn\metrics\_classification.py:1561: UserWarning: Note that pos_label (set to 'G') is ignored when average != 'binary' (got 'weighted'). You may use labels=[pos_label] to specify a single positive class.
  warnings.warn(

2025-10-31 11:11:11,926:INFO:Calculating mean and std
2025-10-31 11:11:11,927:INFO:Creating metrics dataframe
2025-10-31 11:11:11,929:INFO:Uploading results into container
2025-10-31 11:11:11,930:INFO:Uploading model into container now
2025-10-31 11:11:11,930:INFO:_master_model_container: 14
2025-10-31 11:11:11,930:INFO:_display_container: 2
2025-10-31 11:11:11,931:INFO:DummyClassifier(constant=None, random_state=123, strategy='prior')
2025-10-31 11:11:11,931:INFO:create_model() successfully completed......................................
2025-10-31 11:11:11,992:INFO:SubProcess create_model() end ==================================
2025-10-31 11:11:11,992:INFO:Creating metrics dataframe
2025-10-31 11:11:12,000:WARNING:C:\Users\User\miniconda3\envs\py3_11_9\Lib\site-packages\pycaret\internal\pycaret_experiment\supervised_experiment.py:339: FutureWarning: Styler.applymap has been deprecated. Use Styler.map instead.
  .applymap(highlight_cols, subset=["TT (Sec)"])

2025-10-31 11:11:12,004:INFO:Initializing create_model()
2025-10-31 11:11:12,005:INFO:create_model(self=<pycaret.classification.oop.ClassificationExperiment object at 0x000002AFB47C1D10>, estimator=GradientBoostingClassifier(ccp_alpha=0.0, criterion='friedman_mse', init=None,
                           learning_rate=0.1, loss='log_loss', max_depth=3,
                           max_features=None, max_leaf_nodes=None,
                           min_impurity_decrease=0.0, min_samples_leaf=1,
                           min_samples_split=2, min_weight_fraction_leaf=0.0,
                           n_estimators=100, n_iter_no_change=None,
                           random_state=123, subsample=1.0, tol=0.0001,
                           validation_fraction=0.1, verbose=0,
                           warm_start=False), fold=StratifiedKFold(n_splits=10, random_state=None, shuffle=False), round=4, cross_validation=False, predict=False, fit_kwargs={}, groups=None, refit=True, probability_threshold=None, experiment_custom_tags=None, verbose=False, system=False, add_to_model_list=True, metrics=None, display=None, model_only=True, return_train_score=False, error_score=0.0, kwargs={})
2025-10-31 11:11:12,005:INFO:Checking exceptions
2025-10-31 11:11:12,006:INFO:Importing libraries
2025-10-31 11:11:12,006:INFO:Copying training dataset
2025-10-31 11:11:12,011:INFO:Defining folds
2025-10-31 11:11:12,012:INFO:Declaring metric variables
2025-10-31 11:11:12,012:INFO:Importing untrained model
2025-10-31 11:11:12,012:INFO:Declaring custom model
2025-10-31 11:11:12,012:INFO:Gradient Boosting Classifier Imported successfully
2025-10-31 11:11:12,013:INFO:Cross validation set to False
2025-10-31 11:11:12,013:INFO:Fitting Model
2025-10-31 11:11:25,239:INFO:GradientBoostingClassifier(ccp_alpha=0.0, criterion='friedman_mse', init=None,
                           learning_rate=0.1, loss='log_loss', max_depth=3,
                           max_features=None, max_leaf_nodes=None,
                           min_impurity_decrease=0.0, min_samples_leaf=1,
                           min_samples_split=2, min_weight_fraction_leaf=0.0,
                           n_estimators=100, n_iter_no_change=None,
                           random_state=123, subsample=1.0, tol=0.0001,
                           validation_fraction=0.1, verbose=0,
                           warm_start=False)
2025-10-31 11:11:25,239:INFO:create_model() successfully completed......................................
2025-10-31 11:11:25,294:INFO:_master_model_container: 14
2025-10-31 11:11:25,294:INFO:_display_container: 2
2025-10-31 11:11:25,294:INFO:GradientBoostingClassifier(ccp_alpha=0.0, criterion='friedman_mse', init=None,
                           learning_rate=0.1, loss='log_loss', max_depth=3,
                           max_features=None, max_leaf_nodes=None,
                           min_impurity_decrease=0.0, min_samples_leaf=1,
                           min_samples_split=2, min_weight_fraction_leaf=0.0,
                           n_estimators=100, n_iter_no_change=None,
                           random_state=123, subsample=1.0, tol=0.0001,
                           validation_fraction=0.1, verbose=0,
                           warm_start=False)
2025-10-31 11:11:25,294:INFO:compare_models() successfully completed......................................
2025-10-31 11:15:34,955:INFO:PyCaret ClassificationExperiment
2025-10-31 11:15:34,955:INFO:Logging name: clf-default-name
2025-10-31 11:15:34,955:INFO:ML Usecase: MLUsecase.CLASSIFICATION
2025-10-31 11:15:34,955:INFO:version 3.3.2
2025-10-31 11:15:34,955:INFO:Initializing setup()
2025-10-31 11:15:34,955:INFO:self.USI: 8925
2025-10-31 11:15:34,955:INFO:self._variable_keys: {'y_train', 'fold_groups_param', 'gpu_param', 'X_test', 'fold_generator', 'y', 'seed', 'is_multiclass', 'gpu_n_jobs_param', 'USI', 'memory', 'fix_imbalance', 'log_plots_param', 'pipeline', 'n_jobs_param', 'X', '_ml_usecase', 'html_param', 'exp_name_log', 'X_train', 'exp_id', 'fold_shuffle_param', 'idx', 'y_test', 'data', 'target_param', 'logging_param', '_available_plots'}
2025-10-31 11:15:34,955:INFO:Checking environment
2025-10-31 11:15:34,955:INFO:python_version: 3.11.9
2025-10-31 11:15:34,955:INFO:python_build: ('main', 'Apr 19 2024 16:40:41')
2025-10-31 11:15:34,955:INFO:machine: AMD64
2025-10-31 11:15:34,955:INFO:platform: Windows-10-10.0.19045-SP0
2025-10-31 11:15:34,960:INFO:Memory: svmem(total=34046668800, available=19389554688, percent=43.1, used=14657114112, free=19389554688)
2025-10-31 11:15:34,960:INFO:Physical Core: 10
2025-10-31 11:15:34,960:INFO:Logical Core: 12
2025-10-31 11:15:34,960:INFO:Checking libraries
2025-10-31 11:15:34,960:INFO:System:
2025-10-31 11:15:34,960:INFO:    python: 3.11.9 | packaged by Anaconda, Inc. | (main, Apr 19 2024, 16:40:41) [MSC v.1916 64 bit (AMD64)]
2025-10-31 11:15:34,961:INFO:executable: C:\Users\User\miniconda3\envs\py3_11_9\python.exe
2025-10-31 11:15:34,961:INFO:   machine: Windows-10-10.0.19045-SP0
2025-10-31 11:15:34,961:INFO:PyCaret required dependencies:
2025-10-31 11:15:34,961:INFO:                 pip: 25.2
2025-10-31 11:15:34,961:INFO:          setuptools: 80.9.0
2025-10-31 11:15:34,961:INFO:             pycaret: 3.3.2
2025-10-31 11:15:34,961:INFO:             IPython: 9.6.0
2025-10-31 11:15:34,961:INFO:          ipywidgets: 8.1.7
2025-10-31 11:15:34,961:INFO:                tqdm: 4.67.1
2025-10-31 11:15:34,961:INFO:               numpy: 1.26.4
2025-10-31 11:15:34,961:INFO:              pandas: 2.1.4
2025-10-31 11:15:34,961:INFO:              jinja2: 3.1.6
2025-10-31 11:15:34,961:INFO:               scipy: 1.11.4
2025-10-31 11:15:34,961:INFO:              joblib: 1.3.2
2025-10-31 11:15:34,961:INFO:             sklearn: 1.4.2
2025-10-31 11:15:34,961:INFO:                pyod: 2.0.5
2025-10-31 11:15:34,961:INFO:            imblearn: 0.14.0
2025-10-31 11:15:34,961:INFO:   category_encoders: 2.7.0
2025-10-31 11:15:34,961:INFO:            lightgbm: 4.6.0
2025-10-31 11:15:34,961:INFO:               numba: 0.62.1
2025-10-31 11:15:34,962:INFO:            requests: 2.32.5
2025-10-31 11:15:34,962:INFO:          matplotlib: 3.7.5
2025-10-31 11:15:34,962:INFO:          scikitplot: 0.3.7
2025-10-31 11:15:34,962:INFO:         yellowbrick: 1.5
2025-10-31 11:15:34,962:INFO:              plotly: 6.3.1
2025-10-31 11:15:34,962:INFO:    plotly-resampler: Not installed
2025-10-31 11:15:34,962:INFO:             kaleido: 1.1.0
2025-10-31 11:15:34,962:INFO:           schemdraw: 0.15
2025-10-31 11:15:34,962:INFO:         statsmodels: 0.14.5
2025-10-31 11:15:34,962:INFO:              sktime: 0.26.0
2025-10-31 11:15:34,962:INFO:               tbats: 1.1.3
2025-10-31 11:15:34,962:INFO:            pmdarima: 2.0.4
2025-10-31 11:15:34,962:INFO:              psutil: 7.1.2
2025-10-31 11:15:34,962:INFO:          markupsafe: 3.0.3
2025-10-31 11:15:34,962:INFO:             pickle5: Not installed
2025-10-31 11:15:34,962:INFO:         cloudpickle: 3.1.1
2025-10-31 11:15:34,962:INFO:         deprecation: 2.1.0
2025-10-31 11:15:34,962:INFO:              xxhash: 3.6.0
2025-10-31 11:15:34,962:INFO:           wurlitzer: Not installed
2025-10-31 11:15:34,962:INFO:PyCaret optional dependencies:
2025-10-31 11:15:34,963:INFO:                shap: Not installed
2025-10-31 11:15:34,963:INFO:           interpret: Not installed
2025-10-31 11:15:34,963:INFO:                umap: Not installed
2025-10-31 11:15:34,963:INFO:     ydata_profiling: Not installed
2025-10-31 11:15:34,963:INFO:  explainerdashboard: Not installed
2025-10-31 11:15:34,963:INFO:             autoviz: Not installed
2025-10-31 11:15:34,963:INFO:           fairlearn: Not installed
2025-10-31 11:15:34,963:INFO:          deepchecks: Not installed
2025-10-31 11:15:34,963:INFO:             xgboost: Not installed
2025-10-31 11:15:34,963:INFO:            catboost: Not installed
2025-10-31 11:15:34,963:INFO:              kmodes: Not installed
2025-10-31 11:15:34,963:INFO:             mlxtend: Not installed
2025-10-31 11:15:34,963:INFO:       statsforecast: Not installed
2025-10-31 11:15:34,963:INFO:        tune_sklearn: Not installed
2025-10-31 11:15:34,963:INFO:                 ray: Not installed
2025-10-31 11:15:34,963:INFO:            hyperopt: Not installed
2025-10-31 11:15:34,963:INFO:              optuna: Not installed
2025-10-31 11:15:34,963:INFO:               skopt: Not installed
2025-10-31 11:15:34,963:INFO:              mlflow: Not installed
2025-10-31 11:15:34,963:INFO:              gradio: Not installed
2025-10-31 11:15:34,963:INFO:             fastapi: Not installed
2025-10-31 11:15:34,963:INFO:             uvicorn: Not installed
2025-10-31 11:15:34,964:INFO:              m2cgen: Not installed
2025-10-31 11:15:34,964:INFO:           evidently: Not installed
2025-10-31 11:15:34,964:INFO:               fugue: Not installed
2025-10-31 11:15:34,964:INFO:           streamlit: Not installed
2025-10-31 11:15:34,964:INFO:             prophet: Not installed
2025-10-31 11:15:34,964:INFO:None
2025-10-31 11:15:34,964:INFO:Set up data.
2025-10-31 11:15:34,980:INFO:Set up folding strategy.
2025-10-31 11:15:34,981:INFO:Set up train/test split.
2025-10-31 11:15:34,998:INFO:Set up index.
2025-10-31 11:15:34,998:INFO:Assigning column types.
2025-10-31 11:15:35,002:INFO:Engine successfully changes for model 'lr' to 'sklearn'.
2025-10-31 11:15:35,027:INFO:Engine for model 'knn' has not been set explicitly, hence returning None.
2025-10-31 11:15:35,027:INFO:Engine for model 'rbfsvm' has not been set explicitly, hence returning None.
2025-10-31 11:15:35,044:WARNING:
'xgboost' is a soft dependency and not included in the pycaret installation. Please run: `pip install xgboost` to install.
Alternately, you can install this by running `pip install pycaret[models]`
2025-10-31 11:15:35,044:WARNING:
'catboost' is a soft dependency and not included in the pycaret installation. Please run: `pip install catboost` to install.
Alternately, you can install this by running `pip install pycaret[models]`
2025-10-31 11:15:35,060:INFO:Engine for model 'knn' has not been set explicitly, hence returning None.
2025-10-31 11:15:35,060:INFO:Engine for model 'rbfsvm' has not been set explicitly, hence returning None.
2025-10-31 11:15:35,076:WARNING:
'xgboost' is a soft dependency and not included in the pycaret installation. Please run: `pip install xgboost` to install.
Alternately, you can install this by running `pip install pycaret[models]`
2025-10-31 11:15:35,076:WARNING:
'catboost' is a soft dependency and not included in the pycaret installation. Please run: `pip install catboost` to install.
Alternately, you can install this by running `pip install pycaret[models]`
2025-10-31 11:15:35,076:INFO:Engine successfully changes for model 'knn' to 'sklearn'.
2025-10-31 11:15:35,100:INFO:Engine for model 'rbfsvm' has not been set explicitly, hence returning None.
2025-10-31 11:15:35,116:WARNING:
'xgboost' is a soft dependency and not included in the pycaret installation. Please run: `pip install xgboost` to install.
Alternately, you can install this by running `pip install pycaret[models]`
2025-10-31 11:15:35,116:WARNING:
'catboost' is a soft dependency and not included in the pycaret installation. Please run: `pip install catboost` to install.
Alternately, you can install this by running `pip install pycaret[models]`
2025-10-31 11:15:35,131:INFO:Engine for model 'rbfsvm' has not been set explicitly, hence returning None.
2025-10-31 11:15:35,147:WARNING:
'xgboost' is a soft dependency and not included in the pycaret installation. Please run: `pip install xgboost` to install.
Alternately, you can install this by running `pip install pycaret[models]`
2025-10-31 11:15:35,147:WARNING:
'catboost' is a soft dependency and not included in the pycaret installation. Please run: `pip install catboost` to install.
Alternately, you can install this by running `pip install pycaret[models]`
2025-10-31 11:15:35,147:INFO:Engine successfully changes for model 'rbfsvm' to 'sklearn'.
2025-10-31 11:15:35,204:WARNING:
'xgboost' is a soft dependency and not included in the pycaret installation. Please run: `pip install xgboost` to install.
Alternately, you can install this by running `pip install pycaret[models]`
2025-10-31 11:15:35,204:WARNING:
'catboost' is a soft dependency and not included in the pycaret installation. Please run: `pip install catboost` to install.
Alternately, you can install this by running `pip install pycaret[models]`
2025-10-31 11:15:35,228:WARNING:
'xgboost' is a soft dependency and not included in the pycaret installation. Please run: `pip install xgboost` to install.
Alternately, you can install this by running `pip install pycaret[models]`
2025-10-31 11:15:35,228:WARNING:
'catboost' is a soft dependency and not included in the pycaret installation. Please run: `pip install catboost` to install.
Alternately, you can install this by running `pip install pycaret[models]`
2025-10-31 11:15:35,228:INFO:Preparing preprocessing pipeline...
2025-10-31 11:15:35,228:INFO:Set up label encoding.
2025-10-31 11:15:35,243:INFO:Set up simple imputation.
2025-10-31 11:15:35,243:INFO:Set up encoding of ordinal features.
2025-10-31 11:15:35,243:INFO:Set up encoding of categorical features.
2025-10-31 11:15:35,312:INFO:Finished creating preprocessing pipeline.
2025-10-31 11:15:35,328:INFO:Pipeline: Pipeline(memory=FastMemory(location=C:\Users\User\AppData\Local\Temp\joblib),
         steps=[('label_encoding',
                 TransformerWrapperWithInverse(exclude=None, include=None,
                                               transformer=LabelEncoder())),
                ('numerical_imputer',
                 TransformerWrapper(exclude=None,
                                    include=['person_age', 'person_income',
                                             'person_emp_length', 'loan_amnt',
                                             'loan_status',
                                             'loan_percent_income',
                                             'cb_...
NaN   -1
dtype: int64}],
                                                               return_df=True,
                                                               verbose=0))),
                ('onehot_encoding',
                 TransformerWrapper(exclude=None,
                                    include=['person_home_ownership',
                                             'loan_intent'],
                                    transformer=OneHotEncoder(cols=['person_home_ownership',
                                                                    'loan_intent'],
                                                              drop_invariant=False,
                                                              handle_missing='return_nan',
                                                              handle_unknown='value',
                                                              return_df=True,
                                                              use_cat_names=True,
                                                              verbose=0)))],
         verbose=False)
2025-10-31 11:15:35,328:INFO:Creating final display dataframe.
2025-10-31 11:15:35,548:INFO:Setup _display_container:                     Description                                     Value
0                    Session id                                       123
1                        Target                                loan_grade
2                   Target type                                Multiclass
3                Target mapping  A: 0, B: 1, C: 2, D: 3, E: 4, F: 5, G: 6
4           Original data shape                               (32581, 11)
5        Transformed data shape                               (32581, 19)
6   Transformed train set shape                               (22806, 19)
7    Transformed test set shape                                (9775, 19)
8              Numeric features                                         7
9          Categorical features                                         3
10     Rows with missing values                                      2.7%
11                   Preprocess                                      True
12              Imputation type                                    simple
13           Numeric imputation                                      mean
14       Categorical imputation                                      mode
15     Maximum one-hot encoding                                        25
16              Encoding method                                      None
17               Fold Generator                           StratifiedKFold
18                  Fold Number                                        10
19                     CPU Jobs                                        -1
20                      Use GPU                                     False
21               Log Experiment                                     False
22              Experiment Name                          clf-default-name
23                          USI                                      8925
2025-10-31 11:15:35,599:WARNING:
'xgboost' is a soft dependency and not included in the pycaret installation. Please run: `pip install xgboost` to install.
Alternately, you can install this by running `pip install pycaret[models]`
2025-10-31 11:15:35,599:WARNING:
'catboost' is a soft dependency and not included in the pycaret installation. Please run: `pip install catboost` to install.
Alternately, you can install this by running `pip install pycaret[models]`
2025-10-31 11:15:35,646:WARNING:
'xgboost' is a soft dependency and not included in the pycaret installation. Please run: `pip install xgboost` to install.
Alternately, you can install this by running `pip install pycaret[models]`
2025-10-31 11:15:35,646:WARNING:
'catboost' is a soft dependency and not included in the pycaret installation. Please run: `pip install catboost` to install.
Alternately, you can install this by running `pip install pycaret[models]`
2025-10-31 11:15:35,647:INFO:setup() successfully completed in 0.69s...............
2025-10-31 11:15:38,596:INFO:Initializing compare_models()
2025-10-31 11:15:38,596:INFO:compare_models(self=<pycaret.classification.oop.ClassificationExperiment object at 0x000002AFB4FC8A90>, include=None, exclude=None, fold=None, round=4, cross_validation=True, sort=Accuracy, n_select=1, budget_time=None, turbo=True, errors=ignore, fit_kwargs=None, groups=None, experiment_custom_tags=None, probability_threshold=None, verbose=True, parallel=None, caller_params={'self': <pycaret.classification.oop.ClassificationExperiment object at 0x000002AFB4FC8A90>, 'include': None, 'exclude': None, 'fold': None, 'round': 4, 'cross_validation': True, 'sort': 'Accuracy', 'n_select': 1, 'budget_time': None, 'turbo': True, 'errors': 'ignore', 'fit_kwargs': None, 'groups': None, 'experiment_custom_tags': None, 'probability_threshold': None, 'engine': None, 'verbose': True, 'parallel': None, '__class__': <class 'pycaret.classification.oop.ClassificationExperiment'>})
2025-10-31 11:15:38,596:INFO:Checking exceptions
2025-10-31 11:15:38,604:INFO:Preparing display monitor
2025-10-31 11:15:38,627:INFO:Initializing Logistic Regression
2025-10-31 11:15:38,628:INFO:Total runtime is 1.6733010609944662e-05 minutes
2025-10-31 11:15:38,646:INFO:SubProcess create_model() called ==================================
2025-10-31 11:15:38,646:INFO:Initializing create_model()
2025-10-31 11:15:38,647:INFO:create_model(self=<pycaret.classification.oop.ClassificationExperiment object at 0x000002AFB4FC8A90>, estimator=lr, fold=StratifiedKFold(n_splits=10, random_state=None, shuffle=False), round=4, cross_validation=True, predict=True, fit_kwargs={}, groups=None, refit=False, probability_threshold=None, experiment_custom_tags=None, verbose=False, system=False, add_to_model_list=True, metrics=None, display=<pycaret.internal.display.display.CommonDisplay object at 0x000002AFB5024990>, model_only=True, return_train_score=False, error_score=0.0, kwargs={})
2025-10-31 11:15:38,647:INFO:Checking exceptions
2025-10-31 11:15:38,647:INFO:Importing libraries
2025-10-31 11:15:38,647:INFO:Copying training dataset
2025-10-31 11:15:38,668:INFO:Defining folds
2025-10-31 11:15:38,668:INFO:Declaring metric variables
2025-10-31 11:15:38,673:INFO:Importing untrained model
2025-10-31 11:15:38,677:INFO:Logistic Regression Imported successfully
2025-10-31 11:15:38,685:INFO:Starting cross validation
2025-10-31 11:15:38,689:INFO:Cross validating with StratifiedKFold(n_splits=10, random_state=None, shuffle=False), n_jobs=-1
2025-10-31 11:15:49,496:WARNING:C:\Users\User\miniconda3\envs\py3_11_9\Lib\site-packages\sklearn\linear_model\_logistic.py:469: ConvergenceWarning: lbfgs failed to converge (status=1):
STOP: TOTAL NO. of ITERATIONS REACHED LIMIT.

Increase the number of iterations (max_iter) or scale the data as shown in:
    https://scikit-learn.org/stable/modules/preprocessing.html
Please also refer to the documentation for alternative solver options:
    https://scikit-learn.org/stable/modules/linear_model.html#logistic-regression
  n_iter_i = _check_optimize_result(

2025-10-31 11:15:49,534:WARNING:C:\Users\User\miniconda3\envs\py3_11_9\Lib\site-packages\sklearn\linear_model\_logistic.py:469: ConvergenceWarning: lbfgs failed to converge (status=1):
STOP: TOTAL NO. of ITERATIONS REACHED LIMIT.

Increase the number of iterations (max_iter) or scale the data as shown in:
    https://scikit-learn.org/stable/modules/preprocessing.html
Please also refer to the documentation for alternative solver options:
    https://scikit-learn.org/stable/modules/linear_model.html#logistic-regression
  n_iter_i = _check_optimize_result(

2025-10-31 11:15:49,567:WARNING:C:\Users\User\miniconda3\envs\py3_11_9\Lib\site-packages\pycaret\internal\metrics.py:204: FitFailedWarning: Metric 'make_scorer(roc_auc_score, response_method=('decision_function', 'predict_proba'), average=weighted, multi_class=ovr)' failed and error score 0.0 has been returned instead. If this is a custom metric, this usually means that the error is in the metric code. Full exception below:
Traceback (most recent call last):
  File "C:\Users\User\miniconda3\envs\py3_11_9\Lib\site-packages\pycaret\internal\metrics.py", line 196, in _score
    return super()._score(
           ^^^^^^^^^^^^^^^
  File "C:\Users\User\miniconda3\envs\py3_11_9\Lib\site-packages\sklearn\metrics\_scorer.py", line 350, in _score
    return self._sign * self._score_func(y_true, y_pred, **scoring_kwargs)
                        ^^^^^^^^^^^^^^^^^^^^^^^^^^^^^^^^^^^^^^^^^^^^^^^^^^
  File "C:\Users\User\miniconda3\envs\py3_11_9\Lib\site-packages\pycaret\internal\metrics.py", line 144, in __call__
    return self.score_func(y_true, y_pred, **kwargs)
           ^^^^^^^^^^^^^^^^^^^^^^^^^^^^^^^^^^^^^^^^^
  File "C:\Users\User\miniconda3\envs\py3_11_9\Lib\site-packages\sklearn\utils\_param_validation.py", line 213, in wrapper
    return func(*args, **kwargs)
           ^^^^^^^^^^^^^^^^^^^^^
  File "C:\Users\User\miniconda3\envs\py3_11_9\Lib\site-packages\sklearn\metrics\_ranking.py", line 634, in roc_auc_score
    return _multiclass_roc_auc_score(
           ^^^^^^^^^^^^^^^^^^^^^^^^^^
  File "C:\Users\User\miniconda3\envs\py3_11_9\Lib\site-packages\sklearn\metrics\_ranking.py", line 707, in _multiclass_roc_auc_score
    raise ValueError(
ValueError: Target scores need to be probabilities for multiclass roc_auc, i.e. they should sum up to 1.0 over classes

  warnings.warn(

2025-10-31 11:15:49,567:WARNING:C:\Users\User\miniconda3\envs\py3_11_9\Lib\site-packages\sklearn\linear_model\_logistic.py:469: ConvergenceWarning: lbfgs failed to converge (status=1):
STOP: TOTAL NO. of ITERATIONS REACHED LIMIT.

Increase the number of iterations (max_iter) or scale the data as shown in:
    https://scikit-learn.org/stable/modules/preprocessing.html
Please also refer to the documentation for alternative solver options:
    https://scikit-learn.org/stable/modules/linear_model.html#logistic-regression
  n_iter_i = _check_optimize_result(

2025-10-31 11:15:49,567:WARNING:C:\Users\User\miniconda3\envs\py3_11_9\Lib\site-packages\sklearn\linear_model\_logistic.py:469: ConvergenceWarning: lbfgs failed to converge (status=1):
STOP: TOTAL NO. of ITERATIONS REACHED LIMIT.

Increase the number of iterations (max_iter) or scale the data as shown in:
    https://scikit-learn.org/stable/modules/preprocessing.html
Please also refer to the documentation for alternative solver options:
    https://scikit-learn.org/stable/modules/linear_model.html#logistic-regression
  n_iter_i = _check_optimize_result(

2025-10-31 11:15:49,577:WARNING:C:\Users\User\miniconda3\envs\py3_11_9\Lib\site-packages\sklearn\metrics\_classification.py:1561: UserWarning: Note that pos_label (set to 'G') is ignored when average != 'binary' (got 'weighted'). You may use labels=[pos_label] to specify a single positive class.
  warnings.warn(

2025-10-31 11:15:49,605:WARNING:C:\Users\User\miniconda3\envs\py3_11_9\Lib\site-packages\sklearn\metrics\_classification.py:1561: UserWarning: Note that pos_label (set to 'G') is ignored when average != 'binary' (got 'weighted'). You may use labels=[pos_label] to specify a single positive class.
  warnings.warn(

2025-10-31 11:15:49,606:WARNING:C:\Users\User\miniconda3\envs\py3_11_9\Lib\site-packages\pycaret\internal\metrics.py:204: FitFailedWarning: Metric 'make_scorer(roc_auc_score, response_method=('decision_function', 'predict_proba'), average=weighted, multi_class=ovr)' failed and error score 0.0 has been returned instead. If this is a custom metric, this usually means that the error is in the metric code. Full exception below:
Traceback (most recent call last):
  File "C:\Users\User\miniconda3\envs\py3_11_9\Lib\site-packages\pycaret\internal\metrics.py", line 196, in _score
    return super()._score(
           ^^^^^^^^^^^^^^^
  File "C:\Users\User\miniconda3\envs\py3_11_9\Lib\site-packages\sklearn\metrics\_scorer.py", line 350, in _score
    return self._sign * self._score_func(y_true, y_pred, **scoring_kwargs)
                        ^^^^^^^^^^^^^^^^^^^^^^^^^^^^^^^^^^^^^^^^^^^^^^^^^^
  File "C:\Users\User\miniconda3\envs\py3_11_9\Lib\site-packages\pycaret\internal\metrics.py", line 144, in __call__
    return self.score_func(y_true, y_pred, **kwargs)
           ^^^^^^^^^^^^^^^^^^^^^^^^^^^^^^^^^^^^^^^^^
  File "C:\Users\User\miniconda3\envs\py3_11_9\Lib\site-packages\sklearn\utils\_param_validation.py", line 213, in wrapper
    return func(*args, **kwargs)
           ^^^^^^^^^^^^^^^^^^^^^
  File "C:\Users\User\miniconda3\envs\py3_11_9\Lib\site-packages\sklearn\metrics\_ranking.py", line 634, in roc_auc_score
    return _multiclass_roc_auc_score(
           ^^^^^^^^^^^^^^^^^^^^^^^^^^
  File "C:\Users\User\miniconda3\envs\py3_11_9\Lib\site-packages\sklearn\metrics\_ranking.py", line 707, in _multiclass_roc_auc_score
    raise ValueError(
ValueError: Target scores need to be probabilities for multiclass roc_auc, i.e. they should sum up to 1.0 over classes

  warnings.warn(

2025-10-31 11:15:49,615:WARNING:C:\Users\User\miniconda3\envs\py3_11_9\Lib\site-packages\sklearn\metrics\_classification.py:1561: UserWarning: Note that pos_label (set to 'G') is ignored when average != 'binary' (got 'weighted'). You may use labels=[pos_label] to specify a single positive class.
  warnings.warn(

2025-10-31 11:15:49,617:WARNING:C:\Users\User\miniconda3\envs\py3_11_9\Lib\site-packages\sklearn\metrics\_classification.py:1509: UndefinedMetricWarning: Precision is ill-defined and being set to 0.0 in labels with no predicted samples. Use `zero_division` parameter to control this behavior.
  _warn_prf(average, modifier, f"{metric.capitalize()} is", len(result))

2025-10-31 11:15:49,633:WARNING:C:\Users\User\miniconda3\envs\py3_11_9\Lib\site-packages\sklearn\metrics\_classification.py:1561: UserWarning: Note that pos_label (set to 'G') is ignored when average != 'binary' (got 'weighted'). You may use labels=[pos_label] to specify a single positive class.
  warnings.warn(

2025-10-31 11:15:49,633:WARNING:C:\Users\User\miniconda3\envs\py3_11_9\Lib\site-packages\sklearn\linear_model\_logistic.py:469: ConvergenceWarning: lbfgs failed to converge (status=1):
STOP: TOTAL NO. of ITERATIONS REACHED LIMIT.

Increase the number of iterations (max_iter) or scale the data as shown in:
    https://scikit-learn.org/stable/modules/preprocessing.html
Please also refer to the documentation for alternative solver options:
    https://scikit-learn.org/stable/modules/linear_model.html#logistic-regression
  n_iter_i = _check_optimize_result(

2025-10-31 11:15:49,642:WARNING:C:\Users\User\miniconda3\envs\py3_11_9\Lib\site-packages\pycaret\internal\metrics.py:204: FitFailedWarning: Metric 'make_scorer(roc_auc_score, response_method=('decision_function', 'predict_proba'), average=weighted, multi_class=ovr)' failed and error score 0.0 has been returned instead. If this is a custom metric, this usually means that the error is in the metric code. Full exception below:
Traceback (most recent call last):
  File "C:\Users\User\miniconda3\envs\py3_11_9\Lib\site-packages\pycaret\internal\metrics.py", line 196, in _score
    return super()._score(
           ^^^^^^^^^^^^^^^
  File "C:\Users\User\miniconda3\envs\py3_11_9\Lib\site-packages\sklearn\metrics\_scorer.py", line 350, in _score
    return self._sign * self._score_func(y_true, y_pred, **scoring_kwargs)
                        ^^^^^^^^^^^^^^^^^^^^^^^^^^^^^^^^^^^^^^^^^^^^^^^^^^
  File "C:\Users\User\miniconda3\envs\py3_11_9\Lib\site-packages\pycaret\internal\metrics.py", line 144, in __call__
    return self.score_func(y_true, y_pred, **kwargs)
           ^^^^^^^^^^^^^^^^^^^^^^^^^^^^^^^^^^^^^^^^^
  File "C:\Users\User\miniconda3\envs\py3_11_9\Lib\site-packages\sklearn\utils\_param_validation.py", line 213, in wrapper
    return func(*args, **kwargs)
           ^^^^^^^^^^^^^^^^^^^^^
  File "C:\Users\User\miniconda3\envs\py3_11_9\Lib\site-packages\sklearn\metrics\_ranking.py", line 634, in roc_auc_score
    return _multiclass_roc_auc_score(
           ^^^^^^^^^^^^^^^^^^^^^^^^^^
  File "C:\Users\User\miniconda3\envs\py3_11_9\Lib\site-packages\sklearn\metrics\_ranking.py", line 707, in _multiclass_roc_auc_score
    raise ValueError(
ValueError: Target scores need to be probabilities for multiclass roc_auc, i.e. they should sum up to 1.0 over classes

  warnings.warn(

2025-10-31 11:15:49,642:WARNING:C:\Users\User\miniconda3\envs\py3_11_9\Lib\site-packages\pycaret\internal\metrics.py:204: FitFailedWarning: Metric 'make_scorer(roc_auc_score, response_method=('decision_function', 'predict_proba'), average=weighted, multi_class=ovr)' failed and error score 0.0 has been returned instead. If this is a custom metric, this usually means that the error is in the metric code. Full exception below:
Traceback (most recent call last):
  File "C:\Users\User\miniconda3\envs\py3_11_9\Lib\site-packages\pycaret\internal\metrics.py", line 196, in _score
    return super()._score(
           ^^^^^^^^^^^^^^^
  File "C:\Users\User\miniconda3\envs\py3_11_9\Lib\site-packages\sklearn\metrics\_scorer.py", line 350, in _score
    return self._sign * self._score_func(y_true, y_pred, **scoring_kwargs)
                        ^^^^^^^^^^^^^^^^^^^^^^^^^^^^^^^^^^^^^^^^^^^^^^^^^^
  File "C:\Users\User\miniconda3\envs\py3_11_9\Lib\site-packages\pycaret\internal\metrics.py", line 144, in __call__
    return self.score_func(y_true, y_pred, **kwargs)
           ^^^^^^^^^^^^^^^^^^^^^^^^^^^^^^^^^^^^^^^^^
  File "C:\Users\User\miniconda3\envs\py3_11_9\Lib\site-packages\sklearn\utils\_param_validation.py", line 213, in wrapper
    return func(*args, **kwargs)
           ^^^^^^^^^^^^^^^^^^^^^
  File "C:\Users\User\miniconda3\envs\py3_11_9\Lib\site-packages\sklearn\metrics\_ranking.py", line 634, in roc_auc_score
    return _multiclass_roc_auc_score(
           ^^^^^^^^^^^^^^^^^^^^^^^^^^
  File "C:\Users\User\miniconda3\envs\py3_11_9\Lib\site-packages\sklearn\metrics\_ranking.py", line 707, in _multiclass_roc_auc_score
    raise ValueError(
ValueError: Target scores need to be probabilities for multiclass roc_auc, i.e. they should sum up to 1.0 over classes

  warnings.warn(

2025-10-31 11:15:49,646:WARNING:C:\Users\User\miniconda3\envs\py3_11_9\Lib\site-packages\sklearn\metrics\_classification.py:1561: UserWarning: Note that pos_label (set to 'G') is ignored when average != 'binary' (got 'weighted'). You may use labels=[pos_label] to specify a single positive class.
  warnings.warn(

2025-10-31 11:15:49,650:WARNING:C:\Users\User\miniconda3\envs\py3_11_9\Lib\site-packages\sklearn\linear_model\_logistic.py:469: ConvergenceWarning: lbfgs failed to converge (status=1):
STOP: TOTAL NO. of ITERATIONS REACHED LIMIT.

Increase the number of iterations (max_iter) or scale the data as shown in:
    https://scikit-learn.org/stable/modules/preprocessing.html
Please also refer to the documentation for alternative solver options:
    https://scikit-learn.org/stable/modules/linear_model.html#logistic-regression
  n_iter_i = _check_optimize_result(

2025-10-31 11:15:49,650:WARNING:C:\Users\User\miniconda3\envs\py3_11_9\Lib\site-packages\sklearn\linear_model\_logistic.py:469: ConvergenceWarning: lbfgs failed to converge (status=1):
STOP: TOTAL NO. of ITERATIONS REACHED LIMIT.

Increase the number of iterations (max_iter) or scale the data as shown in:
    https://scikit-learn.org/stable/modules/preprocessing.html
Please also refer to the documentation for alternative solver options:
    https://scikit-learn.org/stable/modules/linear_model.html#logistic-regression
  n_iter_i = _check_optimize_result(

2025-10-31 11:15:49,656:WARNING:C:\Users\User\miniconda3\envs\py3_11_9\Lib\site-packages\sklearn\metrics\_classification.py:1561: UserWarning: Note that pos_label (set to 'G') is ignored when average != 'binary' (got 'weighted'). You may use labels=[pos_label] to specify a single positive class.
  warnings.warn(

2025-10-31 11:15:49,660:WARNING:C:\Users\User\miniconda3\envs\py3_11_9\Lib\site-packages\sklearn\metrics\_classification.py:1509: UndefinedMetricWarning: Precision is ill-defined and being set to 0.0 in labels with no predicted samples. Use `zero_division` parameter to control this behavior.
  _warn_prf(average, modifier, f"{metric.capitalize()} is", len(result))

2025-10-31 11:15:49,679:WARNING:C:\Users\User\miniconda3\envs\py3_11_9\Lib\site-packages\sklearn\metrics\_classification.py:1561: UserWarning: Note that pos_label (set to 'G') is ignored when average != 'binary' (got 'weighted'). You may use labels=[pos_label] to specify a single positive class.
  warnings.warn(

2025-10-31 11:15:49,680:WARNING:C:\Users\User\miniconda3\envs\py3_11_9\Lib\site-packages\sklearn\metrics\_classification.py:1561: UserWarning: Note that pos_label (set to 'G') is ignored when average != 'binary' (got 'weighted'). You may use labels=[pos_label] to specify a single positive class.
  warnings.warn(

2025-10-31 11:15:49,689:WARNING:C:\Users\User\miniconda3\envs\py3_11_9\Lib\site-packages\sklearn\metrics\_classification.py:1561: UserWarning: Note that pos_label (set to 'G') is ignored when average != 'binary' (got 'weighted'). You may use labels=[pos_label] to specify a single positive class.
  warnings.warn(

2025-10-31 11:15:49,690:WARNING:C:\Users\User\miniconda3\envs\py3_11_9\Lib\site-packages\sklearn\metrics\_classification.py:1509: UndefinedMetricWarning: Precision is ill-defined and being set to 0.0 in labels with no predicted samples. Use `zero_division` parameter to control this behavior.
  _warn_prf(average, modifier, f"{metric.capitalize()} is", len(result))

2025-10-31 11:15:49,690:WARNING:C:\Users\User\miniconda3\envs\py3_11_9\Lib\site-packages\pycaret\internal\metrics.py:204: FitFailedWarning: Metric 'make_scorer(roc_auc_score, response_method=('decision_function', 'predict_proba'), average=weighted, multi_class=ovr)' failed and error score 0.0 has been returned instead. If this is a custom metric, this usually means that the error is in the metric code. Full exception below:
Traceback (most recent call last):
  File "C:\Users\User\miniconda3\envs\py3_11_9\Lib\site-packages\pycaret\internal\metrics.py", line 196, in _score
    return super()._score(
           ^^^^^^^^^^^^^^^
  File "C:\Users\User\miniconda3\envs\py3_11_9\Lib\site-packages\sklearn\metrics\_scorer.py", line 350, in _score
    return self._sign * self._score_func(y_true, y_pred, **scoring_kwargs)
                        ^^^^^^^^^^^^^^^^^^^^^^^^^^^^^^^^^^^^^^^^^^^^^^^^^^
  File "C:\Users\User\miniconda3\envs\py3_11_9\Lib\site-packages\pycaret\internal\metrics.py", line 144, in __call__
    return self.score_func(y_true, y_pred, **kwargs)
           ^^^^^^^^^^^^^^^^^^^^^^^^^^^^^^^^^^^^^^^^^
  File "C:\Users\User\miniconda3\envs\py3_11_9\Lib\site-packages\sklearn\utils\_param_validation.py", line 213, in wrapper
    return func(*args, **kwargs)
           ^^^^^^^^^^^^^^^^^^^^^
  File "C:\Users\User\miniconda3\envs\py3_11_9\Lib\site-packages\sklearn\metrics\_ranking.py", line 634, in roc_auc_score
    return _multiclass_roc_auc_score(
           ^^^^^^^^^^^^^^^^^^^^^^^^^^
  File "C:\Users\User\miniconda3\envs\py3_11_9\Lib\site-packages\sklearn\metrics\_ranking.py", line 707, in _multiclass_roc_auc_score
    raise ValueError(
ValueError: Target scores need to be probabilities for multiclass roc_auc, i.e. they should sum up to 1.0 over classes

  warnings.warn(

2025-10-31 11:15:49,699:WARNING:C:\Users\User\miniconda3\envs\py3_11_9\Lib\site-packages\sklearn\metrics\_classification.py:1561: UserWarning: Note that pos_label (set to 'G') is ignored when average != 'binary' (got 'weighted'). You may use labels=[pos_label] to specify a single positive class.
  warnings.warn(

2025-10-31 11:15:49,700:WARNING:C:\Users\User\miniconda3\envs\py3_11_9\Lib\site-packages\sklearn\metrics\_classification.py:1509: UndefinedMetricWarning: Precision is ill-defined and being set to 0.0 in labels with no predicted samples. Use `zero_division` parameter to control this behavior.
  _warn_prf(average, modifier, f"{metric.capitalize()} is", len(result))

2025-10-31 11:15:49,700:WARNING:C:\Users\User\miniconda3\envs\py3_11_9\Lib\site-packages\sklearn\metrics\_classification.py:1561: UserWarning: Note that pos_label (set to 'G') is ignored when average != 'binary' (got 'weighted'). You may use labels=[pos_label] to specify a single positive class.
  warnings.warn(

2025-10-31 11:15:49,710:WARNING:C:\Users\User\miniconda3\envs\py3_11_9\Lib\site-packages\sklearn\metrics\_classification.py:1561: UserWarning: Note that pos_label (set to 'G') is ignored when average != 'binary' (got 'weighted'). You may use labels=[pos_label] to specify a single positive class.
  warnings.warn(

2025-10-31 11:15:49,710:WARNING:C:\Users\User\miniconda3\envs\py3_11_9\Lib\site-packages\sklearn\linear_model\_logistic.py:469: ConvergenceWarning: lbfgs failed to converge (status=1):
STOP: TOTAL NO. of ITERATIONS REACHED LIMIT.

Increase the number of iterations (max_iter) or scale the data as shown in:
    https://scikit-learn.org/stable/modules/preprocessing.html
Please also refer to the documentation for alternative solver options:
    https://scikit-learn.org/stable/modules/linear_model.html#logistic-regression
  n_iter_i = _check_optimize_result(

2025-10-31 11:15:49,710:WARNING:C:\Users\User\miniconda3\envs\py3_11_9\Lib\site-packages\sklearn\linear_model\_logistic.py:469: ConvergenceWarning: lbfgs failed to converge (status=1):
STOP: TOTAL NO. of ITERATIONS REACHED LIMIT.

Increase the number of iterations (max_iter) or scale the data as shown in:
    https://scikit-learn.org/stable/modules/preprocessing.html
Please also refer to the documentation for alternative solver options:
    https://scikit-learn.org/stable/modules/linear_model.html#logistic-regression
  n_iter_i = _check_optimize_result(

2025-10-31 11:15:49,717:WARNING:C:\Users\User\miniconda3\envs\py3_11_9\Lib\site-packages\pycaret\internal\metrics.py:204: FitFailedWarning: Metric 'make_scorer(roc_auc_score, response_method=('decision_function', 'predict_proba'), average=weighted, multi_class=ovr)' failed and error score 0.0 has been returned instead. If this is a custom metric, this usually means that the error is in the metric code. Full exception below:
Traceback (most recent call last):
  File "C:\Users\User\miniconda3\envs\py3_11_9\Lib\site-packages\pycaret\internal\metrics.py", line 196, in _score
    return super()._score(
           ^^^^^^^^^^^^^^^
  File "C:\Users\User\miniconda3\envs\py3_11_9\Lib\site-packages\sklearn\metrics\_scorer.py", line 350, in _score
    return self._sign * self._score_func(y_true, y_pred, **scoring_kwargs)
                        ^^^^^^^^^^^^^^^^^^^^^^^^^^^^^^^^^^^^^^^^^^^^^^^^^^
  File "C:\Users\User\miniconda3\envs\py3_11_9\Lib\site-packages\pycaret\internal\metrics.py", line 144, in __call__
    return self.score_func(y_true, y_pred, **kwargs)
           ^^^^^^^^^^^^^^^^^^^^^^^^^^^^^^^^^^^^^^^^^
  File "C:\Users\User\miniconda3\envs\py3_11_9\Lib\site-packages\sklearn\utils\_param_validation.py", line 213, in wrapper
    return func(*args, **kwargs)
           ^^^^^^^^^^^^^^^^^^^^^
  File "C:\Users\User\miniconda3\envs\py3_11_9\Lib\site-packages\sklearn\metrics\_ranking.py", line 634, in roc_auc_score
    return _multiclass_roc_auc_score(
           ^^^^^^^^^^^^^^^^^^^^^^^^^^
  File "C:\Users\User\miniconda3\envs\py3_11_9\Lib\site-packages\sklearn\metrics\_ranking.py", line 707, in _multiclass_roc_auc_score
    raise ValueError(
ValueError: Target scores need to be probabilities for multiclass roc_auc, i.e. they should sum up to 1.0 over classes

  warnings.warn(

2025-10-31 11:15:49,717:WARNING:C:\Users\User\miniconda3\envs\py3_11_9\Lib\site-packages\sklearn\metrics\_classification.py:1561: UserWarning: Note that pos_label (set to 'G') is ignored when average != 'binary' (got 'weighted'). You may use labels=[pos_label] to specify a single positive class.
  warnings.warn(

2025-10-31 11:15:49,719:WARNING:C:\Users\User\miniconda3\envs\py3_11_9\Lib\site-packages\pycaret\internal\metrics.py:204: FitFailedWarning: Metric 'make_scorer(roc_auc_score, response_method=('decision_function', 'predict_proba'), average=weighted, multi_class=ovr)' failed and error score 0.0 has been returned instead. If this is a custom metric, this usually means that the error is in the metric code. Full exception below:
Traceback (most recent call last):
  File "C:\Users\User\miniconda3\envs\py3_11_9\Lib\site-packages\pycaret\internal\metrics.py", line 196, in _score
    return super()._score(
           ^^^^^^^^^^^^^^^
  File "C:\Users\User\miniconda3\envs\py3_11_9\Lib\site-packages\sklearn\metrics\_scorer.py", line 350, in _score
    return self._sign * self._score_func(y_true, y_pred, **scoring_kwargs)
                        ^^^^^^^^^^^^^^^^^^^^^^^^^^^^^^^^^^^^^^^^^^^^^^^^^^
  File "C:\Users\User\miniconda3\envs\py3_11_9\Lib\site-packages\pycaret\internal\metrics.py", line 144, in __call__
    return self.score_func(y_true, y_pred, **kwargs)
           ^^^^^^^^^^^^^^^^^^^^^^^^^^^^^^^^^^^^^^^^^
  File "C:\Users\User\miniconda3\envs\py3_11_9\Lib\site-packages\sklearn\utils\_param_validation.py", line 213, in wrapper
    return func(*args, **kwargs)
           ^^^^^^^^^^^^^^^^^^^^^
  File "C:\Users\User\miniconda3\envs\py3_11_9\Lib\site-packages\sklearn\metrics\_ranking.py", line 634, in roc_auc_score
    return _multiclass_roc_auc_score(
           ^^^^^^^^^^^^^^^^^^^^^^^^^^
  File "C:\Users\User\miniconda3\envs\py3_11_9\Lib\site-packages\sklearn\metrics\_ranking.py", line 707, in _multiclass_roc_auc_score
    raise ValueError(
ValueError: Target scores need to be probabilities for multiclass roc_auc, i.e. they should sum up to 1.0 over classes

  warnings.warn(

2025-10-31 11:15:49,720:WARNING:C:\Users\User\miniconda3\envs\py3_11_9\Lib\site-packages\sklearn\metrics\_classification.py:1509: UndefinedMetricWarning: Precision is ill-defined and being set to 0.0 in labels with no predicted samples. Use `zero_division` parameter to control this behavior.
  _warn_prf(average, modifier, f"{metric.capitalize()} is", len(result))

2025-10-31 11:15:49,720:WARNING:C:\Users\User\miniconda3\envs\py3_11_9\Lib\site-packages\sklearn\metrics\_classification.py:1561: UserWarning: Note that pos_label (set to 'G') is ignored when average != 'binary' (got 'weighted'). You may use labels=[pos_label] to specify a single positive class.
  warnings.warn(

2025-10-31 11:15:49,729:WARNING:C:\Users\User\miniconda3\envs\py3_11_9\Lib\site-packages\sklearn\metrics\_classification.py:1561: UserWarning: Note that pos_label (set to 'G') is ignored when average != 'binary' (got 'weighted'). You may use labels=[pos_label] to specify a single positive class.
  warnings.warn(

2025-10-31 11:15:49,731:WARNING:C:\Users\User\miniconda3\envs\py3_11_9\Lib\site-packages\sklearn\metrics\_classification.py:1561: UserWarning: Note that pos_label (set to 'G') is ignored when average != 'binary' (got 'weighted'). You may use labels=[pos_label] to specify a single positive class.
  warnings.warn(

2025-10-31 11:15:49,741:WARNING:C:\Users\User\miniconda3\envs\py3_11_9\Lib\site-packages\sklearn\metrics\_classification.py:1561: UserWarning: Note that pos_label (set to 'G') is ignored when average != 'binary' (got 'weighted'). You may use labels=[pos_label] to specify a single positive class.
  warnings.warn(

2025-10-31 11:15:49,751:WARNING:C:\Users\User\miniconda3\envs\py3_11_9\Lib\site-packages\pycaret\internal\metrics.py:204: FitFailedWarning: Metric 'make_scorer(roc_auc_score, response_method=('decision_function', 'predict_proba'), average=weighted, multi_class=ovr)' failed and error score 0.0 has been returned instead. If this is a custom metric, this usually means that the error is in the metric code. Full exception below:
Traceback (most recent call last):
  File "C:\Users\User\miniconda3\envs\py3_11_9\Lib\site-packages\pycaret\internal\metrics.py", line 196, in _score
    return super()._score(
           ^^^^^^^^^^^^^^^
  File "C:\Users\User\miniconda3\envs\py3_11_9\Lib\site-packages\sklearn\metrics\_scorer.py", line 350, in _score
    return self._sign * self._score_func(y_true, y_pred, **scoring_kwargs)
                        ^^^^^^^^^^^^^^^^^^^^^^^^^^^^^^^^^^^^^^^^^^^^^^^^^^
  File "C:\Users\User\miniconda3\envs\py3_11_9\Lib\site-packages\pycaret\internal\metrics.py", line 144, in __call__
    return self.score_func(y_true, y_pred, **kwargs)
           ^^^^^^^^^^^^^^^^^^^^^^^^^^^^^^^^^^^^^^^^^
  File "C:\Users\User\miniconda3\envs\py3_11_9\Lib\site-packages\sklearn\utils\_param_validation.py", line 213, in wrapper
    return func(*args, **kwargs)
           ^^^^^^^^^^^^^^^^^^^^^
  File "C:\Users\User\miniconda3\envs\py3_11_9\Lib\site-packages\sklearn\metrics\_ranking.py", line 634, in roc_auc_score
    return _multiclass_roc_auc_score(
           ^^^^^^^^^^^^^^^^^^^^^^^^^^
  File "C:\Users\User\miniconda3\envs\py3_11_9\Lib\site-packages\sklearn\metrics\_ranking.py", line 707, in _multiclass_roc_auc_score
    raise ValueError(
ValueError: Target scores need to be probabilities for multiclass roc_auc, i.e. they should sum up to 1.0 over classes

  warnings.warn(

2025-10-31 11:15:49,751:WARNING:C:\Users\User\miniconda3\envs\py3_11_9\Lib\site-packages\sklearn\metrics\_classification.py:1509: UndefinedMetricWarning: Precision is ill-defined and being set to 0.0 in labels with no predicted samples. Use `zero_division` parameter to control this behavior.
  _warn_prf(average, modifier, f"{metric.capitalize()} is", len(result))

2025-10-31 11:15:49,751:WARNING:C:\Users\User\miniconda3\envs\py3_11_9\Lib\site-packages\sklearn\metrics\_classification.py:1561: UserWarning: Note that pos_label (set to 'G') is ignored when average != 'binary' (got 'weighted'). You may use labels=[pos_label] to specify a single positive class.
  warnings.warn(

2025-10-31 11:15:49,759:WARNING:C:\Users\User\miniconda3\envs\py3_11_9\Lib\site-packages\sklearn\metrics\_classification.py:1561: UserWarning: Note that pos_label (set to 'G') is ignored when average != 'binary' (got 'weighted'). You may use labels=[pos_label] to specify a single positive class.
  warnings.warn(

2025-10-31 11:15:49,759:WARNING:C:\Users\User\miniconda3\envs\py3_11_9\Lib\site-packages\sklearn\metrics\_classification.py:1561: UserWarning: Note that pos_label (set to 'G') is ignored when average != 'binary' (got 'weighted'). You may use labels=[pos_label] to specify a single positive class.
  warnings.warn(

2025-10-31 11:15:49,761:WARNING:C:\Users\User\miniconda3\envs\py3_11_9\Lib\site-packages\sklearn\metrics\_classification.py:1509: UndefinedMetricWarning: Precision is ill-defined and being set to 0.0 in labels with no predicted samples. Use `zero_division` parameter to control this behavior.
  _warn_prf(average, modifier, f"{metric.capitalize()} is", len(result))

2025-10-31 11:15:49,761:WARNING:C:\Users\User\miniconda3\envs\py3_11_9\Lib\site-packages\pycaret\internal\metrics.py:204: FitFailedWarning: Metric 'make_scorer(roc_auc_score, response_method=('decision_function', 'predict_proba'), average=weighted, multi_class=ovr)' failed and error score 0.0 has been returned instead. If this is a custom metric, this usually means that the error is in the metric code. Full exception below:
Traceback (most recent call last):
  File "C:\Users\User\miniconda3\envs\py3_11_9\Lib\site-packages\pycaret\internal\metrics.py", line 196, in _score
    return super()._score(
           ^^^^^^^^^^^^^^^
  File "C:\Users\User\miniconda3\envs\py3_11_9\Lib\site-packages\sklearn\metrics\_scorer.py", line 350, in _score
    return self._sign * self._score_func(y_true, y_pred, **scoring_kwargs)
                        ^^^^^^^^^^^^^^^^^^^^^^^^^^^^^^^^^^^^^^^^^^^^^^^^^^
  File "C:\Users\User\miniconda3\envs\py3_11_9\Lib\site-packages\pycaret\internal\metrics.py", line 144, in __call__
    return self.score_func(y_true, y_pred, **kwargs)
           ^^^^^^^^^^^^^^^^^^^^^^^^^^^^^^^^^^^^^^^^^
  File "C:\Users\User\miniconda3\envs\py3_11_9\Lib\site-packages\sklearn\utils\_param_validation.py", line 213, in wrapper
    return func(*args, **kwargs)
           ^^^^^^^^^^^^^^^^^^^^^
  File "C:\Users\User\miniconda3\envs\py3_11_9\Lib\site-packages\sklearn\metrics\_ranking.py", line 634, in roc_auc_score
    return _multiclass_roc_auc_score(
           ^^^^^^^^^^^^^^^^^^^^^^^^^^
  File "C:\Users\User\miniconda3\envs\py3_11_9\Lib\site-packages\sklearn\metrics\_ranking.py", line 707, in _multiclass_roc_auc_score
    raise ValueError(
ValueError: Target scores need to be probabilities for multiclass roc_auc, i.e. they should sum up to 1.0 over classes

  warnings.warn(

2025-10-31 11:15:49,772:WARNING:C:\Users\User\miniconda3\envs\py3_11_9\Lib\site-packages\sklearn\metrics\_classification.py:1561: UserWarning: Note that pos_label (set to 'G') is ignored when average != 'binary' (got 'weighted'). You may use labels=[pos_label] to specify a single positive class.
  warnings.warn(

2025-10-31 11:15:49,772:WARNING:C:\Users\User\miniconda3\envs\py3_11_9\Lib\site-packages\sklearn\metrics\_classification.py:1561: UserWarning: Note that pos_label (set to 'G') is ignored when average != 'binary' (got 'weighted'). You may use labels=[pos_label] to specify a single positive class.
  warnings.warn(

2025-10-31 11:15:49,772:WARNING:C:\Users\User\miniconda3\envs\py3_11_9\Lib\site-packages\sklearn\metrics\_classification.py:1561: UserWarning: Note that pos_label (set to 'G') is ignored when average != 'binary' (got 'weighted'). You may use labels=[pos_label] to specify a single positive class.
  warnings.warn(

2025-10-31 11:15:49,782:WARNING:C:\Users\User\miniconda3\envs\py3_11_9\Lib\site-packages\sklearn\metrics\_classification.py:1509: UndefinedMetricWarning: Precision is ill-defined and being set to 0.0 in labels with no predicted samples. Use `zero_division` parameter to control this behavior.
  _warn_prf(average, modifier, f"{metric.capitalize()} is", len(result))

2025-10-31 11:15:49,788:WARNING:C:\Users\User\miniconda3\envs\py3_11_9\Lib\site-packages\sklearn\metrics\_classification.py:1561: UserWarning: Note that pos_label (set to 'G') is ignored when average != 'binary' (got 'weighted'). You may use labels=[pos_label] to specify a single positive class.
  warnings.warn(

2025-10-31 11:15:49,792:WARNING:C:\Users\User\miniconda3\envs\py3_11_9\Lib\site-packages\sklearn\metrics\_classification.py:1561: UserWarning: Note that pos_label (set to 'G') is ignored when average != 'binary' (got 'weighted'). You may use labels=[pos_label] to specify a single positive class.
  warnings.warn(

2025-10-31 11:15:49,802:WARNING:C:\Users\User\miniconda3\envs\py3_11_9\Lib\site-packages\sklearn\metrics\_classification.py:1509: UndefinedMetricWarning: Precision is ill-defined and being set to 0.0 in labels with no predicted samples. Use `zero_division` parameter to control this behavior.
  _warn_prf(average, modifier, f"{metric.capitalize()} is", len(result))

2025-10-31 11:15:49,809:WARNING:C:\Users\User\miniconda3\envs\py3_11_9\Lib\site-packages\sklearn\metrics\_classification.py:1561: UserWarning: Note that pos_label (set to 'G') is ignored when average != 'binary' (got 'weighted'). You may use labels=[pos_label] to specify a single positive class.
  warnings.warn(

2025-10-31 11:15:49,875:WARNING:C:\Users\User\miniconda3\envs\py3_11_9\Lib\site-packages\sklearn\linear_model\_logistic.py:469: ConvergenceWarning: lbfgs failed to converge (status=1):
STOP: TOTAL NO. of ITERATIONS REACHED LIMIT.

Increase the number of iterations (max_iter) or scale the data as shown in:
    https://scikit-learn.org/stable/modules/preprocessing.html
Please also refer to the documentation for alternative solver options:
    https://scikit-learn.org/stable/modules/linear_model.html#logistic-regression
  n_iter_i = _check_optimize_result(

2025-10-31 11:15:49,894:WARNING:C:\Users\User\miniconda3\envs\py3_11_9\Lib\site-packages\pycaret\internal\metrics.py:204: FitFailedWarning: Metric 'make_scorer(roc_auc_score, response_method=('decision_function', 'predict_proba'), average=weighted, multi_class=ovr)' failed and error score 0.0 has been returned instead. If this is a custom metric, this usually means that the error is in the metric code. Full exception below:
Traceback (most recent call last):
  File "C:\Users\User\miniconda3\envs\py3_11_9\Lib\site-packages\pycaret\internal\metrics.py", line 196, in _score
    return super()._score(
           ^^^^^^^^^^^^^^^
  File "C:\Users\User\miniconda3\envs\py3_11_9\Lib\site-packages\sklearn\metrics\_scorer.py", line 350, in _score
    return self._sign * self._score_func(y_true, y_pred, **scoring_kwargs)
                        ^^^^^^^^^^^^^^^^^^^^^^^^^^^^^^^^^^^^^^^^^^^^^^^^^^
  File "C:\Users\User\miniconda3\envs\py3_11_9\Lib\site-packages\pycaret\internal\metrics.py", line 144, in __call__
    return self.score_func(y_true, y_pred, **kwargs)
           ^^^^^^^^^^^^^^^^^^^^^^^^^^^^^^^^^^^^^^^^^
  File "C:\Users\User\miniconda3\envs\py3_11_9\Lib\site-packages\sklearn\utils\_param_validation.py", line 213, in wrapper
    return func(*args, **kwargs)
           ^^^^^^^^^^^^^^^^^^^^^
  File "C:\Users\User\miniconda3\envs\py3_11_9\Lib\site-packages\sklearn\metrics\_ranking.py", line 634, in roc_auc_score
    return _multiclass_roc_auc_score(
           ^^^^^^^^^^^^^^^^^^^^^^^^^^
  File "C:\Users\User\miniconda3\envs\py3_11_9\Lib\site-packages\sklearn\metrics\_ranking.py", line 707, in _multiclass_roc_auc_score
    raise ValueError(
ValueError: Target scores need to be probabilities for multiclass roc_auc, i.e. they should sum up to 1.0 over classes

  warnings.warn(

2025-10-31 11:15:49,896:WARNING:C:\Users\User\miniconda3\envs\py3_11_9\Lib\site-packages\sklearn\metrics\_classification.py:1561: UserWarning: Note that pos_label (set to 'G') is ignored when average != 'binary' (got 'weighted'). You may use labels=[pos_label] to specify a single positive class.
  warnings.warn(

2025-10-31 11:15:49,902:WARNING:C:\Users\User\miniconda3\envs\py3_11_9\Lib\site-packages\sklearn\metrics\_classification.py:1561: UserWarning: Note that pos_label (set to 'G') is ignored when average != 'binary' (got 'weighted'). You may use labels=[pos_label] to specify a single positive class.
  warnings.warn(

2025-10-31 11:15:49,907:WARNING:C:\Users\User\miniconda3\envs\py3_11_9\Lib\site-packages\sklearn\metrics\_classification.py:1509: UndefinedMetricWarning: Precision is ill-defined and being set to 0.0 in labels with no predicted samples. Use `zero_division` parameter to control this behavior.
  _warn_prf(average, modifier, f"{metric.capitalize()} is", len(result))

2025-10-31 11:15:49,907:WARNING:C:\Users\User\miniconda3\envs\py3_11_9\Lib\site-packages\sklearn\metrics\_classification.py:1561: UserWarning: Note that pos_label (set to 'G') is ignored when average != 'binary' (got 'weighted'). You may use labels=[pos_label] to specify a single positive class.
  warnings.warn(

2025-10-31 11:15:49,928:INFO:Calculating mean and std
2025-10-31 11:15:49,928:INFO:Creating metrics dataframe
2025-10-31 11:15:49,928:INFO:Uploading results into container
2025-10-31 11:15:49,928:INFO:Uploading model into container now
2025-10-31 11:15:49,928:INFO:_master_model_container: 1
2025-10-31 11:15:49,928:INFO:_display_container: 2
2025-10-31 11:15:49,928:INFO:LogisticRegression(C=1.0, class_weight=None, dual=False, fit_intercept=True,
                   intercept_scaling=1, l1_ratio=None, max_iter=1000,
                   multi_class='auto', n_jobs=None, penalty='l2',
                   random_state=123, solver='lbfgs', tol=0.0001, verbose=0,
                   warm_start=False)
2025-10-31 11:15:49,928:INFO:create_model() successfully completed......................................
2025-10-31 11:15:49,991:INFO:SubProcess create_model() end ==================================
2025-10-31 11:15:49,991:INFO:Creating metrics dataframe
2025-10-31 11:15:49,995:INFO:Initializing K Neighbors Classifier
2025-10-31 11:15:49,995:INFO:Total runtime is 0.18947363297144573 minutes
2025-10-31 11:15:49,998:INFO:SubProcess create_model() called ==================================
2025-10-31 11:15:49,998:INFO:Initializing create_model()
2025-10-31 11:15:49,998:INFO:create_model(self=<pycaret.classification.oop.ClassificationExperiment object at 0x000002AFB4FC8A90>, estimator=knn, fold=StratifiedKFold(n_splits=10, random_state=None, shuffle=False), round=4, cross_validation=True, predict=True, fit_kwargs={}, groups=None, refit=False, probability_threshold=None, experiment_custom_tags=None, verbose=False, system=False, add_to_model_list=True, metrics=None, display=<pycaret.internal.display.display.CommonDisplay object at 0x000002AFB5024990>, model_only=True, return_train_score=False, error_score=0.0, kwargs={})
2025-10-31 11:15:49,998:INFO:Checking exceptions
2025-10-31 11:15:49,998:INFO:Importing libraries
2025-10-31 11:15:49,998:INFO:Copying training dataset
2025-10-31 11:15:50,004:INFO:Defining folds
2025-10-31 11:15:50,004:INFO:Declaring metric variables
2025-10-31 11:15:50,011:INFO:Importing untrained model
2025-10-31 11:15:50,014:INFO:K Neighbors Classifier Imported successfully
2025-10-31 11:15:50,014:INFO:Starting cross validation
2025-10-31 11:15:50,014:INFO:Cross validating with StratifiedKFold(n_splits=10, random_state=None, shuffle=False), n_jobs=-1
2025-10-31 11:15:51,339:WARNING:C:\Users\User\miniconda3\envs\py3_11_9\Lib\site-packages\sklearn\metrics\_classification.py:1561: UserWarning: Note that pos_label (set to 'G') is ignored when average != 'binary' (got 'weighted'). You may use labels=[pos_label] to specify a single positive class.
  warnings.warn(

2025-10-31 11:15:51,359:WARNING:C:\Users\User\miniconda3\envs\py3_11_9\Lib\site-packages\sklearn\metrics\_classification.py:1561: UserWarning: Note that pos_label (set to 'G') is ignored when average != 'binary' (got 'weighted'). You may use labels=[pos_label] to specify a single positive class.
  warnings.warn(

2025-10-31 11:15:51,368:WARNING:C:\Users\User\miniconda3\envs\py3_11_9\Lib\site-packages\sklearn\metrics\_classification.py:1561: UserWarning: Note that pos_label (set to 'G') is ignored when average != 'binary' (got 'weighted'). You may use labels=[pos_label] to specify a single positive class.
  warnings.warn(

2025-10-31 11:15:51,372:WARNING:C:\Users\User\miniconda3\envs\py3_11_9\Lib\site-packages\sklearn\metrics\_classification.py:1509: UndefinedMetricWarning: Precision is ill-defined and being set to 0.0 in labels with no predicted samples. Use `zero_division` parameter to control this behavior.
  _warn_prf(average, modifier, f"{metric.capitalize()} is", len(result))

2025-10-31 11:15:51,383:WARNING:C:\Users\User\miniconda3\envs\py3_11_9\Lib\site-packages\sklearn\metrics\_classification.py:1561: UserWarning: Note that pos_label (set to 'G') is ignored when average != 'binary' (got 'weighted'). You may use labels=[pos_label] to specify a single positive class.
  warnings.warn(

2025-10-31 11:15:51,385:WARNING:C:\Users\User\miniconda3\envs\py3_11_9\Lib\site-packages\sklearn\metrics\_classification.py:1561: UserWarning: Note that pos_label (set to 'G') is ignored when average != 'binary' (got 'weighted'). You may use labels=[pos_label] to specify a single positive class.
  warnings.warn(

2025-10-31 11:15:51,393:WARNING:C:\Users\User\miniconda3\envs\py3_11_9\Lib\site-packages\sklearn\metrics\_classification.py:1561: UserWarning: Note that pos_label (set to 'G') is ignored when average != 'binary' (got 'weighted'). You may use labels=[pos_label] to specify a single positive class.
  warnings.warn(

2025-10-31 11:15:51,395:WARNING:C:\Users\User\miniconda3\envs\py3_11_9\Lib\site-packages\sklearn\metrics\_classification.py:1561: UserWarning: Note that pos_label (set to 'G') is ignored when average != 'binary' (got 'weighted'). You may use labels=[pos_label] to specify a single positive class.
  warnings.warn(

2025-10-31 11:15:51,401:WARNING:C:\Users\User\miniconda3\envs\py3_11_9\Lib\site-packages\sklearn\metrics\_classification.py:1561: UserWarning: Note that pos_label (set to 'G') is ignored when average != 'binary' (got 'weighted'). You may use labels=[pos_label] to specify a single positive class.
  warnings.warn(

2025-10-31 11:15:51,406:WARNING:C:\Users\User\miniconda3\envs\py3_11_9\Lib\site-packages\sklearn\metrics\_classification.py:1509: UndefinedMetricWarning: Precision is ill-defined and being set to 0.0 in labels with no predicted samples. Use `zero_division` parameter to control this behavior.
  _warn_prf(average, modifier, f"{metric.capitalize()} is", len(result))

2025-10-31 11:15:51,416:WARNING:C:\Users\User\miniconda3\envs\py3_11_9\Lib\site-packages\sklearn\metrics\_classification.py:1561: UserWarning: Note that pos_label (set to 'G') is ignored when average != 'binary' (got 'weighted'). You may use labels=[pos_label] to specify a single positive class.
  warnings.warn(

2025-10-31 11:15:51,417:WARNING:C:\Users\User\miniconda3\envs\py3_11_9\Lib\site-packages\sklearn\metrics\_classification.py:1561: UserWarning: Note that pos_label (set to 'G') is ignored when average != 'binary' (got 'weighted'). You may use labels=[pos_label] to specify a single positive class.
  warnings.warn(

2025-10-31 11:15:51,421:WARNING:C:\Users\User\miniconda3\envs\py3_11_9\Lib\site-packages\sklearn\metrics\_classification.py:1561: UserWarning: Note that pos_label (set to 'G') is ignored when average != 'binary' (got 'weighted'). You may use labels=[pos_label] to specify a single positive class.
  warnings.warn(

2025-10-31 11:15:51,436:WARNING:C:\Users\User\miniconda3\envs\py3_11_9\Lib\site-packages\sklearn\metrics\_classification.py:1561: UserWarning: Note that pos_label (set to 'G') is ignored when average != 'binary' (got 'weighted'). You may use labels=[pos_label] to specify a single positive class.
  warnings.warn(

2025-10-31 11:15:51,438:WARNING:C:\Users\User\miniconda3\envs\py3_11_9\Lib\site-packages\sklearn\metrics\_classification.py:1561: UserWarning: Note that pos_label (set to 'G') is ignored when average != 'binary' (got 'weighted'). You may use labels=[pos_label] to specify a single positive class.
  warnings.warn(

2025-10-31 11:15:51,447:WARNING:C:\Users\User\miniconda3\envs\py3_11_9\Lib\site-packages\sklearn\metrics\_classification.py:1561: UserWarning: Note that pos_label (set to 'G') is ignored when average != 'binary' (got 'weighted'). You may use labels=[pos_label] to specify a single positive class.
  warnings.warn(

2025-10-31 11:15:51,460:WARNING:C:\Users\User\miniconda3\envs\py3_11_9\Lib\site-packages\sklearn\metrics\_classification.py:1561: UserWarning: Note that pos_label (set to 'G') is ignored when average != 'binary' (got 'weighted'). You may use labels=[pos_label] to specify a single positive class.
  warnings.warn(

2025-10-31 11:15:51,462:WARNING:C:\Users\User\miniconda3\envs\py3_11_9\Lib\site-packages\sklearn\metrics\_classification.py:1561: UserWarning: Note that pos_label (set to 'G') is ignored when average != 'binary' (got 'weighted'). You may use labels=[pos_label] to specify a single positive class.
  warnings.warn(

2025-10-31 11:15:51,462:WARNING:C:\Users\User\miniconda3\envs\py3_11_9\Lib\site-packages\sklearn\metrics\_classification.py:1561: UserWarning: Note that pos_label (set to 'G') is ignored when average != 'binary' (got 'weighted'). You may use labels=[pos_label] to specify a single positive class.
  warnings.warn(

2025-10-31 11:15:51,470:WARNING:C:\Users\User\miniconda3\envs\py3_11_9\Lib\site-packages\sklearn\metrics\_classification.py:1561: UserWarning: Note that pos_label (set to 'G') is ignored when average != 'binary' (got 'weighted'). You may use labels=[pos_label] to specify a single positive class.
  warnings.warn(

2025-10-31 11:15:51,477:WARNING:C:\Users\User\miniconda3\envs\py3_11_9\Lib\site-packages\sklearn\metrics\_classification.py:1561: UserWarning: Note that pos_label (set to 'G') is ignored when average != 'binary' (got 'weighted'). You may use labels=[pos_label] to specify a single positive class.
  warnings.warn(

2025-10-31 11:15:51,480:WARNING:C:\Users\User\miniconda3\envs\py3_11_9\Lib\site-packages\sklearn\metrics\_classification.py:1561: UserWarning: Note that pos_label (set to 'G') is ignored when average != 'binary' (got 'weighted'). You may use labels=[pos_label] to specify a single positive class.
  warnings.warn(

2025-10-31 11:15:51,482:WARNING:C:\Users\User\miniconda3\envs\py3_11_9\Lib\site-packages\sklearn\metrics\_classification.py:1509: UndefinedMetricWarning: Precision is ill-defined and being set to 0.0 in labels with no predicted samples. Use `zero_division` parameter to control this behavior.
  _warn_prf(average, modifier, f"{metric.capitalize()} is", len(result))

2025-10-31 11:15:51,485:WARNING:C:\Users\User\miniconda3\envs\py3_11_9\Lib\site-packages\sklearn\metrics\_classification.py:1561: UserWarning: Note that pos_label (set to 'G') is ignored when average != 'binary' (got 'weighted'). You may use labels=[pos_label] to specify a single positive class.
  warnings.warn(

2025-10-31 11:15:51,491:WARNING:C:\Users\User\miniconda3\envs\py3_11_9\Lib\site-packages\sklearn\metrics\_classification.py:1561: UserWarning: Note that pos_label (set to 'G') is ignored when average != 'binary' (got 'weighted'). You may use labels=[pos_label] to specify a single positive class.
  warnings.warn(

2025-10-31 11:15:51,493:WARNING:C:\Users\User\miniconda3\envs\py3_11_9\Lib\site-packages\sklearn\metrics\_classification.py:1561: UserWarning: Note that pos_label (set to 'G') is ignored when average != 'binary' (got 'weighted'). You may use labels=[pos_label] to specify a single positive class.
  warnings.warn(

2025-10-31 11:15:51,497:WARNING:C:\Users\User\miniconda3\envs\py3_11_9\Lib\site-packages\sklearn\metrics\_classification.py:1509: UndefinedMetricWarning: Precision is ill-defined and being set to 0.0 in labels with no predicted samples. Use `zero_division` parameter to control this behavior.
  _warn_prf(average, modifier, f"{metric.capitalize()} is", len(result))

2025-10-31 11:15:51,504:WARNING:C:\Users\User\miniconda3\envs\py3_11_9\Lib\site-packages\sklearn\metrics\_classification.py:1561: UserWarning: Note that pos_label (set to 'G') is ignored when average != 'binary' (got 'weighted'). You may use labels=[pos_label] to specify a single positive class.
  warnings.warn(

2025-10-31 11:15:51,511:WARNING:C:\Users\User\miniconda3\envs\py3_11_9\Lib\site-packages\sklearn\metrics\_classification.py:1561: UserWarning: Note that pos_label (set to 'G') is ignored when average != 'binary' (got 'weighted'). You may use labels=[pos_label] to specify a single positive class.
  warnings.warn(

2025-10-31 11:15:51,521:WARNING:C:\Users\User\miniconda3\envs\py3_11_9\Lib\site-packages\sklearn\metrics\_classification.py:1561: UserWarning: Note that pos_label (set to 'G') is ignored when average != 'binary' (got 'weighted'). You may use labels=[pos_label] to specify a single positive class.
  warnings.warn(

2025-10-31 11:15:51,527:WARNING:C:\Users\User\miniconda3\envs\py3_11_9\Lib\site-packages\sklearn\metrics\_classification.py:1509: UndefinedMetricWarning: Precision is ill-defined and being set to 0.0 in labels with no predicted samples. Use `zero_division` parameter to control this behavior.
  _warn_prf(average, modifier, f"{metric.capitalize()} is", len(result))

2025-10-31 11:15:51,531:WARNING:C:\Users\User\miniconda3\envs\py3_11_9\Lib\site-packages\sklearn\metrics\_classification.py:1561: UserWarning: Note that pos_label (set to 'G') is ignored when average != 'binary' (got 'weighted'). You may use labels=[pos_label] to specify a single positive class.
  warnings.warn(

2025-10-31 11:15:51,536:WARNING:C:\Users\User\miniconda3\envs\py3_11_9\Lib\site-packages\sklearn\metrics\_classification.py:1561: UserWarning: Note that pos_label (set to 'G') is ignored when average != 'binary' (got 'weighted'). You may use labels=[pos_label] to specify a single positive class.
  warnings.warn(

2025-10-31 11:15:51,544:WARNING:C:\Users\User\miniconda3\envs\py3_11_9\Lib\site-packages\sklearn\metrics\_classification.py:1561: UserWarning: Note that pos_label (set to 'G') is ignored when average != 'binary' (got 'weighted'). You may use labels=[pos_label] to specify a single positive class.
  warnings.warn(

2025-10-31 11:15:51,552:WARNING:C:\Users\User\miniconda3\envs\py3_11_9\Lib\site-packages\sklearn\metrics\_classification.py:1561: UserWarning: Note that pos_label (set to 'G') is ignored when average != 'binary' (got 'weighted'). You may use labels=[pos_label] to specify a single positive class.
  warnings.warn(

2025-10-31 11:15:51,573:INFO:Calculating mean and std
2025-10-31 11:15:51,574:INFO:Creating metrics dataframe
2025-10-31 11:15:51,575:INFO:Uploading results into container
2025-10-31 11:15:51,575:INFO:Uploading model into container now
2025-10-31 11:15:51,575:INFO:_master_model_container: 2
2025-10-31 11:15:51,575:INFO:_display_container: 2
2025-10-31 11:15:51,576:INFO:KNeighborsClassifier(algorithm='auto', leaf_size=30, metric='minkowski',
                     metric_params=None, n_jobs=-1, n_neighbors=5, p=2,
                     weights='uniform')
2025-10-31 11:15:51,576:INFO:create_model() successfully completed......................................
2025-10-31 11:15:51,628:INFO:SubProcess create_model() end ==================================
2025-10-31 11:15:51,628:INFO:Creating metrics dataframe
2025-10-31 11:15:51,631:INFO:Initializing Naive Bayes
2025-10-31 11:15:51,632:INFO:Total runtime is 0.21675756772359214 minutes
2025-10-31 11:15:51,634:INFO:SubProcess create_model() called ==================================
2025-10-31 11:15:51,634:INFO:Initializing create_model()
2025-10-31 11:15:51,634:INFO:create_model(self=<pycaret.classification.oop.ClassificationExperiment object at 0x000002AFB4FC8A90>, estimator=nb, fold=StratifiedKFold(n_splits=10, random_state=None, shuffle=False), round=4, cross_validation=True, predict=True, fit_kwargs={}, groups=None, refit=False, probability_threshold=None, experiment_custom_tags=None, verbose=False, system=False, add_to_model_list=True, metrics=None, display=<pycaret.internal.display.display.CommonDisplay object at 0x000002AFB5024990>, model_only=True, return_train_score=False, error_score=0.0, kwargs={})
2025-10-31 11:15:51,634:INFO:Checking exceptions
2025-10-31 11:15:51,634:INFO:Importing libraries
2025-10-31 11:15:51,634:INFO:Copying training dataset
2025-10-31 11:15:51,644:INFO:Defining folds
2025-10-31 11:15:51,644:INFO:Declaring metric variables
2025-10-31 11:15:51,647:INFO:Importing untrained model
2025-10-31 11:15:51,647:INFO:Naive Bayes Imported successfully
2025-10-31 11:15:51,647:INFO:Starting cross validation
2025-10-31 11:15:51,647:INFO:Cross validating with StratifiedKFold(n_splits=10, random_state=None, shuffle=False), n_jobs=-1
2025-10-31 11:15:51,971:WARNING:C:\Users\User\miniconda3\envs\py3_11_9\Lib\site-packages\sklearn\metrics\_classification.py:1561: UserWarning: Note that pos_label (set to 'G') is ignored when average != 'binary' (got 'weighted'). You may use labels=[pos_label] to specify a single positive class.
  warnings.warn(

2025-10-31 11:15:51,982:WARNING:C:\Users\User\miniconda3\envs\py3_11_9\Lib\site-packages\sklearn\metrics\_classification.py:1561: UserWarning: Note that pos_label (set to 'G') is ignored when average != 'binary' (got 'weighted'). You may use labels=[pos_label] to specify a single positive class.
  warnings.warn(

2025-10-31 11:15:51,984:WARNING:C:\Users\User\miniconda3\envs\py3_11_9\Lib\site-packages\sklearn\metrics\_classification.py:1561: UserWarning: Note that pos_label (set to 'G') is ignored when average != 'binary' (got 'weighted'). You may use labels=[pos_label] to specify a single positive class.
  warnings.warn(

2025-10-31 11:15:51,997:WARNING:C:\Users\User\miniconda3\envs\py3_11_9\Lib\site-packages\sklearn\metrics\_classification.py:1561: UserWarning: Note that pos_label (set to 'G') is ignored when average != 'binary' (got 'weighted'). You may use labels=[pos_label] to specify a single positive class.
  warnings.warn(

2025-10-31 11:15:52,005:WARNING:C:\Users\User\miniconda3\envs\py3_11_9\Lib\site-packages\sklearn\metrics\_classification.py:1561: UserWarning: Note that pos_label (set to 'G') is ignored when average != 'binary' (got 'weighted'). You may use labels=[pos_label] to specify a single positive class.
  warnings.warn(

2025-10-31 11:15:52,013:WARNING:C:\Users\User\miniconda3\envs\py3_11_9\Lib\site-packages\sklearn\metrics\_classification.py:1561: UserWarning: Note that pos_label (set to 'G') is ignored when average != 'binary' (got 'weighted'). You may use labels=[pos_label] to specify a single positive class.
  warnings.warn(

2025-10-31 11:15:52,014:WARNING:C:\Users\User\miniconda3\envs\py3_11_9\Lib\site-packages\sklearn\metrics\_classification.py:1561: UserWarning: Note that pos_label (set to 'G') is ignored when average != 'binary' (got 'weighted'). You may use labels=[pos_label] to specify a single positive class.
  warnings.warn(

2025-10-31 11:15:52,014:WARNING:C:\Users\User\miniconda3\envs\py3_11_9\Lib\site-packages\sklearn\metrics\_classification.py:1561: UserWarning: Note that pos_label (set to 'G') is ignored when average != 'binary' (got 'weighted'). You may use labels=[pos_label] to specify a single positive class.
  warnings.warn(

2025-10-31 11:15:52,015:WARNING:C:\Users\User\miniconda3\envs\py3_11_9\Lib\site-packages\sklearn\metrics\_classification.py:1561: UserWarning: Note that pos_label (set to 'G') is ignored when average != 'binary' (got 'weighted'). You may use labels=[pos_label] to specify a single positive class.
  warnings.warn(

2025-10-31 11:15:52,023:WARNING:C:\Users\User\miniconda3\envs\py3_11_9\Lib\site-packages\sklearn\metrics\_classification.py:1561: UserWarning: Note that pos_label (set to 'G') is ignored when average != 'binary' (got 'weighted'). You may use labels=[pos_label] to specify a single positive class.
  warnings.warn(

2025-10-31 11:15:52,024:WARNING:C:\Users\User\miniconda3\envs\py3_11_9\Lib\site-packages\sklearn\metrics\_classification.py:1561: UserWarning: Note that pos_label (set to 'G') is ignored when average != 'binary' (got 'weighted'). You may use labels=[pos_label] to specify a single positive class.
  warnings.warn(

2025-10-31 11:15:52,025:WARNING:C:\Users\User\miniconda3\envs\py3_11_9\Lib\site-packages\sklearn\metrics\_classification.py:1561: UserWarning: Note that pos_label (set to 'G') is ignored when average != 'binary' (got 'weighted'). You may use labels=[pos_label] to specify a single positive class.
  warnings.warn(

2025-10-31 11:15:52,025:WARNING:C:\Users\User\miniconda3\envs\py3_11_9\Lib\site-packages\sklearn\metrics\_classification.py:1561: UserWarning: Note that pos_label (set to 'G') is ignored when average != 'binary' (got 'weighted'). You may use labels=[pos_label] to specify a single positive class.
  warnings.warn(

2025-10-31 11:15:52,025:WARNING:C:\Users\User\miniconda3\envs\py3_11_9\Lib\site-packages\sklearn\metrics\_classification.py:1561: UserWarning: Note that pos_label (set to 'G') is ignored when average != 'binary' (got 'weighted'). You may use labels=[pos_label] to specify a single positive class.
  warnings.warn(

2025-10-31 11:15:52,025:WARNING:C:\Users\User\miniconda3\envs\py3_11_9\Lib\site-packages\sklearn\metrics\_classification.py:1509: UndefinedMetricWarning: Precision is ill-defined and being set to 0.0 in labels with no predicted samples. Use `zero_division` parameter to control this behavior.
  _warn_prf(average, modifier, f"{metric.capitalize()} is", len(result))

2025-10-31 11:15:52,025:WARNING:C:\Users\User\miniconda3\envs\py3_11_9\Lib\site-packages\sklearn\metrics\_classification.py:1561: UserWarning: Note that pos_label (set to 'G') is ignored when average != 'binary' (got 'weighted'). You may use labels=[pos_label] to specify a single positive class.
  warnings.warn(

2025-10-31 11:15:52,035:WARNING:C:\Users\User\miniconda3\envs\py3_11_9\Lib\site-packages\sklearn\metrics\_classification.py:1561: UserWarning: Note that pos_label (set to 'G') is ignored when average != 'binary' (got 'weighted'). You may use labels=[pos_label] to specify a single positive class.
  warnings.warn(

2025-10-31 11:15:52,035:WARNING:C:\Users\User\miniconda3\envs\py3_11_9\Lib\site-packages\sklearn\metrics\_classification.py:1561: UserWarning: Note that pos_label (set to 'G') is ignored when average != 'binary' (got 'weighted'). You may use labels=[pos_label] to specify a single positive class.
  warnings.warn(

2025-10-31 11:15:52,035:WARNING:C:\Users\User\miniconda3\envs\py3_11_9\Lib\site-packages\sklearn\metrics\_classification.py:1561: UserWarning: Note that pos_label (set to 'G') is ignored when average != 'binary' (got 'weighted'). You may use labels=[pos_label] to specify a single positive class.
  warnings.warn(

2025-10-31 11:15:52,044:WARNING:C:\Users\User\miniconda3\envs\py3_11_9\Lib\site-packages\sklearn\metrics\_classification.py:1509: UndefinedMetricWarning: Precision is ill-defined and being set to 0.0 in labels with no predicted samples. Use `zero_division` parameter to control this behavior.
  _warn_prf(average, modifier, f"{metric.capitalize()} is", len(result))

2025-10-31 11:15:52,044:WARNING:C:\Users\User\miniconda3\envs\py3_11_9\Lib\site-packages\sklearn\metrics\_classification.py:1561: UserWarning: Note that pos_label (set to 'G') is ignored when average != 'binary' (got 'weighted'). You may use labels=[pos_label] to specify a single positive class.
  warnings.warn(

2025-10-31 11:15:52,045:WARNING:C:\Users\User\miniconda3\envs\py3_11_9\Lib\site-packages\sklearn\metrics\_classification.py:1561: UserWarning: Note that pos_label (set to 'G') is ignored when average != 'binary' (got 'weighted'). You may use labels=[pos_label] to specify a single positive class.
  warnings.warn(

2025-10-31 11:15:52,045:WARNING:C:\Users\User\miniconda3\envs\py3_11_9\Lib\site-packages\sklearn\metrics\_classification.py:1509: UndefinedMetricWarning: Precision is ill-defined and being set to 0.0 in labels with no predicted samples. Use `zero_division` parameter to control this behavior.
  _warn_prf(average, modifier, f"{metric.capitalize()} is", len(result))

2025-10-31 11:15:52,045:WARNING:C:\Users\User\miniconda3\envs\py3_11_9\Lib\site-packages\sklearn\metrics\_classification.py:1561: UserWarning: Note that pos_label (set to 'G') is ignored when average != 'binary' (got 'weighted'). You may use labels=[pos_label] to specify a single positive class.
  warnings.warn(

2025-10-31 11:15:52,045:WARNING:C:\Users\User\miniconda3\envs\py3_11_9\Lib\site-packages\sklearn\metrics\_classification.py:1561: UserWarning: Note that pos_label (set to 'G') is ignored when average != 'binary' (got 'weighted'). You may use labels=[pos_label] to specify a single positive class.
  warnings.warn(

2025-10-31 11:15:52,045:WARNING:C:\Users\User\miniconda3\envs\py3_11_9\Lib\site-packages\sklearn\metrics\_classification.py:1561: UserWarning: Note that pos_label (set to 'G') is ignored when average != 'binary' (got 'weighted'). You may use labels=[pos_label] to specify a single positive class.
  warnings.warn(

2025-10-31 11:15:52,045:WARNING:C:\Users\User\miniconda3\envs\py3_11_9\Lib\site-packages\sklearn\metrics\_classification.py:1561: UserWarning: Note that pos_label (set to 'G') is ignored when average != 'binary' (got 'weighted'). You may use labels=[pos_label] to specify a single positive class.
  warnings.warn(

2025-10-31 11:15:52,054:WARNING:C:\Users\User\miniconda3\envs\py3_11_9\Lib\site-packages\sklearn\metrics\_classification.py:1509: UndefinedMetricWarning: Precision is ill-defined and being set to 0.0 in labels with no predicted samples. Use `zero_division` parameter to control this behavior.
  _warn_prf(average, modifier, f"{metric.capitalize()} is", len(result))

2025-10-31 11:15:52,055:WARNING:C:\Users\User\miniconda3\envs\py3_11_9\Lib\site-packages\sklearn\metrics\_classification.py:1561: UserWarning: Note that pos_label (set to 'G') is ignored when average != 'binary' (got 'weighted'). You may use labels=[pos_label] to specify a single positive class.
  warnings.warn(

2025-10-31 11:15:52,055:WARNING:C:\Users\User\miniconda3\envs\py3_11_9\Lib\site-packages\sklearn\metrics\_classification.py:1561: UserWarning: Note that pos_label (set to 'G') is ignored when average != 'binary' (got 'weighted'). You may use labels=[pos_label] to specify a single positive class.
  warnings.warn(

2025-10-31 11:15:52,064:WARNING:C:\Users\User\miniconda3\envs\py3_11_9\Lib\site-packages\sklearn\metrics\_classification.py:1561: UserWarning: Note that pos_label (set to 'G') is ignored when average != 'binary' (got 'weighted'). You may use labels=[pos_label] to specify a single positive class.
  warnings.warn(

2025-10-31 11:15:52,065:WARNING:C:\Users\User\miniconda3\envs\py3_11_9\Lib\site-packages\sklearn\metrics\_classification.py:1561: UserWarning: Note that pos_label (set to 'G') is ignored when average != 'binary' (got 'weighted'). You may use labels=[pos_label] to specify a single positive class.
  warnings.warn(

2025-10-31 11:15:52,094:INFO:Calculating mean and std
2025-10-31 11:15:52,095:INFO:Creating metrics dataframe
2025-10-31 11:15:52,097:INFO:Uploading results into container
2025-10-31 11:15:52,098:INFO:Uploading model into container now
2025-10-31 11:15:52,099:INFO:_master_model_container: 3
2025-10-31 11:15:52,099:INFO:_display_container: 2
2025-10-31 11:15:52,099:INFO:GaussianNB(priors=None, var_smoothing=1e-09)
2025-10-31 11:15:52,099:INFO:create_model() successfully completed......................................
2025-10-31 11:15:52,159:INFO:SubProcess create_model() end ==================================
2025-10-31 11:15:52,159:INFO:Creating metrics dataframe
2025-10-31 11:15:52,163:INFO:Initializing Decision Tree Classifier
2025-10-31 11:15:52,163:INFO:Total runtime is 0.22559366226196292 minutes
2025-10-31 11:15:52,165:INFO:SubProcess create_model() called ==================================
2025-10-31 11:15:52,165:INFO:Initializing create_model()
2025-10-31 11:15:52,165:INFO:create_model(self=<pycaret.classification.oop.ClassificationExperiment object at 0x000002AFB4FC8A90>, estimator=dt, fold=StratifiedKFold(n_splits=10, random_state=None, shuffle=False), round=4, cross_validation=True, predict=True, fit_kwargs={}, groups=None, refit=False, probability_threshold=None, experiment_custom_tags=None, verbose=False, system=False, add_to_model_list=True, metrics=None, display=<pycaret.internal.display.display.CommonDisplay object at 0x000002AFB5024990>, model_only=True, return_train_score=False, error_score=0.0, kwargs={})
2025-10-31 11:15:52,166:INFO:Checking exceptions
2025-10-31 11:15:52,166:INFO:Importing libraries
2025-10-31 11:15:52,166:INFO:Copying training dataset
2025-10-31 11:15:52,172:INFO:Defining folds
2025-10-31 11:15:52,172:INFO:Declaring metric variables
2025-10-31 11:15:52,174:INFO:Importing untrained model
2025-10-31 11:15:52,174:INFO:Decision Tree Classifier Imported successfully
2025-10-31 11:15:52,180:INFO:Starting cross validation
2025-10-31 11:15:52,181:INFO:Cross validating with StratifiedKFold(n_splits=10, random_state=None, shuffle=False), n_jobs=-1
2025-10-31 11:15:52,720:WARNING:C:\Users\User\miniconda3\envs\py3_11_9\Lib\site-packages\sklearn\metrics\_classification.py:1561: UserWarning: Note that pos_label (set to 'G') is ignored when average != 'binary' (got 'weighted'). You may use labels=[pos_label] to specify a single positive class.
  warnings.warn(

2025-10-31 11:15:52,750:WARNING:C:\Users\User\miniconda3\envs\py3_11_9\Lib\site-packages\sklearn\metrics\_classification.py:1561: UserWarning: Note that pos_label (set to 'G') is ignored when average != 'binary' (got 'weighted'). You may use labels=[pos_label] to specify a single positive class.
  warnings.warn(

2025-10-31 11:15:52,752:WARNING:C:\Users\User\miniconda3\envs\py3_11_9\Lib\site-packages\sklearn\metrics\_classification.py:1561: UserWarning: Note that pos_label (set to 'G') is ignored when average != 'binary' (got 'weighted'). You may use labels=[pos_label] to specify a single positive class.
  warnings.warn(

2025-10-31 11:15:52,754:WARNING:C:\Users\User\miniconda3\envs\py3_11_9\Lib\site-packages\sklearn\metrics\_classification.py:1561: UserWarning: Note that pos_label (set to 'G') is ignored when average != 'binary' (got 'weighted'). You may use labels=[pos_label] to specify a single positive class.
  warnings.warn(

2025-10-31 11:15:52,754:WARNING:C:\Users\User\miniconda3\envs\py3_11_9\Lib\site-packages\sklearn\metrics\_classification.py:1561: UserWarning: Note that pos_label (set to 'G') is ignored when average != 'binary' (got 'weighted'). You may use labels=[pos_label] to specify a single positive class.
  warnings.warn(

2025-10-31 11:15:52,761:WARNING:C:\Users\User\miniconda3\envs\py3_11_9\Lib\site-packages\sklearn\metrics\_classification.py:1561: UserWarning: Note that pos_label (set to 'G') is ignored when average != 'binary' (got 'weighted'). You may use labels=[pos_label] to specify a single positive class.
  warnings.warn(

2025-10-31 11:15:52,764:WARNING:C:\Users\User\miniconda3\envs\py3_11_9\Lib\site-packages\sklearn\metrics\_classification.py:1561: UserWarning: Note that pos_label (set to 'G') is ignored when average != 'binary' (got 'weighted'). You may use labels=[pos_label] to specify a single positive class.
  warnings.warn(

2025-10-31 11:15:52,765:WARNING:C:\Users\User\miniconda3\envs\py3_11_9\Lib\site-packages\sklearn\metrics\_classification.py:1561: UserWarning: Note that pos_label (set to 'G') is ignored when average != 'binary' (got 'weighted'). You may use labels=[pos_label] to specify a single positive class.
  warnings.warn(

2025-10-31 11:15:52,767:WARNING:C:\Users\User\miniconda3\envs\py3_11_9\Lib\site-packages\sklearn\metrics\_classification.py:1561: UserWarning: Note that pos_label (set to 'G') is ignored when average != 'binary' (got 'weighted'). You may use labels=[pos_label] to specify a single positive class.
  warnings.warn(

2025-10-31 11:15:52,769:WARNING:C:\Users\User\miniconda3\envs\py3_11_9\Lib\site-packages\sklearn\metrics\_classification.py:1561: UserWarning: Note that pos_label (set to 'G') is ignored when average != 'binary' (got 'weighted'). You may use labels=[pos_label] to specify a single positive class.
  warnings.warn(

2025-10-31 11:15:52,771:WARNING:C:\Users\User\miniconda3\envs\py3_11_9\Lib\site-packages\sklearn\metrics\_classification.py:1561: UserWarning: Note that pos_label (set to 'G') is ignored when average != 'binary' (got 'weighted'). You may use labels=[pos_label] to specify a single positive class.
  warnings.warn(

2025-10-31 11:15:52,772:WARNING:C:\Users\User\miniconda3\envs\py3_11_9\Lib\site-packages\sklearn\metrics\_classification.py:1561: UserWarning: Note that pos_label (set to 'G') is ignored when average != 'binary' (got 'weighted'). You may use labels=[pos_label] to specify a single positive class.
  warnings.warn(

2025-10-31 11:15:52,774:WARNING:C:\Users\User\miniconda3\envs\py3_11_9\Lib\site-packages\sklearn\metrics\_classification.py:1561: UserWarning: Note that pos_label (set to 'G') is ignored when average != 'binary' (got 'weighted'). You may use labels=[pos_label] to specify a single positive class.
  warnings.warn(

2025-10-31 11:15:52,778:WARNING:C:\Users\User\miniconda3\envs\py3_11_9\Lib\site-packages\sklearn\metrics\_classification.py:1561: UserWarning: Note that pos_label (set to 'G') is ignored when average != 'binary' (got 'weighted'). You may use labels=[pos_label] to specify a single positive class.
  warnings.warn(

2025-10-31 11:15:52,778:WARNING:C:\Users\User\miniconda3\envs\py3_11_9\Lib\site-packages\sklearn\metrics\_classification.py:1561: UserWarning: Note that pos_label (set to 'G') is ignored when average != 'binary' (got 'weighted'). You may use labels=[pos_label] to specify a single positive class.
  warnings.warn(

2025-10-31 11:15:52,782:WARNING:C:\Users\User\miniconda3\envs\py3_11_9\Lib\site-packages\sklearn\metrics\_classification.py:1561: UserWarning: Note that pos_label (set to 'G') is ignored when average != 'binary' (got 'weighted'). You may use labels=[pos_label] to specify a single positive class.
  warnings.warn(

2025-10-31 11:15:52,782:WARNING:C:\Users\User\miniconda3\envs\py3_11_9\Lib\site-packages\sklearn\metrics\_classification.py:1561: UserWarning: Note that pos_label (set to 'G') is ignored when average != 'binary' (got 'weighted'). You may use labels=[pos_label] to specify a single positive class.
  warnings.warn(

2025-10-31 11:15:52,782:WARNING:C:\Users\User\miniconda3\envs\py3_11_9\Lib\site-packages\sklearn\metrics\_classification.py:1561: UserWarning: Note that pos_label (set to 'G') is ignored when average != 'binary' (got 'weighted'). You may use labels=[pos_label] to specify a single positive class.
  warnings.warn(

2025-10-31 11:15:52,782:WARNING:C:\Users\User\miniconda3\envs\py3_11_9\Lib\site-packages\sklearn\metrics\_classification.py:1561: UserWarning: Note that pos_label (set to 'G') is ignored when average != 'binary' (got 'weighted'). You may use labels=[pos_label] to specify a single positive class.
  warnings.warn(

2025-10-31 11:15:52,791:WARNING:C:\Users\User\miniconda3\envs\py3_11_9\Lib\site-packages\sklearn\metrics\_classification.py:1561: UserWarning: Note that pos_label (set to 'G') is ignored when average != 'binary' (got 'weighted'). You may use labels=[pos_label] to specify a single positive class.
  warnings.warn(

2025-10-31 11:15:52,792:WARNING:C:\Users\User\miniconda3\envs\py3_11_9\Lib\site-packages\sklearn\metrics\_classification.py:1561: UserWarning: Note that pos_label (set to 'G') is ignored when average != 'binary' (got 'weighted'). You may use labels=[pos_label] to specify a single positive class.
  warnings.warn(

2025-10-31 11:15:52,792:WARNING:C:\Users\User\miniconda3\envs\py3_11_9\Lib\site-packages\sklearn\metrics\_classification.py:1561: UserWarning: Note that pos_label (set to 'G') is ignored when average != 'binary' (got 'weighted'). You may use labels=[pos_label] to specify a single positive class.
  warnings.warn(

2025-10-31 11:15:52,802:WARNING:C:\Users\User\miniconda3\envs\py3_11_9\Lib\site-packages\sklearn\metrics\_classification.py:1561: UserWarning: Note that pos_label (set to 'G') is ignored when average != 'binary' (got 'weighted'). You may use labels=[pos_label] to specify a single positive class.
  warnings.warn(

2025-10-31 11:15:52,802:WARNING:C:\Users\User\miniconda3\envs\py3_11_9\Lib\site-packages\sklearn\metrics\_classification.py:1561: UserWarning: Note that pos_label (set to 'G') is ignored when average != 'binary' (got 'weighted'). You may use labels=[pos_label] to specify a single positive class.
  warnings.warn(

2025-10-31 11:15:52,812:WARNING:C:\Users\User\miniconda3\envs\py3_11_9\Lib\site-packages\sklearn\metrics\_classification.py:1561: UserWarning: Note that pos_label (set to 'G') is ignored when average != 'binary' (got 'weighted'). You may use labels=[pos_label] to specify a single positive class.
  warnings.warn(

2025-10-31 11:15:52,812:WARNING:C:\Users\User\miniconda3\envs\py3_11_9\Lib\site-packages\sklearn\metrics\_classification.py:1561: UserWarning: Note that pos_label (set to 'G') is ignored when average != 'binary' (got 'weighted'). You may use labels=[pos_label] to specify a single positive class.
  warnings.warn(

2025-10-31 11:15:52,812:WARNING:C:\Users\User\miniconda3\envs\py3_11_9\Lib\site-packages\sklearn\metrics\_classification.py:1561: UserWarning: Note that pos_label (set to 'G') is ignored when average != 'binary' (got 'weighted'). You may use labels=[pos_label] to specify a single positive class.
  warnings.warn(

2025-10-31 11:15:52,819:WARNING:C:\Users\User\miniconda3\envs\py3_11_9\Lib\site-packages\sklearn\metrics\_classification.py:1561: UserWarning: Note that pos_label (set to 'G') is ignored when average != 'binary' (got 'weighted'). You may use labels=[pos_label] to specify a single positive class.
  warnings.warn(

2025-10-31 11:15:52,839:WARNING:C:\Users\User\miniconda3\envs\py3_11_9\Lib\site-packages\sklearn\metrics\_classification.py:1561: UserWarning: Note that pos_label (set to 'G') is ignored when average != 'binary' (got 'weighted'). You may use labels=[pos_label] to specify a single positive class.
  warnings.warn(

2025-10-31 11:15:52,849:WARNING:C:\Users\User\miniconda3\envs\py3_11_9\Lib\site-packages\sklearn\metrics\_classification.py:1561: UserWarning: Note that pos_label (set to 'G') is ignored when average != 'binary' (got 'weighted'). You may use labels=[pos_label] to specify a single positive class.
  warnings.warn(

2025-10-31 11:15:52,873:INFO:Calculating mean and std
2025-10-31 11:15:52,873:INFO:Creating metrics dataframe
2025-10-31 11:15:52,873:INFO:Uploading results into container
2025-10-31 11:15:52,873:INFO:Uploading model into container now
2025-10-31 11:15:52,873:INFO:_master_model_container: 4
2025-10-31 11:15:52,873:INFO:_display_container: 2
2025-10-31 11:15:52,877:INFO:DecisionTreeClassifier(ccp_alpha=0.0, class_weight=None, criterion='gini',
                       max_depth=None, max_features=None, max_leaf_nodes=None,
                       min_impurity_decrease=0.0, min_samples_leaf=1,
                       min_samples_split=2, min_weight_fraction_leaf=0.0,
                       monotonic_cst=None, random_state=123, splitter='best')
2025-10-31 11:15:52,877:INFO:create_model() successfully completed......................................
2025-10-31 11:15:52,930:INFO:SubProcess create_model() end ==================================
2025-10-31 11:15:52,930:INFO:Creating metrics dataframe
2025-10-31 11:15:52,935:INFO:Initializing SVM - Linear Kernel
2025-10-31 11:15:52,935:INFO:Total runtime is 0.23845906654993695 minutes
2025-10-31 11:15:52,937:INFO:SubProcess create_model() called ==================================
2025-10-31 11:15:52,937:INFO:Initializing create_model()
2025-10-31 11:15:52,937:INFO:create_model(self=<pycaret.classification.oop.ClassificationExperiment object at 0x000002AFB4FC8A90>, estimator=svm, fold=StratifiedKFold(n_splits=10, random_state=None, shuffle=False), round=4, cross_validation=True, predict=True, fit_kwargs={}, groups=None, refit=False, probability_threshold=None, experiment_custom_tags=None, verbose=False, system=False, add_to_model_list=True, metrics=None, display=<pycaret.internal.display.display.CommonDisplay object at 0x000002AFB5024990>, model_only=True, return_train_score=False, error_score=0.0, kwargs={})
2025-10-31 11:15:52,937:INFO:Checking exceptions
2025-10-31 11:15:52,937:INFO:Importing libraries
2025-10-31 11:15:52,937:INFO:Copying training dataset
2025-10-31 11:15:52,946:INFO:Defining folds
2025-10-31 11:15:52,946:INFO:Declaring metric variables
2025-10-31 11:15:52,946:INFO:Importing untrained model
2025-10-31 11:15:52,946:INFO:SVM - Linear Kernel Imported successfully
2025-10-31 11:15:52,946:INFO:Starting cross validation
2025-10-31 11:15:52,946:INFO:Cross validating with StratifiedKFold(n_splits=10, random_state=None, shuffle=False), n_jobs=-1
2025-10-31 11:15:53,890:WARNING:C:\Users\User\miniconda3\envs\py3_11_9\Lib\site-packages\pycaret\internal\metrics.py:204: FitFailedWarning: Metric 'make_scorer(roc_auc_score, response_method=('decision_function', 'predict_proba'), average=weighted, multi_class=ovr)' failed and error score 0.0 has been returned instead. If this is a custom metric, this usually means that the error is in the metric code. Full exception below:
Traceback (most recent call last):
  File "C:\Users\User\miniconda3\envs\py3_11_9\Lib\site-packages\pycaret\internal\metrics.py", line 196, in _score
    return super()._score(
           ^^^^^^^^^^^^^^^
  File "C:\Users\User\miniconda3\envs\py3_11_9\Lib\site-packages\sklearn\metrics\_scorer.py", line 350, in _score
    return self._sign * self._score_func(y_true, y_pred, **scoring_kwargs)
                        ^^^^^^^^^^^^^^^^^^^^^^^^^^^^^^^^^^^^^^^^^^^^^^^^^^
  File "C:\Users\User\miniconda3\envs\py3_11_9\Lib\site-packages\pycaret\internal\metrics.py", line 144, in __call__
    return self.score_func(y_true, y_pred, **kwargs)
           ^^^^^^^^^^^^^^^^^^^^^^^^^^^^^^^^^^^^^^^^^
  File "C:\Users\User\miniconda3\envs\py3_11_9\Lib\site-packages\sklearn\utils\_param_validation.py", line 213, in wrapper
    return func(*args, **kwargs)
           ^^^^^^^^^^^^^^^^^^^^^
  File "C:\Users\User\miniconda3\envs\py3_11_9\Lib\site-packages\sklearn\metrics\_ranking.py", line 634, in roc_auc_score
    return _multiclass_roc_auc_score(
           ^^^^^^^^^^^^^^^^^^^^^^^^^^
  File "C:\Users\User\miniconda3\envs\py3_11_9\Lib\site-packages\sklearn\metrics\_ranking.py", line 707, in _multiclass_roc_auc_score
    raise ValueError(
ValueError: Target scores need to be probabilities for multiclass roc_auc, i.e. they should sum up to 1.0 over classes

  warnings.warn(

2025-10-31 11:15:53,904:WARNING:C:\Users\User\miniconda3\envs\py3_11_9\Lib\site-packages\sklearn\metrics\_classification.py:1561: UserWarning: Note that pos_label (set to 'G') is ignored when average != 'binary' (got 'weighted'). You may use labels=[pos_label] to specify a single positive class.
  warnings.warn(

2025-10-31 11:15:53,942:WARNING:C:\Users\User\miniconda3\envs\py3_11_9\Lib\site-packages\sklearn\metrics\_classification.py:1561: UserWarning: Note that pos_label (set to 'G') is ignored when average != 'binary' (got 'weighted'). You may use labels=[pos_label] to specify a single positive class.
  warnings.warn(

2025-10-31 11:15:53,949:WARNING:C:\Users\User\miniconda3\envs\py3_11_9\Lib\site-packages\pycaret\internal\metrics.py:204: FitFailedWarning: Metric 'make_scorer(roc_auc_score, response_method=('decision_function', 'predict_proba'), average=weighted, multi_class=ovr)' failed and error score 0.0 has been returned instead. If this is a custom metric, this usually means that the error is in the metric code. Full exception below:
Traceback (most recent call last):
  File "C:\Users\User\miniconda3\envs\py3_11_9\Lib\site-packages\pycaret\internal\metrics.py", line 196, in _score
    return super()._score(
           ^^^^^^^^^^^^^^^
  File "C:\Users\User\miniconda3\envs\py3_11_9\Lib\site-packages\sklearn\metrics\_scorer.py", line 350, in _score
    return self._sign * self._score_func(y_true, y_pred, **scoring_kwargs)
                        ^^^^^^^^^^^^^^^^^^^^^^^^^^^^^^^^^^^^^^^^^^^^^^^^^^
  File "C:\Users\User\miniconda3\envs\py3_11_9\Lib\site-packages\pycaret\internal\metrics.py", line 144, in __call__
    return self.score_func(y_true, y_pred, **kwargs)
           ^^^^^^^^^^^^^^^^^^^^^^^^^^^^^^^^^^^^^^^^^
  File "C:\Users\User\miniconda3\envs\py3_11_9\Lib\site-packages\sklearn\utils\_param_validation.py", line 213, in wrapper
    return func(*args, **kwargs)
           ^^^^^^^^^^^^^^^^^^^^^
  File "C:\Users\User\miniconda3\envs\py3_11_9\Lib\site-packages\sklearn\metrics\_ranking.py", line 634, in roc_auc_score
    return _multiclass_roc_auc_score(
           ^^^^^^^^^^^^^^^^^^^^^^^^^^
  File "C:\Users\User\miniconda3\envs\py3_11_9\Lib\site-packages\sklearn\metrics\_ranking.py", line 707, in _multiclass_roc_auc_score
    raise ValueError(
ValueError: Target scores need to be probabilities for multiclass roc_auc, i.e. they should sum up to 1.0 over classes

  warnings.warn(

2025-10-31 11:15:53,955:WARNING:C:\Users\User\miniconda3\envs\py3_11_9\Lib\site-packages\sklearn\metrics\_classification.py:1509: UndefinedMetricWarning: Precision is ill-defined and being set to 0.0 in labels with no predicted samples. Use `zero_division` parameter to control this behavior.
  _warn_prf(average, modifier, f"{metric.capitalize()} is", len(result))

2025-10-31 11:15:53,958:WARNING:C:\Users\User\miniconda3\envs\py3_11_9\Lib\site-packages\sklearn\metrics\_classification.py:1561: UserWarning: Note that pos_label (set to 'G') is ignored when average != 'binary' (got 'weighted'). You may use labels=[pos_label] to specify a single positive class.
  warnings.warn(

2025-10-31 11:15:53,980:WARNING:C:\Users\User\miniconda3\envs\py3_11_9\Lib\site-packages\sklearn\metrics\_classification.py:1561: UserWarning: Note that pos_label (set to 'G') is ignored when average != 'binary' (got 'weighted'). You may use labels=[pos_label] to specify a single positive class.
  warnings.warn(

2025-10-31 11:15:54,004:WARNING:C:\Users\User\miniconda3\envs\py3_11_9\Lib\site-packages\sklearn\metrics\_classification.py:1561: UserWarning: Note that pos_label (set to 'G') is ignored when average != 'binary' (got 'weighted'). You may use labels=[pos_label] to specify a single positive class.
  warnings.warn(

2025-10-31 11:15:54,022:WARNING:C:\Users\User\miniconda3\envs\py3_11_9\Lib\site-packages\pycaret\internal\metrics.py:204: FitFailedWarning: Metric 'make_scorer(roc_auc_score, response_method=('decision_function', 'predict_proba'), average=weighted, multi_class=ovr)' failed and error score 0.0 has been returned instead. If this is a custom metric, this usually means that the error is in the metric code. Full exception below:
Traceback (most recent call last):
  File "C:\Users\User\miniconda3\envs\py3_11_9\Lib\site-packages\pycaret\internal\metrics.py", line 196, in _score
    return super()._score(
           ^^^^^^^^^^^^^^^
  File "C:\Users\User\miniconda3\envs\py3_11_9\Lib\site-packages\sklearn\metrics\_scorer.py", line 350, in _score
    return self._sign * self._score_func(y_true, y_pred, **scoring_kwargs)
                        ^^^^^^^^^^^^^^^^^^^^^^^^^^^^^^^^^^^^^^^^^^^^^^^^^^
  File "C:\Users\User\miniconda3\envs\py3_11_9\Lib\site-packages\pycaret\internal\metrics.py", line 144, in __call__
    return self.score_func(y_true, y_pred, **kwargs)
           ^^^^^^^^^^^^^^^^^^^^^^^^^^^^^^^^^^^^^^^^^
  File "C:\Users\User\miniconda3\envs\py3_11_9\Lib\site-packages\sklearn\utils\_param_validation.py", line 213, in wrapper
    return func(*args, **kwargs)
           ^^^^^^^^^^^^^^^^^^^^^
  File "C:\Users\User\miniconda3\envs\py3_11_9\Lib\site-packages\sklearn\metrics\_ranking.py", line 634, in roc_auc_score
    return _multiclass_roc_auc_score(
           ^^^^^^^^^^^^^^^^^^^^^^^^^^
  File "C:\Users\User\miniconda3\envs\py3_11_9\Lib\site-packages\sklearn\metrics\_ranking.py", line 707, in _multiclass_roc_auc_score
    raise ValueError(
ValueError: Target scores need to be probabilities for multiclass roc_auc, i.e. they should sum up to 1.0 over classes

  warnings.warn(

2025-10-31 11:15:54,026:WARNING:C:\Users\User\miniconda3\envs\py3_11_9\Lib\site-packages\sklearn\metrics\_classification.py:1509: UndefinedMetricWarning: Precision is ill-defined and being set to 0.0 in labels with no predicted samples. Use `zero_division` parameter to control this behavior.
  _warn_prf(average, modifier, f"{metric.capitalize()} is", len(result))

2025-10-31 11:15:54,033:WARNING:C:\Users\User\miniconda3\envs\py3_11_9\Lib\site-packages\pycaret\internal\metrics.py:204: FitFailedWarning: Metric 'make_scorer(roc_auc_score, response_method=('decision_function', 'predict_proba'), average=weighted, multi_class=ovr)' failed and error score 0.0 has been returned instead. If this is a custom metric, this usually means that the error is in the metric code. Full exception below:
Traceback (most recent call last):
  File "C:\Users\User\miniconda3\envs\py3_11_9\Lib\site-packages\pycaret\internal\metrics.py", line 196, in _score
    return super()._score(
           ^^^^^^^^^^^^^^^
  File "C:\Users\User\miniconda3\envs\py3_11_9\Lib\site-packages\sklearn\metrics\_scorer.py", line 350, in _score
    return self._sign * self._score_func(y_true, y_pred, **scoring_kwargs)
                        ^^^^^^^^^^^^^^^^^^^^^^^^^^^^^^^^^^^^^^^^^^^^^^^^^^
  File "C:\Users\User\miniconda3\envs\py3_11_9\Lib\site-packages\pycaret\internal\metrics.py", line 144, in __call__
    return self.score_func(y_true, y_pred, **kwargs)
           ^^^^^^^^^^^^^^^^^^^^^^^^^^^^^^^^^^^^^^^^^
  File "C:\Users\User\miniconda3\envs\py3_11_9\Lib\site-packages\sklearn\utils\_param_validation.py", line 213, in wrapper
    return func(*args, **kwargs)
           ^^^^^^^^^^^^^^^^^^^^^
  File "C:\Users\User\miniconda3\envs\py3_11_9\Lib\site-packages\sklearn\metrics\_ranking.py", line 634, in roc_auc_score
    return _multiclass_roc_auc_score(
           ^^^^^^^^^^^^^^^^^^^^^^^^^^
  File "C:\Users\User\miniconda3\envs\py3_11_9\Lib\site-packages\sklearn\metrics\_ranking.py", line 707, in _multiclass_roc_auc_score
    raise ValueError(
ValueError: Target scores need to be probabilities for multiclass roc_auc, i.e. they should sum up to 1.0 over classes

  warnings.warn(

2025-10-31 11:15:54,034:WARNING:C:\Users\User\miniconda3\envs\py3_11_9\Lib\site-packages\sklearn\metrics\_classification.py:1561: UserWarning: Note that pos_label (set to 'G') is ignored when average != 'binary' (got 'weighted'). You may use labels=[pos_label] to specify a single positive class.
  warnings.warn(

2025-10-31 11:15:54,039:WARNING:C:\Users\User\miniconda3\envs\py3_11_9\Lib\site-packages\sklearn\metrics\_classification.py:1561: UserWarning: Note that pos_label (set to 'G') is ignored when average != 'binary' (got 'weighted'). You may use labels=[pos_label] to specify a single positive class.
  warnings.warn(

2025-10-31 11:15:54,045:WARNING:C:\Users\User\miniconda3\envs\py3_11_9\Lib\site-packages\sklearn\metrics\_classification.py:1561: UserWarning: Note that pos_label (set to 'G') is ignored when average != 'binary' (got 'weighted'). You may use labels=[pos_label] to specify a single positive class.
  warnings.warn(

2025-10-31 11:15:54,058:WARNING:C:\Users\User\miniconda3\envs\py3_11_9\Lib\site-packages\sklearn\metrics\_classification.py:1561: UserWarning: Note that pos_label (set to 'G') is ignored when average != 'binary' (got 'weighted'). You may use labels=[pos_label] to specify a single positive class.
  warnings.warn(

2025-10-31 11:15:54,071:WARNING:C:\Users\User\miniconda3\envs\py3_11_9\Lib\site-packages\sklearn\metrics\_classification.py:1509: UndefinedMetricWarning: Precision is ill-defined and being set to 0.0 in labels with no predicted samples. Use `zero_division` parameter to control this behavior.
  _warn_prf(average, modifier, f"{metric.capitalize()} is", len(result))

2025-10-31 11:15:54,084:WARNING:C:\Users\User\miniconda3\envs\py3_11_9\Lib\site-packages\sklearn\metrics\_classification.py:1561: UserWarning: Note that pos_label (set to 'G') is ignored when average != 'binary' (got 'weighted'). You may use labels=[pos_label] to specify a single positive class.
  warnings.warn(

2025-10-31 11:15:54,124:WARNING:C:\Users\User\miniconda3\envs\py3_11_9\Lib\site-packages\sklearn\metrics\_classification.py:1561: UserWarning: Note that pos_label (set to 'G') is ignored when average != 'binary' (got 'weighted'). You may use labels=[pos_label] to specify a single positive class.
  warnings.warn(

2025-10-31 11:15:54,185:WARNING:C:\Users\User\miniconda3\envs\py3_11_9\Lib\site-packages\sklearn\metrics\_classification.py:1509: UndefinedMetricWarning: Precision is ill-defined and being set to 0.0 in labels with no predicted samples. Use `zero_division` parameter to control this behavior.
  _warn_prf(average, modifier, f"{metric.capitalize()} is", len(result))

2025-10-31 11:15:54,198:WARNING:C:\Users\User\miniconda3\envs\py3_11_9\Lib\site-packages\sklearn\metrics\_classification.py:1561: UserWarning: Note that pos_label (set to 'G') is ignored when average != 'binary' (got 'weighted'). You may use labels=[pos_label] to specify a single positive class.
  warnings.warn(

2025-10-31 11:15:54,219:WARNING:C:\Users\User\miniconda3\envs\py3_11_9\Lib\site-packages\pycaret\internal\metrics.py:204: FitFailedWarning: Metric 'make_scorer(roc_auc_score, response_method=('decision_function', 'predict_proba'), average=weighted, multi_class=ovr)' failed and error score 0.0 has been returned instead. If this is a custom metric, this usually means that the error is in the metric code. Full exception below:
Traceback (most recent call last):
  File "C:\Users\User\miniconda3\envs\py3_11_9\Lib\site-packages\pycaret\internal\metrics.py", line 196, in _score
    return super()._score(
           ^^^^^^^^^^^^^^^
  File "C:\Users\User\miniconda3\envs\py3_11_9\Lib\site-packages\sklearn\metrics\_scorer.py", line 350, in _score
    return self._sign * self._score_func(y_true, y_pred, **scoring_kwargs)
                        ^^^^^^^^^^^^^^^^^^^^^^^^^^^^^^^^^^^^^^^^^^^^^^^^^^
  File "C:\Users\User\miniconda3\envs\py3_11_9\Lib\site-packages\pycaret\internal\metrics.py", line 144, in __call__
    return self.score_func(y_true, y_pred, **kwargs)
           ^^^^^^^^^^^^^^^^^^^^^^^^^^^^^^^^^^^^^^^^^
  File "C:\Users\User\miniconda3\envs\py3_11_9\Lib\site-packages\sklearn\utils\_param_validation.py", line 213, in wrapper
    return func(*args, **kwargs)
           ^^^^^^^^^^^^^^^^^^^^^
  File "C:\Users\User\miniconda3\envs\py3_11_9\Lib\site-packages\sklearn\metrics\_ranking.py", line 634, in roc_auc_score
    return _multiclass_roc_auc_score(
           ^^^^^^^^^^^^^^^^^^^^^^^^^^
  File "C:\Users\User\miniconda3\envs\py3_11_9\Lib\site-packages\sklearn\metrics\_ranking.py", line 707, in _multiclass_roc_auc_score
    raise ValueError(
ValueError: Target scores need to be probabilities for multiclass roc_auc, i.e. they should sum up to 1.0 over classes

  warnings.warn(

2025-10-31 11:15:54,234:WARNING:C:\Users\User\miniconda3\envs\py3_11_9\Lib\site-packages\sklearn\metrics\_classification.py:1561: UserWarning: Note that pos_label (set to 'G') is ignored when average != 'binary' (got 'weighted'). You may use labels=[pos_label] to specify a single positive class.
  warnings.warn(

2025-10-31 11:15:54,261:WARNING:C:\Users\User\miniconda3\envs\py3_11_9\Lib\site-packages\sklearn\metrics\_classification.py:1561: UserWarning: Note that pos_label (set to 'G') is ignored when average != 'binary' (got 'weighted'). You may use labels=[pos_label] to specify a single positive class.
  warnings.warn(

2025-10-31 11:15:54,276:WARNING:C:\Users\User\miniconda3\envs\py3_11_9\Lib\site-packages\sklearn\metrics\_classification.py:1509: UndefinedMetricWarning: Precision is ill-defined and being set to 0.0 in labels with no predicted samples. Use `zero_division` parameter to control this behavior.
  _warn_prf(average, modifier, f"{metric.capitalize()} is", len(result))

2025-10-31 11:15:54,296:WARNING:C:\Users\User\miniconda3\envs\py3_11_9\Lib\site-packages\sklearn\metrics\_classification.py:1561: UserWarning: Note that pos_label (set to 'G') is ignored when average != 'binary' (got 'weighted'). You may use labels=[pos_label] to specify a single positive class.
  warnings.warn(

2025-10-31 11:15:54,357:WARNING:C:\Users\User\miniconda3\envs\py3_11_9\Lib\site-packages\pycaret\internal\metrics.py:204: FitFailedWarning: Metric 'make_scorer(roc_auc_score, response_method=('decision_function', 'predict_proba'), average=weighted, multi_class=ovr)' failed and error score 0.0 has been returned instead. If this is a custom metric, this usually means that the error is in the metric code. Full exception below:
Traceback (most recent call last):
  File "C:\Users\User\miniconda3\envs\py3_11_9\Lib\site-packages\pycaret\internal\metrics.py", line 196, in _score
    return super()._score(
           ^^^^^^^^^^^^^^^
  File "C:\Users\User\miniconda3\envs\py3_11_9\Lib\site-packages\sklearn\metrics\_scorer.py", line 350, in _score
    return self._sign * self._score_func(y_true, y_pred, **scoring_kwargs)
                        ^^^^^^^^^^^^^^^^^^^^^^^^^^^^^^^^^^^^^^^^^^^^^^^^^^
  File "C:\Users\User\miniconda3\envs\py3_11_9\Lib\site-packages\pycaret\internal\metrics.py", line 144, in __call__
    return self.score_func(y_true, y_pred, **kwargs)
           ^^^^^^^^^^^^^^^^^^^^^^^^^^^^^^^^^^^^^^^^^
  File "C:\Users\User\miniconda3\envs\py3_11_9\Lib\site-packages\sklearn\utils\_param_validation.py", line 213, in wrapper
    return func(*args, **kwargs)
           ^^^^^^^^^^^^^^^^^^^^^
  File "C:\Users\User\miniconda3\envs\py3_11_9\Lib\site-packages\sklearn\metrics\_ranking.py", line 634, in roc_auc_score
    return _multiclass_roc_auc_score(
           ^^^^^^^^^^^^^^^^^^^^^^^^^^
  File "C:\Users\User\miniconda3\envs\py3_11_9\Lib\site-packages\sklearn\metrics\_ranking.py", line 707, in _multiclass_roc_auc_score
    raise ValueError(
ValueError: Target scores need to be probabilities for multiclass roc_auc, i.e. they should sum up to 1.0 over classes

  warnings.warn(

2025-10-31 11:15:54,364:WARNING:C:\Users\User\miniconda3\envs\py3_11_9\Lib\site-packages\sklearn\metrics\_classification.py:1561: UserWarning: Note that pos_label (set to 'G') is ignored when average != 'binary' (got 'weighted'). You may use labels=[pos_label] to specify a single positive class.
  warnings.warn(

2025-10-31 11:15:54,393:WARNING:C:\Users\User\miniconda3\envs\py3_11_9\Lib\site-packages\sklearn\metrics\_classification.py:1561: UserWarning: Note that pos_label (set to 'G') is ignored when average != 'binary' (got 'weighted'). You may use labels=[pos_label] to specify a single positive class.
  warnings.warn(

2025-10-31 11:15:54,409:WARNING:C:\Users\User\miniconda3\envs\py3_11_9\Lib\site-packages\sklearn\metrics\_classification.py:1509: UndefinedMetricWarning: Precision is ill-defined and being set to 0.0 in labels with no predicted samples. Use `zero_division` parameter to control this behavior.
  _warn_prf(average, modifier, f"{metric.capitalize()} is", len(result))

2025-10-31 11:15:54,419:WARNING:C:\Users\User\miniconda3\envs\py3_11_9\Lib\site-packages\sklearn\metrics\_classification.py:1561: UserWarning: Note that pos_label (set to 'G') is ignored when average != 'binary' (got 'weighted'). You may use labels=[pos_label] to specify a single positive class.
  warnings.warn(

2025-10-31 11:15:54,482:WARNING:C:\Users\User\miniconda3\envs\py3_11_9\Lib\site-packages\pycaret\internal\metrics.py:204: FitFailedWarning: Metric 'make_scorer(roc_auc_score, response_method=('decision_function', 'predict_proba'), average=weighted, multi_class=ovr)' failed and error score 0.0 has been returned instead. If this is a custom metric, this usually means that the error is in the metric code. Full exception below:
Traceback (most recent call last):
  File "C:\Users\User\miniconda3\envs\py3_11_9\Lib\site-packages\pycaret\internal\metrics.py", line 196, in _score
    return super()._score(
           ^^^^^^^^^^^^^^^
  File "C:\Users\User\miniconda3\envs\py3_11_9\Lib\site-packages\sklearn\metrics\_scorer.py", line 350, in _score
    return self._sign * self._score_func(y_true, y_pred, **scoring_kwargs)
                        ^^^^^^^^^^^^^^^^^^^^^^^^^^^^^^^^^^^^^^^^^^^^^^^^^^
  File "C:\Users\User\miniconda3\envs\py3_11_9\Lib\site-packages\pycaret\internal\metrics.py", line 144, in __call__
    return self.score_func(y_true, y_pred, **kwargs)
           ^^^^^^^^^^^^^^^^^^^^^^^^^^^^^^^^^^^^^^^^^
  File "C:\Users\User\miniconda3\envs\py3_11_9\Lib\site-packages\sklearn\utils\_param_validation.py", line 213, in wrapper
    return func(*args, **kwargs)
           ^^^^^^^^^^^^^^^^^^^^^
  File "C:\Users\User\miniconda3\envs\py3_11_9\Lib\site-packages\sklearn\metrics\_ranking.py", line 634, in roc_auc_score
    return _multiclass_roc_auc_score(
           ^^^^^^^^^^^^^^^^^^^^^^^^^^
  File "C:\Users\User\miniconda3\envs\py3_11_9\Lib\site-packages\sklearn\metrics\_ranking.py", line 707, in _multiclass_roc_auc_score
    raise ValueError(
ValueError: Target scores need to be probabilities for multiclass roc_auc, i.e. they should sum up to 1.0 over classes

  warnings.warn(

2025-10-31 11:15:54,488:WARNING:C:\Users\User\miniconda3\envs\py3_11_9\Lib\site-packages\sklearn\metrics\_classification.py:1561: UserWarning: Note that pos_label (set to 'G') is ignored when average != 'binary' (got 'weighted'). You may use labels=[pos_label] to specify a single positive class.
  warnings.warn(

2025-10-31 11:15:54,502:WARNING:C:\Users\User\miniconda3\envs\py3_11_9\Lib\site-packages\sklearn\metrics\_classification.py:1561: UserWarning: Note that pos_label (set to 'G') is ignored when average != 'binary' (got 'weighted'). You may use labels=[pos_label] to specify a single positive class.
  warnings.warn(

2025-10-31 11:15:54,510:WARNING:C:\Users\User\miniconda3\envs\py3_11_9\Lib\site-packages\sklearn\metrics\_classification.py:1509: UndefinedMetricWarning: Precision is ill-defined and being set to 0.0 in labels with no predicted samples. Use `zero_division` parameter to control this behavior.
  _warn_prf(average, modifier, f"{metric.capitalize()} is", len(result))

2025-10-31 11:15:54,516:WARNING:C:\Users\User\miniconda3\envs\py3_11_9\Lib\site-packages\sklearn\metrics\_classification.py:1561: UserWarning: Note that pos_label (set to 'G') is ignored when average != 'binary' (got 'weighted'). You may use labels=[pos_label] to specify a single positive class.
  warnings.warn(

2025-10-31 11:15:54,587:WARNING:C:\Users\User\miniconda3\envs\py3_11_9\Lib\site-packages\pycaret\internal\metrics.py:204: FitFailedWarning: Metric 'make_scorer(roc_auc_score, response_method=('decision_function', 'predict_proba'), average=weighted, multi_class=ovr)' failed and error score 0.0 has been returned instead. If this is a custom metric, this usually means that the error is in the metric code. Full exception below:
Traceback (most recent call last):
  File "C:\Users\User\miniconda3\envs\py3_11_9\Lib\site-packages\pycaret\internal\metrics.py", line 196, in _score
    return super()._score(
           ^^^^^^^^^^^^^^^
  File "C:\Users\User\miniconda3\envs\py3_11_9\Lib\site-packages\sklearn\metrics\_scorer.py", line 350, in _score
    return self._sign * self._score_func(y_true, y_pred, **scoring_kwargs)
                        ^^^^^^^^^^^^^^^^^^^^^^^^^^^^^^^^^^^^^^^^^^^^^^^^^^
  File "C:\Users\User\miniconda3\envs\py3_11_9\Lib\site-packages\pycaret\internal\metrics.py", line 144, in __call__
    return self.score_func(y_true, y_pred, **kwargs)
           ^^^^^^^^^^^^^^^^^^^^^^^^^^^^^^^^^^^^^^^^^
  File "C:\Users\User\miniconda3\envs\py3_11_9\Lib\site-packages\sklearn\utils\_param_validation.py", line 213, in wrapper
    return func(*args, **kwargs)
           ^^^^^^^^^^^^^^^^^^^^^
  File "C:\Users\User\miniconda3\envs\py3_11_9\Lib\site-packages\sklearn\metrics\_ranking.py", line 634, in roc_auc_score
    return _multiclass_roc_auc_score(
           ^^^^^^^^^^^^^^^^^^^^^^^^^^
  File "C:\Users\User\miniconda3\envs\py3_11_9\Lib\site-packages\sklearn\metrics\_ranking.py", line 707, in _multiclass_roc_auc_score
    raise ValueError(
ValueError: Target scores need to be probabilities for multiclass roc_auc, i.e. they should sum up to 1.0 over classes

  warnings.warn(

2025-10-31 11:15:54,593:WARNING:C:\Users\User\miniconda3\envs\py3_11_9\Lib\site-packages\sklearn\metrics\_classification.py:1561: UserWarning: Note that pos_label (set to 'G') is ignored when average != 'binary' (got 'weighted'). You may use labels=[pos_label] to specify a single positive class.
  warnings.warn(

2025-10-31 11:15:54,601:WARNING:C:\Users\User\miniconda3\envs\py3_11_9\Lib\site-packages\pycaret\internal\metrics.py:204: FitFailedWarning: Metric 'make_scorer(roc_auc_score, response_method=('decision_function', 'predict_proba'), average=weighted, multi_class=ovr)' failed and error score 0.0 has been returned instead. If this is a custom metric, this usually means that the error is in the metric code. Full exception below:
Traceback (most recent call last):
  File "C:\Users\User\miniconda3\envs\py3_11_9\Lib\site-packages\pycaret\internal\metrics.py", line 196, in _score
    return super()._score(
           ^^^^^^^^^^^^^^^
  File "C:\Users\User\miniconda3\envs\py3_11_9\Lib\site-packages\sklearn\metrics\_scorer.py", line 350, in _score
    return self._sign * self._score_func(y_true, y_pred, **scoring_kwargs)
                        ^^^^^^^^^^^^^^^^^^^^^^^^^^^^^^^^^^^^^^^^^^^^^^^^^^
  File "C:\Users\User\miniconda3\envs\py3_11_9\Lib\site-packages\pycaret\internal\metrics.py", line 144, in __call__
    return self.score_func(y_true, y_pred, **kwargs)
           ^^^^^^^^^^^^^^^^^^^^^^^^^^^^^^^^^^^^^^^^^
  File "C:\Users\User\miniconda3\envs\py3_11_9\Lib\site-packages\sklearn\utils\_param_validation.py", line 213, in wrapper
    return func(*args, **kwargs)
           ^^^^^^^^^^^^^^^^^^^^^
  File "C:\Users\User\miniconda3\envs\py3_11_9\Lib\site-packages\sklearn\metrics\_ranking.py", line 634, in roc_auc_score
    return _multiclass_roc_auc_score(
           ^^^^^^^^^^^^^^^^^^^^^^^^^^
  File "C:\Users\User\miniconda3\envs\py3_11_9\Lib\site-packages\sklearn\metrics\_ranking.py", line 707, in _multiclass_roc_auc_score
    raise ValueError(
ValueError: Target scores need to be probabilities for multiclass roc_auc, i.e. they should sum up to 1.0 over classes

  warnings.warn(

2025-10-31 11:15:54,606:WARNING:C:\Users\User\miniconda3\envs\py3_11_9\Lib\site-packages\sklearn\metrics\_classification.py:1561: UserWarning: Note that pos_label (set to 'G') is ignored when average != 'binary' (got 'weighted'). You may use labels=[pos_label] to specify a single positive class.
  warnings.warn(

2025-10-31 11:15:54,610:WARNING:C:\Users\User\miniconda3\envs\py3_11_9\Lib\site-packages\sklearn\metrics\_classification.py:1561: UserWarning: Note that pos_label (set to 'G') is ignored when average != 'binary' (got 'weighted'). You may use labels=[pos_label] to specify a single positive class.
  warnings.warn(

2025-10-31 11:15:54,613:WARNING:C:\Users\User\miniconda3\envs\py3_11_9\Lib\site-packages\pycaret\internal\metrics.py:204: FitFailedWarning: Metric 'make_scorer(roc_auc_score, response_method=('decision_function', 'predict_proba'), average=weighted, multi_class=ovr)' failed and error score 0.0 has been returned instead. If this is a custom metric, this usually means that the error is in the metric code. Full exception below:
Traceback (most recent call last):
  File "C:\Users\User\miniconda3\envs\py3_11_9\Lib\site-packages\pycaret\internal\metrics.py", line 196, in _score
    return super()._score(
           ^^^^^^^^^^^^^^^
  File "C:\Users\User\miniconda3\envs\py3_11_9\Lib\site-packages\sklearn\metrics\_scorer.py", line 350, in _score
    return self._sign * self._score_func(y_true, y_pred, **scoring_kwargs)
                        ^^^^^^^^^^^^^^^^^^^^^^^^^^^^^^^^^^^^^^^^^^^^^^^^^^
  File "C:\Users\User\miniconda3\envs\py3_11_9\Lib\site-packages\pycaret\internal\metrics.py", line 144, in __call__
    return self.score_func(y_true, y_pred, **kwargs)
           ^^^^^^^^^^^^^^^^^^^^^^^^^^^^^^^^^^^^^^^^^
  File "C:\Users\User\miniconda3\envs\py3_11_9\Lib\site-packages\sklearn\utils\_param_validation.py", line 213, in wrapper
    return func(*args, **kwargs)
           ^^^^^^^^^^^^^^^^^^^^^
  File "C:\Users\User\miniconda3\envs\py3_11_9\Lib\site-packages\sklearn\metrics\_ranking.py", line 634, in roc_auc_score
    return _multiclass_roc_auc_score(
           ^^^^^^^^^^^^^^^^^^^^^^^^^^
  File "C:\Users\User\miniconda3\envs\py3_11_9\Lib\site-packages\sklearn\metrics\_ranking.py", line 707, in _multiclass_roc_auc_score
    raise ValueError(
ValueError: Target scores need to be probabilities for multiclass roc_auc, i.e. they should sum up to 1.0 over classes

  warnings.warn(

2025-10-31 11:15:54,614:WARNING:C:\Users\User\miniconda3\envs\py3_11_9\Lib\site-packages\sklearn\metrics\_classification.py:1509: UndefinedMetricWarning: Precision is ill-defined and being set to 0.0 in labels with no predicted samples. Use `zero_division` parameter to control this behavior.
  _warn_prf(average, modifier, f"{metric.capitalize()} is", len(result))

2025-10-31 11:15:54,619:WARNING:C:\Users\User\miniconda3\envs\py3_11_9\Lib\site-packages\sklearn\metrics\_classification.py:1561: UserWarning: Note that pos_label (set to 'G') is ignored when average != 'binary' (got 'weighted'). You may use labels=[pos_label] to specify a single positive class.
  warnings.warn(

2025-10-31 11:15:54,620:WARNING:C:\Users\User\miniconda3\envs\py3_11_9\Lib\site-packages\sklearn\metrics\_classification.py:1561: UserWarning: Note that pos_label (set to 'G') is ignored when average != 'binary' (got 'weighted'). You may use labels=[pos_label] to specify a single positive class.
  warnings.warn(

2025-10-31 11:15:54,632:WARNING:C:\Users\User\miniconda3\envs\py3_11_9\Lib\site-packages\sklearn\metrics\_classification.py:1561: UserWarning: Note that pos_label (set to 'G') is ignored when average != 'binary' (got 'weighted'). You may use labels=[pos_label] to specify a single positive class.
  warnings.warn(

2025-10-31 11:15:54,632:WARNING:C:\Users\User\miniconda3\envs\py3_11_9\Lib\site-packages\sklearn\metrics\_classification.py:1561: UserWarning: Note that pos_label (set to 'G') is ignored when average != 'binary' (got 'weighted'). You may use labels=[pos_label] to specify a single positive class.
  warnings.warn(

2025-10-31 11:15:54,639:WARNING:C:\Users\User\miniconda3\envs\py3_11_9\Lib\site-packages\sklearn\metrics\_classification.py:1509: UndefinedMetricWarning: Precision is ill-defined and being set to 0.0 in labels with no predicted samples. Use `zero_division` parameter to control this behavior.
  _warn_prf(average, modifier, f"{metric.capitalize()} is", len(result))

2025-10-31 11:15:54,641:WARNING:C:\Users\User\miniconda3\envs\py3_11_9\Lib\site-packages\sklearn\metrics\_classification.py:1509: UndefinedMetricWarning: Precision is ill-defined and being set to 0.0 in labels with no predicted samples. Use `zero_division` parameter to control this behavior.
  _warn_prf(average, modifier, f"{metric.capitalize()} is", len(result))

2025-10-31 11:15:54,643:WARNING:C:\Users\User\miniconda3\envs\py3_11_9\Lib\site-packages\sklearn\metrics\_classification.py:1561: UserWarning: Note that pos_label (set to 'G') is ignored when average != 'binary' (got 'weighted'). You may use labels=[pos_label] to specify a single positive class.
  warnings.warn(

2025-10-31 11:15:54,645:WARNING:C:\Users\User\miniconda3\envs\py3_11_9\Lib\site-packages\sklearn\metrics\_classification.py:1561: UserWarning: Note that pos_label (set to 'G') is ignored when average != 'binary' (got 'weighted'). You may use labels=[pos_label] to specify a single positive class.
  warnings.warn(

2025-10-31 11:15:54,661:INFO:Calculating mean and std
2025-10-31 11:15:54,662:INFO:Creating metrics dataframe
2025-10-31 11:15:54,663:INFO:Uploading results into container
2025-10-31 11:15:54,663:INFO:Uploading model into container now
2025-10-31 11:15:54,663:INFO:_master_model_container: 5
2025-10-31 11:15:54,664:INFO:_display_container: 2
2025-10-31 11:15:54,664:INFO:SGDClassifier(alpha=0.0001, average=False, class_weight=None,
              early_stopping=False, epsilon=0.1, eta0=0.001, fit_intercept=True,
              l1_ratio=0.15, learning_rate='optimal', loss='hinge',
              max_iter=1000, n_iter_no_change=5, n_jobs=-1, penalty='l2',
              power_t=0.5, random_state=123, shuffle=True, tol=0.001,
              validation_fraction=0.1, verbose=0, warm_start=False)
2025-10-31 11:15:54,664:INFO:create_model() successfully completed......................................
2025-10-31 11:15:54,716:INFO:SubProcess create_model() end ==================================
2025-10-31 11:15:54,717:INFO:Creating metrics dataframe
2025-10-31 11:15:54,721:INFO:Initializing Ridge Classifier
2025-10-31 11:15:54,721:INFO:Total runtime is 0.26823130051294963 minutes
2025-10-31 11:15:54,723:INFO:SubProcess create_model() called ==================================
2025-10-31 11:15:54,723:INFO:Initializing create_model()
2025-10-31 11:15:54,723:INFO:create_model(self=<pycaret.classification.oop.ClassificationExperiment object at 0x000002AFB4FC8A90>, estimator=ridge, fold=StratifiedKFold(n_splits=10, random_state=None, shuffle=False), round=4, cross_validation=True, predict=True, fit_kwargs={}, groups=None, refit=False, probability_threshold=None, experiment_custom_tags=None, verbose=False, system=False, add_to_model_list=True, metrics=None, display=<pycaret.internal.display.display.CommonDisplay object at 0x000002AFB5024990>, model_only=True, return_train_score=False, error_score=0.0, kwargs={})
2025-10-31 11:15:54,723:INFO:Checking exceptions
2025-10-31 11:15:54,723:INFO:Importing libraries
2025-10-31 11:15:54,723:INFO:Copying training dataset
2025-10-31 11:15:54,729:INFO:Defining folds
2025-10-31 11:15:54,730:INFO:Declaring metric variables
2025-10-31 11:15:54,732:INFO:Importing untrained model
2025-10-31 11:15:54,735:INFO:Ridge Classifier Imported successfully
2025-10-31 11:15:54,740:INFO:Starting cross validation
2025-10-31 11:15:54,741:INFO:Cross validating with StratifiedKFold(n_splits=10, random_state=None, shuffle=False), n_jobs=-1
2025-10-31 11:15:55,046:WARNING:C:\Users\User\miniconda3\envs\py3_11_9\Lib\site-packages\pycaret\internal\metrics.py:204: FitFailedWarning: Metric 'make_scorer(roc_auc_score, response_method=('decision_function', 'predict_proba'), average=weighted, multi_class=ovr)' failed and error score 0.0 has been returned instead. If this is a custom metric, this usually means that the error is in the metric code. Full exception below:
Traceback (most recent call last):
  File "C:\Users\User\miniconda3\envs\py3_11_9\Lib\site-packages\pycaret\internal\metrics.py", line 196, in _score
    return super()._score(
           ^^^^^^^^^^^^^^^
  File "C:\Users\User\miniconda3\envs\py3_11_9\Lib\site-packages\sklearn\metrics\_scorer.py", line 350, in _score
    return self._sign * self._score_func(y_true, y_pred, **scoring_kwargs)
                        ^^^^^^^^^^^^^^^^^^^^^^^^^^^^^^^^^^^^^^^^^^^^^^^^^^
  File "C:\Users\User\miniconda3\envs\py3_11_9\Lib\site-packages\pycaret\internal\metrics.py", line 144, in __call__
    return self.score_func(y_true, y_pred, **kwargs)
           ^^^^^^^^^^^^^^^^^^^^^^^^^^^^^^^^^^^^^^^^^
  File "C:\Users\User\miniconda3\envs\py3_11_9\Lib\site-packages\sklearn\utils\_param_validation.py", line 213, in wrapper
    return func(*args, **kwargs)
           ^^^^^^^^^^^^^^^^^^^^^
  File "C:\Users\User\miniconda3\envs\py3_11_9\Lib\site-packages\sklearn\metrics\_ranking.py", line 634, in roc_auc_score
    return _multiclass_roc_auc_score(
           ^^^^^^^^^^^^^^^^^^^^^^^^^^
  File "C:\Users\User\miniconda3\envs\py3_11_9\Lib\site-packages\sklearn\metrics\_ranking.py", line 707, in _multiclass_roc_auc_score
    raise ValueError(
ValueError: Target scores need to be probabilities for multiclass roc_auc, i.e. they should sum up to 1.0 over classes

  warnings.warn(

2025-10-31 11:15:55,052:WARNING:C:\Users\User\miniconda3\envs\py3_11_9\Lib\site-packages\sklearn\metrics\_classification.py:1561: UserWarning: Note that pos_label (set to 'G') is ignored when average != 'binary' (got 'weighted'). You may use labels=[pos_label] to specify a single positive class.
  warnings.warn(

2025-10-31 11:15:55,064:WARNING:C:\Users\User\miniconda3\envs\py3_11_9\Lib\site-packages\sklearn\metrics\_classification.py:1561: UserWarning: Note that pos_label (set to 'G') is ignored when average != 'binary' (got 'weighted'). You may use labels=[pos_label] to specify a single positive class.
  warnings.warn(

2025-10-31 11:15:55,072:WARNING:C:\Users\User\miniconda3\envs\py3_11_9\Lib\site-packages\pycaret\internal\metrics.py:204: FitFailedWarning: Metric 'make_scorer(roc_auc_score, response_method=('decision_function', 'predict_proba'), average=weighted, multi_class=ovr)' failed and error score 0.0 has been returned instead. If this is a custom metric, this usually means that the error is in the metric code. Full exception below:
Traceback (most recent call last):
  File "C:\Users\User\miniconda3\envs\py3_11_9\Lib\site-packages\pycaret\internal\metrics.py", line 196, in _score
    return super()._score(
           ^^^^^^^^^^^^^^^
  File "C:\Users\User\miniconda3\envs\py3_11_9\Lib\site-packages\sklearn\metrics\_scorer.py", line 350, in _score
    return self._sign * self._score_func(y_true, y_pred, **scoring_kwargs)
                        ^^^^^^^^^^^^^^^^^^^^^^^^^^^^^^^^^^^^^^^^^^^^^^^^^^
  File "C:\Users\User\miniconda3\envs\py3_11_9\Lib\site-packages\pycaret\internal\metrics.py", line 144, in __call__
    return self.score_func(y_true, y_pred, **kwargs)
           ^^^^^^^^^^^^^^^^^^^^^^^^^^^^^^^^^^^^^^^^^
  File "C:\Users\User\miniconda3\envs\py3_11_9\Lib\site-packages\sklearn\utils\_param_validation.py", line 213, in wrapper
    return func(*args, **kwargs)
           ^^^^^^^^^^^^^^^^^^^^^
  File "C:\Users\User\miniconda3\envs\py3_11_9\Lib\site-packages\sklearn\metrics\_ranking.py", line 634, in roc_auc_score
    return _multiclass_roc_auc_score(
           ^^^^^^^^^^^^^^^^^^^^^^^^^^
  File "C:\Users\User\miniconda3\envs\py3_11_9\Lib\site-packages\sklearn\metrics\_ranking.py", line 707, in _multiclass_roc_auc_score
    raise ValueError(
ValueError: Target scores need to be probabilities for multiclass roc_auc, i.e. they should sum up to 1.0 over classes

  warnings.warn(

2025-10-31 11:15:55,072:WARNING:C:\Users\User\miniconda3\envs\py3_11_9\Lib\site-packages\pycaret\internal\metrics.py:204: FitFailedWarning: Metric 'make_scorer(roc_auc_score, response_method=('decision_function', 'predict_proba'), average=weighted, multi_class=ovr)' failed and error score 0.0 has been returned instead. If this is a custom metric, this usually means that the error is in the metric code. Full exception below:
Traceback (most recent call last):
  File "C:\Users\User\miniconda3\envs\py3_11_9\Lib\site-packages\pycaret\internal\metrics.py", line 196, in _score
    return super()._score(
           ^^^^^^^^^^^^^^^
  File "C:\Users\User\miniconda3\envs\py3_11_9\Lib\site-packages\sklearn\metrics\_scorer.py", line 350, in _score
    return self._sign * self._score_func(y_true, y_pred, **scoring_kwargs)
                        ^^^^^^^^^^^^^^^^^^^^^^^^^^^^^^^^^^^^^^^^^^^^^^^^^^
  File "C:\Users\User\miniconda3\envs\py3_11_9\Lib\site-packages\pycaret\internal\metrics.py", line 144, in __call__
    return self.score_func(y_true, y_pred, **kwargs)
           ^^^^^^^^^^^^^^^^^^^^^^^^^^^^^^^^^^^^^^^^^
  File "C:\Users\User\miniconda3\envs\py3_11_9\Lib\site-packages\sklearn\utils\_param_validation.py", line 213, in wrapper
    return func(*args, **kwargs)
           ^^^^^^^^^^^^^^^^^^^^^
  File "C:\Users\User\miniconda3\envs\py3_11_9\Lib\site-packages\sklearn\metrics\_ranking.py", line 634, in roc_auc_score
    return _multiclass_roc_auc_score(
           ^^^^^^^^^^^^^^^^^^^^^^^^^^
  File "C:\Users\User\miniconda3\envs\py3_11_9\Lib\site-packages\sklearn\metrics\_ranking.py", line 707, in _multiclass_roc_auc_score
    raise ValueError(
ValueError: Target scores need to be probabilities for multiclass roc_auc, i.e. they should sum up to 1.0 over classes

  warnings.warn(

2025-10-31 11:15:55,075:WARNING:C:\Users\User\miniconda3\envs\py3_11_9\Lib\site-packages\sklearn\metrics\_classification.py:1509: UndefinedMetricWarning: Precision is ill-defined and being set to 0.0 in labels with no predicted samples. Use `zero_division` parameter to control this behavior.
  _warn_prf(average, modifier, f"{metric.capitalize()} is", len(result))

2025-10-31 11:15:55,083:WARNING:C:\Users\User\miniconda3\envs\py3_11_9\Lib\site-packages\pycaret\internal\metrics.py:204: FitFailedWarning: Metric 'make_scorer(roc_auc_score, response_method=('decision_function', 'predict_proba'), average=weighted, multi_class=ovr)' failed and error score 0.0 has been returned instead. If this is a custom metric, this usually means that the error is in the metric code. Full exception below:
Traceback (most recent call last):
  File "C:\Users\User\miniconda3\envs\py3_11_9\Lib\site-packages\pycaret\internal\metrics.py", line 196, in _score
    return super()._score(
           ^^^^^^^^^^^^^^^
  File "C:\Users\User\miniconda3\envs\py3_11_9\Lib\site-packages\sklearn\metrics\_scorer.py", line 350, in _score
    return self._sign * self._score_func(y_true, y_pred, **scoring_kwargs)
                        ^^^^^^^^^^^^^^^^^^^^^^^^^^^^^^^^^^^^^^^^^^^^^^^^^^
  File "C:\Users\User\miniconda3\envs\py3_11_9\Lib\site-packages\pycaret\internal\metrics.py", line 144, in __call__
    return self.score_func(y_true, y_pred, **kwargs)
           ^^^^^^^^^^^^^^^^^^^^^^^^^^^^^^^^^^^^^^^^^
  File "C:\Users\User\miniconda3\envs\py3_11_9\Lib\site-packages\sklearn\utils\_param_validation.py", line 213, in wrapper
    return func(*args, **kwargs)
           ^^^^^^^^^^^^^^^^^^^^^
  File "C:\Users\User\miniconda3\envs\py3_11_9\Lib\site-packages\sklearn\metrics\_ranking.py", line 634, in roc_auc_score
    return _multiclass_roc_auc_score(
           ^^^^^^^^^^^^^^^^^^^^^^^^^^
  File "C:\Users\User\miniconda3\envs\py3_11_9\Lib\site-packages\sklearn\metrics\_ranking.py", line 707, in _multiclass_roc_auc_score
    raise ValueError(
ValueError: Target scores need to be probabilities for multiclass roc_auc, i.e. they should sum up to 1.0 over classes

  warnings.warn(

2025-10-31 11:15:55,086:WARNING:C:\Users\User\miniconda3\envs\py3_11_9\Lib\site-packages\sklearn\metrics\_classification.py:1561: UserWarning: Note that pos_label (set to 'G') is ignored when average != 'binary' (got 'weighted'). You may use labels=[pos_label] to specify a single positive class.
  warnings.warn(

2025-10-31 11:15:55,086:WARNING:C:\Users\User\miniconda3\envs\py3_11_9\Lib\site-packages\sklearn\metrics\_classification.py:1561: UserWarning: Note that pos_label (set to 'G') is ignored when average != 'binary' (got 'weighted'). You may use labels=[pos_label] to specify a single positive class.
  warnings.warn(

2025-10-31 11:15:55,086:WARNING:C:\Users\User\miniconda3\envs\py3_11_9\Lib\site-packages\pycaret\internal\metrics.py:204: FitFailedWarning: Metric 'make_scorer(roc_auc_score, response_method=('decision_function', 'predict_proba'), average=weighted, multi_class=ovr)' failed and error score 0.0 has been returned instead. If this is a custom metric, this usually means that the error is in the metric code. Full exception below:
Traceback (most recent call last):
  File "C:\Users\User\miniconda3\envs\py3_11_9\Lib\site-packages\pycaret\internal\metrics.py", line 196, in _score
    return super()._score(
           ^^^^^^^^^^^^^^^
  File "C:\Users\User\miniconda3\envs\py3_11_9\Lib\site-packages\sklearn\metrics\_scorer.py", line 350, in _score
    return self._sign * self._score_func(y_true, y_pred, **scoring_kwargs)
                        ^^^^^^^^^^^^^^^^^^^^^^^^^^^^^^^^^^^^^^^^^^^^^^^^^^
  File "C:\Users\User\miniconda3\envs\py3_11_9\Lib\site-packages\pycaret\internal\metrics.py", line 144, in __call__
    return self.score_func(y_true, y_pred, **kwargs)
           ^^^^^^^^^^^^^^^^^^^^^^^^^^^^^^^^^^^^^^^^^
  File "C:\Users\User\miniconda3\envs\py3_11_9\Lib\site-packages\sklearn\utils\_param_validation.py", line 213, in wrapper
    return func(*args, **kwargs)
           ^^^^^^^^^^^^^^^^^^^^^
  File "C:\Users\User\miniconda3\envs\py3_11_9\Lib\site-packages\sklearn\metrics\_ranking.py", line 634, in roc_auc_score
    return _multiclass_roc_auc_score(
           ^^^^^^^^^^^^^^^^^^^^^^^^^^
  File "C:\Users\User\miniconda3\envs\py3_11_9\Lib\site-packages\sklearn\metrics\_ranking.py", line 707, in _multiclass_roc_auc_score
    raise ValueError(
ValueError: Target scores need to be probabilities for multiclass roc_auc, i.e. they should sum up to 1.0 over classes

  warnings.warn(

2025-10-31 11:15:55,086:WARNING:C:\Users\User\miniconda3\envs\py3_11_9\Lib\site-packages\pycaret\internal\metrics.py:204: FitFailedWarning: Metric 'make_scorer(roc_auc_score, response_method=('decision_function', 'predict_proba'), average=weighted, multi_class=ovr)' failed and error score 0.0 has been returned instead. If this is a custom metric, this usually means that the error is in the metric code. Full exception below:
Traceback (most recent call last):
  File "C:\Users\User\miniconda3\envs\py3_11_9\Lib\site-packages\pycaret\internal\metrics.py", line 196, in _score
    return super()._score(
           ^^^^^^^^^^^^^^^
  File "C:\Users\User\miniconda3\envs\py3_11_9\Lib\site-packages\sklearn\metrics\_scorer.py", line 350, in _score
    return self._sign * self._score_func(y_true, y_pred, **scoring_kwargs)
                        ^^^^^^^^^^^^^^^^^^^^^^^^^^^^^^^^^^^^^^^^^^^^^^^^^^
  File "C:\Users\User\miniconda3\envs\py3_11_9\Lib\site-packages\pycaret\internal\metrics.py", line 144, in __call__
    return self.score_func(y_true, y_pred, **kwargs)
           ^^^^^^^^^^^^^^^^^^^^^^^^^^^^^^^^^^^^^^^^^
  File "C:\Users\User\miniconda3\envs\py3_11_9\Lib\site-packages\sklearn\utils\_param_validation.py", line 213, in wrapper
    return func(*args, **kwargs)
           ^^^^^^^^^^^^^^^^^^^^^
  File "C:\Users\User\miniconda3\envs\py3_11_9\Lib\site-packages\sklearn\metrics\_ranking.py", line 634, in roc_auc_score
    return _multiclass_roc_auc_score(
           ^^^^^^^^^^^^^^^^^^^^^^^^^^
  File "C:\Users\User\miniconda3\envs\py3_11_9\Lib\site-packages\sklearn\metrics\_ranking.py", line 707, in _multiclass_roc_auc_score
    raise ValueError(
ValueError: Target scores need to be probabilities for multiclass roc_auc, i.e. they should sum up to 1.0 over classes

  warnings.warn(

2025-10-31 11:15:55,096:WARNING:C:\Users\User\miniconda3\envs\py3_11_9\Lib\site-packages\sklearn\metrics\_classification.py:1561: UserWarning: Note that pos_label (set to 'G') is ignored when average != 'binary' (got 'weighted'). You may use labels=[pos_label] to specify a single positive class.
  warnings.warn(

2025-10-31 11:15:55,096:WARNING:C:\Users\User\miniconda3\envs\py3_11_9\Lib\site-packages\sklearn\metrics\_classification.py:1561: UserWarning: Note that pos_label (set to 'G') is ignored when average != 'binary' (got 'weighted'). You may use labels=[pos_label] to specify a single positive class.
  warnings.warn(

2025-10-31 11:15:55,096:WARNING:C:\Users\User\miniconda3\envs\py3_11_9\Lib\site-packages\pycaret\internal\metrics.py:204: FitFailedWarning: Metric 'make_scorer(roc_auc_score, response_method=('decision_function', 'predict_proba'), average=weighted, multi_class=ovr)' failed and error score 0.0 has been returned instead. If this is a custom metric, this usually means that the error is in the metric code. Full exception below:
Traceback (most recent call last):
  File "C:\Users\User\miniconda3\envs\py3_11_9\Lib\site-packages\pycaret\internal\metrics.py", line 196, in _score
    return super()._score(
           ^^^^^^^^^^^^^^^
  File "C:\Users\User\miniconda3\envs\py3_11_9\Lib\site-packages\sklearn\metrics\_scorer.py", line 350, in _score
    return self._sign * self._score_func(y_true, y_pred, **scoring_kwargs)
                        ^^^^^^^^^^^^^^^^^^^^^^^^^^^^^^^^^^^^^^^^^^^^^^^^^^
  File "C:\Users\User\miniconda3\envs\py3_11_9\Lib\site-packages\pycaret\internal\metrics.py", line 144, in __call__
    return self.score_func(y_true, y_pred, **kwargs)
           ^^^^^^^^^^^^^^^^^^^^^^^^^^^^^^^^^^^^^^^^^
  File "C:\Users\User\miniconda3\envs\py3_11_9\Lib\site-packages\sklearn\utils\_param_validation.py", line 213, in wrapper
    return func(*args, **kwargs)
           ^^^^^^^^^^^^^^^^^^^^^
  File "C:\Users\User\miniconda3\envs\py3_11_9\Lib\site-packages\sklearn\metrics\_ranking.py", line 634, in roc_auc_score
    return _multiclass_roc_auc_score(
           ^^^^^^^^^^^^^^^^^^^^^^^^^^
  File "C:\Users\User\miniconda3\envs\py3_11_9\Lib\site-packages\sklearn\metrics\_ranking.py", line 707, in _multiclass_roc_auc_score
    raise ValueError(
ValueError: Target scores need to be probabilities for multiclass roc_auc, i.e. they should sum up to 1.0 over classes

  warnings.warn(

2025-10-31 11:15:55,104:WARNING:C:\Users\User\miniconda3\envs\py3_11_9\Lib\site-packages\pycaret\internal\metrics.py:204: FitFailedWarning: Metric 'make_scorer(roc_auc_score, response_method=('decision_function', 'predict_proba'), average=weighted, multi_class=ovr)' failed and error score 0.0 has been returned instead. If this is a custom metric, this usually means that the error is in the metric code. Full exception below:
Traceback (most recent call last):
  File "C:\Users\User\miniconda3\envs\py3_11_9\Lib\site-packages\pycaret\internal\metrics.py", line 196, in _score
    return super()._score(
           ^^^^^^^^^^^^^^^
  File "C:\Users\User\miniconda3\envs\py3_11_9\Lib\site-packages\sklearn\metrics\_scorer.py", line 350, in _score
    return self._sign * self._score_func(y_true, y_pred, **scoring_kwargs)
                        ^^^^^^^^^^^^^^^^^^^^^^^^^^^^^^^^^^^^^^^^^^^^^^^^^^
  File "C:\Users\User\miniconda3\envs\py3_11_9\Lib\site-packages\pycaret\internal\metrics.py", line 144, in __call__
    return self.score_func(y_true, y_pred, **kwargs)
           ^^^^^^^^^^^^^^^^^^^^^^^^^^^^^^^^^^^^^^^^^
  File "C:\Users\User\miniconda3\envs\py3_11_9\Lib\site-packages\sklearn\utils\_param_validation.py", line 213, in wrapper
    return func(*args, **kwargs)
           ^^^^^^^^^^^^^^^^^^^^^
  File "C:\Users\User\miniconda3\envs\py3_11_9\Lib\site-packages\sklearn\metrics\_ranking.py", line 634, in roc_auc_score
    return _multiclass_roc_auc_score(
           ^^^^^^^^^^^^^^^^^^^^^^^^^^
  File "C:\Users\User\miniconda3\envs\py3_11_9\Lib\site-packages\sklearn\metrics\_ranking.py", line 707, in _multiclass_roc_auc_score
    raise ValueError(
ValueError: Target scores need to be probabilities for multiclass roc_auc, i.e. they should sum up to 1.0 over classes

  warnings.warn(

2025-10-31 11:15:55,104:WARNING:C:\Users\User\miniconda3\envs\py3_11_9\Lib\site-packages\sklearn\metrics\_classification.py:1561: UserWarning: Note that pos_label (set to 'G') is ignored when average != 'binary' (got 'weighted'). You may use labels=[pos_label] to specify a single positive class.
  warnings.warn(

2025-10-31 11:15:55,106:WARNING:C:\Users\User\miniconda3\envs\py3_11_9\Lib\site-packages\sklearn\metrics\_classification.py:1561: UserWarning: Note that pos_label (set to 'G') is ignored when average != 'binary' (got 'weighted'). You may use labels=[pos_label] to specify a single positive class.
  warnings.warn(

2025-10-31 11:15:55,116:WARNING:C:\Users\User\miniconda3\envs\py3_11_9\Lib\site-packages\pycaret\internal\metrics.py:204: FitFailedWarning: Metric 'make_scorer(roc_auc_score, response_method=('decision_function', 'predict_proba'), average=weighted, multi_class=ovr)' failed and error score 0.0 has been returned instead. If this is a custom metric, this usually means that the error is in the metric code. Full exception below:
Traceback (most recent call last):
  File "C:\Users\User\miniconda3\envs\py3_11_9\Lib\site-packages\pycaret\internal\metrics.py", line 196, in _score
    return super()._score(
           ^^^^^^^^^^^^^^^
  File "C:\Users\User\miniconda3\envs\py3_11_9\Lib\site-packages\sklearn\metrics\_scorer.py", line 350, in _score
    return self._sign * self._score_func(y_true, y_pred, **scoring_kwargs)
                        ^^^^^^^^^^^^^^^^^^^^^^^^^^^^^^^^^^^^^^^^^^^^^^^^^^
  File "C:\Users\User\miniconda3\envs\py3_11_9\Lib\site-packages\pycaret\internal\metrics.py", line 144, in __call__
    return self.score_func(y_true, y_pred, **kwargs)
           ^^^^^^^^^^^^^^^^^^^^^^^^^^^^^^^^^^^^^^^^^
  File "C:\Users\User\miniconda3\envs\py3_11_9\Lib\site-packages\sklearn\utils\_param_validation.py", line 213, in wrapper
    return func(*args, **kwargs)
           ^^^^^^^^^^^^^^^^^^^^^
  File "C:\Users\User\miniconda3\envs\py3_11_9\Lib\site-packages\sklearn\metrics\_ranking.py", line 634, in roc_auc_score
    return _multiclass_roc_auc_score(
           ^^^^^^^^^^^^^^^^^^^^^^^^^^
  File "C:\Users\User\miniconda3\envs\py3_11_9\Lib\site-packages\sklearn\metrics\_ranking.py", line 707, in _multiclass_roc_auc_score
    raise ValueError(
ValueError: Target scores need to be probabilities for multiclass roc_auc, i.e. they should sum up to 1.0 over classes

  warnings.warn(

2025-10-31 11:15:55,116:WARNING:C:\Users\User\miniconda3\envs\py3_11_9\Lib\site-packages\sklearn\metrics\_classification.py:1561: UserWarning: Note that pos_label (set to 'G') is ignored when average != 'binary' (got 'weighted'). You may use labels=[pos_label] to specify a single positive class.
  warnings.warn(

2025-10-31 11:15:55,116:WARNING:C:\Users\User\miniconda3\envs\py3_11_9\Lib\site-packages\sklearn\metrics\_classification.py:1561: UserWarning: Note that pos_label (set to 'G') is ignored when average != 'binary' (got 'weighted'). You may use labels=[pos_label] to specify a single positive class.
  warnings.warn(

2025-10-31 11:15:55,116:WARNING:C:\Users\User\miniconda3\envs\py3_11_9\Lib\site-packages\sklearn\metrics\_classification.py:1561: UserWarning: Note that pos_label (set to 'G') is ignored when average != 'binary' (got 'weighted'). You may use labels=[pos_label] to specify a single positive class.
  warnings.warn(

2025-10-31 11:15:55,116:WARNING:C:\Users\User\miniconda3\envs\py3_11_9\Lib\site-packages\sklearn\metrics\_classification.py:1561: UserWarning: Note that pos_label (set to 'G') is ignored when average != 'binary' (got 'weighted'). You may use labels=[pos_label] to specify a single positive class.
  warnings.warn(

2025-10-31 11:15:55,116:WARNING:C:\Users\User\miniconda3\envs\py3_11_9\Lib\site-packages\pycaret\internal\metrics.py:204: FitFailedWarning: Metric 'make_scorer(roc_auc_score, response_method=('decision_function', 'predict_proba'), average=weighted, multi_class=ovr)' failed and error score 0.0 has been returned instead. If this is a custom metric, this usually means that the error is in the metric code. Full exception below:
Traceback (most recent call last):
  File "C:\Users\User\miniconda3\envs\py3_11_9\Lib\site-packages\pycaret\internal\metrics.py", line 196, in _score
    return super()._score(
           ^^^^^^^^^^^^^^^
  File "C:\Users\User\miniconda3\envs\py3_11_9\Lib\site-packages\sklearn\metrics\_scorer.py", line 350, in _score
    return self._sign * self._score_func(y_true, y_pred, **scoring_kwargs)
                        ^^^^^^^^^^^^^^^^^^^^^^^^^^^^^^^^^^^^^^^^^^^^^^^^^^
  File "C:\Users\User\miniconda3\envs\py3_11_9\Lib\site-packages\pycaret\internal\metrics.py", line 144, in __call__
    return self.score_func(y_true, y_pred, **kwargs)
           ^^^^^^^^^^^^^^^^^^^^^^^^^^^^^^^^^^^^^^^^^
  File "C:\Users\User\miniconda3\envs\py3_11_9\Lib\site-packages\sklearn\utils\_param_validation.py", line 213, in wrapper
    return func(*args, **kwargs)
           ^^^^^^^^^^^^^^^^^^^^^
  File "C:\Users\User\miniconda3\envs\py3_11_9\Lib\site-packages\sklearn\metrics\_ranking.py", line 634, in roc_auc_score
    return _multiclass_roc_auc_score(
           ^^^^^^^^^^^^^^^^^^^^^^^^^^
  File "C:\Users\User\miniconda3\envs\py3_11_9\Lib\site-packages\sklearn\metrics\_ranking.py", line 707, in _multiclass_roc_auc_score
    raise ValueError(
ValueError: Target scores need to be probabilities for multiclass roc_auc, i.e. they should sum up to 1.0 over classes

  warnings.warn(

2025-10-31 11:15:55,126:WARNING:C:\Users\User\miniconda3\envs\py3_11_9\Lib\site-packages\sklearn\metrics\_classification.py:1561: UserWarning: Note that pos_label (set to 'G') is ignored when average != 'binary' (got 'weighted'). You may use labels=[pos_label] to specify a single positive class.
  warnings.warn(

2025-10-31 11:15:55,126:WARNING:C:\Users\User\miniconda3\envs\py3_11_9\Lib\site-packages\sklearn\metrics\_classification.py:1561: UserWarning: Note that pos_label (set to 'G') is ignored when average != 'binary' (got 'weighted'). You may use labels=[pos_label] to specify a single positive class.
  warnings.warn(

2025-10-31 11:15:55,126:WARNING:C:\Users\User\miniconda3\envs\py3_11_9\Lib\site-packages\sklearn\metrics\_classification.py:1509: UndefinedMetricWarning: Precision is ill-defined and being set to 0.0 in labels with no predicted samples. Use `zero_division` parameter to control this behavior.
  _warn_prf(average, modifier, f"{metric.capitalize()} is", len(result))

2025-10-31 11:15:55,126:WARNING:C:\Users\User\miniconda3\envs\py3_11_9\Lib\site-packages\sklearn\metrics\_classification.py:1561: UserWarning: Note that pos_label (set to 'G') is ignored when average != 'binary' (got 'weighted'). You may use labels=[pos_label] to specify a single positive class.
  warnings.warn(

2025-10-31 11:15:55,134:WARNING:C:\Users\User\miniconda3\envs\py3_11_9\Lib\site-packages\sklearn\metrics\_classification.py:1509: UndefinedMetricWarning: Precision is ill-defined and being set to 0.0 in labels with no predicted samples. Use `zero_division` parameter to control this behavior.
  _warn_prf(average, modifier, f"{metric.capitalize()} is", len(result))

2025-10-31 11:15:55,134:WARNING:C:\Users\User\miniconda3\envs\py3_11_9\Lib\site-packages\sklearn\metrics\_classification.py:1509: UndefinedMetricWarning: Precision is ill-defined and being set to 0.0 in labels with no predicted samples. Use `zero_division` parameter to control this behavior.
  _warn_prf(average, modifier, f"{metric.capitalize()} is", len(result))

2025-10-31 11:15:55,134:WARNING:C:\Users\User\miniconda3\envs\py3_11_9\Lib\site-packages\sklearn\metrics\_classification.py:1561: UserWarning: Note that pos_label (set to 'G') is ignored when average != 'binary' (got 'weighted'). You may use labels=[pos_label] to specify a single positive class.
  warnings.warn(

2025-10-31 11:15:55,136:WARNING:C:\Users\User\miniconda3\envs\py3_11_9\Lib\site-packages\sklearn\metrics\_classification.py:1561: UserWarning: Note that pos_label (set to 'G') is ignored when average != 'binary' (got 'weighted'). You may use labels=[pos_label] to specify a single positive class.
  warnings.warn(

2025-10-31 11:15:55,136:WARNING:C:\Users\User\miniconda3\envs\py3_11_9\Lib\site-packages\sklearn\metrics\_classification.py:1561: UserWarning: Note that pos_label (set to 'G') is ignored when average != 'binary' (got 'weighted'). You may use labels=[pos_label] to specify a single positive class.
  warnings.warn(

2025-10-31 11:15:55,136:WARNING:C:\Users\User\miniconda3\envs\py3_11_9\Lib\site-packages\sklearn\metrics\_classification.py:1509: UndefinedMetricWarning: Precision is ill-defined and being set to 0.0 in labels with no predicted samples. Use `zero_division` parameter to control this behavior.
  _warn_prf(average, modifier, f"{metric.capitalize()} is", len(result))

2025-10-31 11:15:55,136:WARNING:C:\Users\User\miniconda3\envs\py3_11_9\Lib\site-packages\sklearn\metrics\_classification.py:1561: UserWarning: Note that pos_label (set to 'G') is ignored when average != 'binary' (got 'weighted'). You may use labels=[pos_label] to specify a single positive class.
  warnings.warn(

2025-10-31 11:15:55,144:WARNING:C:\Users\User\miniconda3\envs\py3_11_9\Lib\site-packages\sklearn\metrics\_classification.py:1561: UserWarning: Note that pos_label (set to 'G') is ignored when average != 'binary' (got 'weighted'). You may use labels=[pos_label] to specify a single positive class.
  warnings.warn(

2025-10-31 11:15:55,144:WARNING:C:\Users\User\miniconda3\envs\py3_11_9\Lib\site-packages\sklearn\metrics\_classification.py:1561: UserWarning: Note that pos_label (set to 'G') is ignored when average != 'binary' (got 'weighted'). You may use labels=[pos_label] to specify a single positive class.
  warnings.warn(

2025-10-31 11:15:55,146:WARNING:C:\Users\User\miniconda3\envs\py3_11_9\Lib\site-packages\sklearn\metrics\_classification.py:1509: UndefinedMetricWarning: Precision is ill-defined and being set to 0.0 in labels with no predicted samples. Use `zero_division` parameter to control this behavior.
  _warn_prf(average, modifier, f"{metric.capitalize()} is", len(result))

2025-10-31 11:15:55,146:WARNING:C:\Users\User\miniconda3\envs\py3_11_9\Lib\site-packages\sklearn\metrics\_classification.py:1561: UserWarning: Note that pos_label (set to 'G') is ignored when average != 'binary' (got 'weighted'). You may use labels=[pos_label] to specify a single positive class.
  warnings.warn(

2025-10-31 11:15:55,146:WARNING:C:\Users\User\miniconda3\envs\py3_11_9\Lib\site-packages\sklearn\metrics\_classification.py:1509: UndefinedMetricWarning: Precision is ill-defined and being set to 0.0 in labels with no predicted samples. Use `zero_division` parameter to control this behavior.
  _warn_prf(average, modifier, f"{metric.capitalize()} is", len(result))

2025-10-31 11:15:55,146:WARNING:C:\Users\User\miniconda3\envs\py3_11_9\Lib\site-packages\sklearn\metrics\_classification.py:1561: UserWarning: Note that pos_label (set to 'G') is ignored when average != 'binary' (got 'weighted'). You may use labels=[pos_label] to specify a single positive class.
  warnings.warn(

2025-10-31 11:15:55,146:WARNING:C:\Users\User\miniconda3\envs\py3_11_9\Lib\site-packages\sklearn\metrics\_classification.py:1561: UserWarning: Note that pos_label (set to 'G') is ignored when average != 'binary' (got 'weighted'). You may use labels=[pos_label] to specify a single positive class.
  warnings.warn(

2025-10-31 11:15:55,146:WARNING:C:\Users\User\miniconda3\envs\py3_11_9\Lib\site-packages\sklearn\metrics\_classification.py:1509: UndefinedMetricWarning: Precision is ill-defined and being set to 0.0 in labels with no predicted samples. Use `zero_division` parameter to control this behavior.
  _warn_prf(average, modifier, f"{metric.capitalize()} is", len(result))

2025-10-31 11:15:55,154:WARNING:C:\Users\User\miniconda3\envs\py3_11_9\Lib\site-packages\sklearn\metrics\_classification.py:1561: UserWarning: Note that pos_label (set to 'G') is ignored when average != 'binary' (got 'weighted'). You may use labels=[pos_label] to specify a single positive class.
  warnings.warn(

2025-10-31 11:15:55,156:WARNING:C:\Users\User\miniconda3\envs\py3_11_9\Lib\site-packages\sklearn\metrics\_classification.py:1561: UserWarning: Note that pos_label (set to 'G') is ignored when average != 'binary' (got 'weighted'). You may use labels=[pos_label] to specify a single positive class.
  warnings.warn(

2025-10-31 11:15:55,156:WARNING:C:\Users\User\miniconda3\envs\py3_11_9\Lib\site-packages\sklearn\metrics\_classification.py:1509: UndefinedMetricWarning: Precision is ill-defined and being set to 0.0 in labels with no predicted samples. Use `zero_division` parameter to control this behavior.
  _warn_prf(average, modifier, f"{metric.capitalize()} is", len(result))

2025-10-31 11:15:55,156:WARNING:C:\Users\User\miniconda3\envs\py3_11_9\Lib\site-packages\sklearn\metrics\_classification.py:1561: UserWarning: Note that pos_label (set to 'G') is ignored when average != 'binary' (got 'weighted'). You may use labels=[pos_label] to specify a single positive class.
  warnings.warn(

2025-10-31 11:15:55,156:WARNING:C:\Users\User\miniconda3\envs\py3_11_9\Lib\site-packages\sklearn\metrics\_classification.py:1509: UndefinedMetricWarning: Precision is ill-defined and being set to 0.0 in labels with no predicted samples. Use `zero_division` parameter to control this behavior.
  _warn_prf(average, modifier, f"{metric.capitalize()} is", len(result))

2025-10-31 11:15:55,164:WARNING:C:\Users\User\miniconda3\envs\py3_11_9\Lib\site-packages\sklearn\metrics\_classification.py:1561: UserWarning: Note that pos_label (set to 'G') is ignored when average != 'binary' (got 'weighted'). You may use labels=[pos_label] to specify a single positive class.
  warnings.warn(

2025-10-31 11:15:55,167:WARNING:C:\Users\User\miniconda3\envs\py3_11_9\Lib\site-packages\sklearn\metrics\_classification.py:1561: UserWarning: Note that pos_label (set to 'G') is ignored when average != 'binary' (got 'weighted'). You may use labels=[pos_label] to specify a single positive class.
  warnings.warn(

2025-10-31 11:15:55,198:INFO:Calculating mean and std
2025-10-31 11:15:55,198:INFO:Creating metrics dataframe
2025-10-31 11:15:55,198:INFO:Uploading results into container
2025-10-31 11:15:55,198:INFO:Uploading model into container now
2025-10-31 11:15:55,198:INFO:_master_model_container: 6
2025-10-31 11:15:55,198:INFO:_display_container: 2
2025-10-31 11:15:55,202:INFO:RidgeClassifier(alpha=1.0, class_weight=None, copy_X=True, fit_intercept=True,
                max_iter=None, positive=False, random_state=123, solver='auto',
                tol=0.0001)
2025-10-31 11:15:55,203:INFO:create_model() successfully completed......................................
2025-10-31 11:15:55,261:INFO:SubProcess create_model() end ==================================
2025-10-31 11:15:55,261:INFO:Creating metrics dataframe
2025-10-31 11:15:55,261:INFO:Initializing Random Forest Classifier
2025-10-31 11:15:55,261:INFO:Total runtime is 0.2772409717241923 minutes
2025-10-31 11:15:55,261:INFO:SubProcess create_model() called ==================================
2025-10-31 11:15:55,261:INFO:Initializing create_model()
2025-10-31 11:15:55,261:INFO:create_model(self=<pycaret.classification.oop.ClassificationExperiment object at 0x000002AFB4FC8A90>, estimator=rf, fold=StratifiedKFold(n_splits=10, random_state=None, shuffle=False), round=4, cross_validation=True, predict=True, fit_kwargs={}, groups=None, refit=False, probability_threshold=None, experiment_custom_tags=None, verbose=False, system=False, add_to_model_list=True, metrics=None, display=<pycaret.internal.display.display.CommonDisplay object at 0x000002AFB5024990>, model_only=True, return_train_score=False, error_score=0.0, kwargs={})
2025-10-31 11:15:55,261:INFO:Checking exceptions
2025-10-31 11:15:55,261:INFO:Importing libraries
2025-10-31 11:15:55,261:INFO:Copying training dataset
2025-10-31 11:15:55,277:INFO:Defining folds
2025-10-31 11:15:55,277:INFO:Declaring metric variables
2025-10-31 11:15:55,281:INFO:Importing untrained model
2025-10-31 11:15:55,281:INFO:Random Forest Classifier Imported successfully
2025-10-31 11:15:55,281:INFO:Starting cross validation
2025-10-31 11:15:55,281:INFO:Cross validating with StratifiedKFold(n_splits=10, random_state=None, shuffle=False), n_jobs=-1
2025-10-31 11:16:00,564:WARNING:C:\Users\User\miniconda3\envs\py3_11_9\Lib\site-packages\sklearn\metrics\_classification.py:1561: UserWarning: Note that pos_label (set to 'G') is ignored when average != 'binary' (got 'weighted'). You may use labels=[pos_label] to specify a single positive class.
  warnings.warn(

2025-10-31 11:16:00,566:WARNING:C:\Users\User\miniconda3\envs\py3_11_9\Lib\site-packages\sklearn\metrics\_classification.py:1561: UserWarning: Note that pos_label (set to 'G') is ignored when average != 'binary' (got 'weighted'). You may use labels=[pos_label] to specify a single positive class.
  warnings.warn(

2025-10-31 11:16:00,589:WARNING:C:\Users\User\miniconda3\envs\py3_11_9\Lib\site-packages\sklearn\metrics\_classification.py:1561: UserWarning: Note that pos_label (set to 'G') is ignored when average != 'binary' (got 'weighted'). You may use labels=[pos_label] to specify a single positive class.
  warnings.warn(

2025-10-31 11:16:00,623:WARNING:C:\Users\User\miniconda3\envs\py3_11_9\Lib\site-packages\sklearn\metrics\_classification.py:1561: UserWarning: Note that pos_label (set to 'G') is ignored when average != 'binary' (got 'weighted'). You may use labels=[pos_label] to specify a single positive class.
  warnings.warn(

2025-10-31 11:16:00,627:WARNING:C:\Users\User\miniconda3\envs\py3_11_9\Lib\site-packages\sklearn\metrics\_classification.py:1561: UserWarning: Note that pos_label (set to 'G') is ignored when average != 'binary' (got 'weighted'). You may use labels=[pos_label] to specify a single positive class.
  warnings.warn(

2025-10-31 11:16:00,635:WARNING:C:\Users\User\miniconda3\envs\py3_11_9\Lib\site-packages\sklearn\metrics\_classification.py:1561: UserWarning: Note that pos_label (set to 'G') is ignored when average != 'binary' (got 'weighted'). You may use labels=[pos_label] to specify a single positive class.
  warnings.warn(

2025-10-31 11:16:00,636:WARNING:C:\Users\User\miniconda3\envs\py3_11_9\Lib\site-packages\sklearn\metrics\_classification.py:1561: UserWarning: Note that pos_label (set to 'G') is ignored when average != 'binary' (got 'weighted'). You may use labels=[pos_label] to specify a single positive class.
  warnings.warn(

2025-10-31 11:16:00,637:WARNING:C:\Users\User\miniconda3\envs\py3_11_9\Lib\site-packages\sklearn\metrics\_classification.py:1561: UserWarning: Note that pos_label (set to 'G') is ignored when average != 'binary' (got 'weighted'). You may use labels=[pos_label] to specify a single positive class.
  warnings.warn(

2025-10-31 11:16:00,640:WARNING:C:\Users\User\miniconda3\envs\py3_11_9\Lib\site-packages\sklearn\metrics\_classification.py:1561: UserWarning: Note that pos_label (set to 'G') is ignored when average != 'binary' (got 'weighted'). You may use labels=[pos_label] to specify a single positive class.
  warnings.warn(

2025-10-31 11:16:00,644:WARNING:C:\Users\User\miniconda3\envs\py3_11_9\Lib\site-packages\sklearn\metrics\_classification.py:1509: UndefinedMetricWarning: Precision is ill-defined and being set to 0.0 in labels with no predicted samples. Use `zero_division` parameter to control this behavior.
  _warn_prf(average, modifier, f"{metric.capitalize()} is", len(result))

2025-10-31 11:16:00,647:WARNING:C:\Users\User\miniconda3\envs\py3_11_9\Lib\site-packages\sklearn\metrics\_classification.py:1561: UserWarning: Note that pos_label (set to 'G') is ignored when average != 'binary' (got 'weighted'). You may use labels=[pos_label] to specify a single positive class.
  warnings.warn(

2025-10-31 11:16:00,652:WARNING:C:\Users\User\miniconda3\envs\py3_11_9\Lib\site-packages\sklearn\metrics\_classification.py:1561: UserWarning: Note that pos_label (set to 'G') is ignored when average != 'binary' (got 'weighted'). You may use labels=[pos_label] to specify a single positive class.
  warnings.warn(

2025-10-31 11:16:00,652:WARNING:C:\Users\User\miniconda3\envs\py3_11_9\Lib\site-packages\sklearn\metrics\_classification.py:1509: UndefinedMetricWarning: Precision is ill-defined and being set to 0.0 in labels with no predicted samples. Use `zero_division` parameter to control this behavior.
  _warn_prf(average, modifier, f"{metric.capitalize()} is", len(result))

2025-10-31 11:16:00,654:WARNING:C:\Users\User\miniconda3\envs\py3_11_9\Lib\site-packages\sklearn\metrics\_classification.py:1509: UndefinedMetricWarning: Precision is ill-defined and being set to 0.0 in labels with no predicted samples. Use `zero_division` parameter to control this behavior.
  _warn_prf(average, modifier, f"{metric.capitalize()} is", len(result))

2025-10-31 11:16:00,654:WARNING:C:\Users\User\miniconda3\envs\py3_11_9\Lib\site-packages\sklearn\metrics\_classification.py:1561: UserWarning: Note that pos_label (set to 'G') is ignored when average != 'binary' (got 'weighted'). You may use labels=[pos_label] to specify a single positive class.
  warnings.warn(

2025-10-31 11:16:00,654:WARNING:C:\Users\User\miniconda3\envs\py3_11_9\Lib\site-packages\sklearn\metrics\_classification.py:1561: UserWarning: Note that pos_label (set to 'G') is ignored when average != 'binary' (got 'weighted'). You may use labels=[pos_label] to specify a single positive class.
  warnings.warn(

2025-10-31 11:16:00,664:WARNING:C:\Users\User\miniconda3\envs\py3_11_9\Lib\site-packages\sklearn\metrics\_classification.py:1561: UserWarning: Note that pos_label (set to 'G') is ignored when average != 'binary' (got 'weighted'). You may use labels=[pos_label] to specify a single positive class.
  warnings.warn(

2025-10-31 11:16:00,664:WARNING:C:\Users\User\miniconda3\envs\py3_11_9\Lib\site-packages\sklearn\metrics\_classification.py:1561: UserWarning: Note that pos_label (set to 'G') is ignored when average != 'binary' (got 'weighted'). You may use labels=[pos_label] to specify a single positive class.
  warnings.warn(

2025-10-31 11:16:00,664:WARNING:C:\Users\User\miniconda3\envs\py3_11_9\Lib\site-packages\sklearn\metrics\_classification.py:1561: UserWarning: Note that pos_label (set to 'G') is ignored when average != 'binary' (got 'weighted'). You may use labels=[pos_label] to specify a single positive class.
  warnings.warn(

2025-10-31 11:16:00,664:WARNING:C:\Users\User\miniconda3\envs\py3_11_9\Lib\site-packages\sklearn\metrics\_classification.py:1561: UserWarning: Note that pos_label (set to 'G') is ignored when average != 'binary' (got 'weighted'). You may use labels=[pos_label] to specify a single positive class.
  warnings.warn(

2025-10-31 11:16:00,675:WARNING:C:\Users\User\miniconda3\envs\py3_11_9\Lib\site-packages\sklearn\metrics\_classification.py:1561: UserWarning: Note that pos_label (set to 'G') is ignored when average != 'binary' (got 'weighted'). You may use labels=[pos_label] to specify a single positive class.
  warnings.warn(

2025-10-31 11:16:00,675:WARNING:C:\Users\User\miniconda3\envs\py3_11_9\Lib\site-packages\sklearn\metrics\_classification.py:1509: UndefinedMetricWarning: Precision is ill-defined and being set to 0.0 in labels with no predicted samples. Use `zero_division` parameter to control this behavior.
  _warn_prf(average, modifier, f"{metric.capitalize()} is", len(result))

2025-10-31 11:16:00,675:WARNING:C:\Users\User\miniconda3\envs\py3_11_9\Lib\site-packages\sklearn\metrics\_classification.py:1561: UserWarning: Note that pos_label (set to 'G') is ignored when average != 'binary' (got 'weighted'). You may use labels=[pos_label] to specify a single positive class.
  warnings.warn(

2025-10-31 11:16:00,675:WARNING:C:\Users\User\miniconda3\envs\py3_11_9\Lib\site-packages\sklearn\metrics\_classification.py:1561: UserWarning: Note that pos_label (set to 'G') is ignored when average != 'binary' (got 'weighted'). You may use labels=[pos_label] to specify a single positive class.
  warnings.warn(

2025-10-31 11:16:00,686:WARNING:C:\Users\User\miniconda3\envs\py3_11_9\Lib\site-packages\sklearn\metrics\_classification.py:1509: UndefinedMetricWarning: Precision is ill-defined and being set to 0.0 in labels with no predicted samples. Use `zero_division` parameter to control this behavior.
  _warn_prf(average, modifier, f"{metric.capitalize()} is", len(result))

2025-10-31 11:16:00,687:WARNING:C:\Users\User\miniconda3\envs\py3_11_9\Lib\site-packages\sklearn\metrics\_classification.py:1509: UndefinedMetricWarning: Precision is ill-defined and being set to 0.0 in labels with no predicted samples. Use `zero_division` parameter to control this behavior.
  _warn_prf(average, modifier, f"{metric.capitalize()} is", len(result))

2025-10-31 11:16:00,693:WARNING:C:\Users\User\miniconda3\envs\py3_11_9\Lib\site-packages\sklearn\metrics\_classification.py:1561: UserWarning: Note that pos_label (set to 'G') is ignored when average != 'binary' (got 'weighted'). You may use labels=[pos_label] to specify a single positive class.
  warnings.warn(

2025-10-31 11:16:00,696:WARNING:C:\Users\User\miniconda3\envs\py3_11_9\Lib\site-packages\sklearn\metrics\_classification.py:1561: UserWarning: Note that pos_label (set to 'G') is ignored when average != 'binary' (got 'weighted'). You may use labels=[pos_label] to specify a single positive class.
  warnings.warn(

2025-10-31 11:16:00,696:WARNING:C:\Users\User\miniconda3\envs\py3_11_9\Lib\site-packages\sklearn\metrics\_classification.py:1509: UndefinedMetricWarning: Precision is ill-defined and being set to 0.0 in labels with no predicted samples. Use `zero_division` parameter to control this behavior.
  _warn_prf(average, modifier, f"{metric.capitalize()} is", len(result))

2025-10-31 11:16:00,699:WARNING:C:\Users\User\miniconda3\envs\py3_11_9\Lib\site-packages\sklearn\metrics\_classification.py:1561: UserWarning: Note that pos_label (set to 'G') is ignored when average != 'binary' (got 'weighted'). You may use labels=[pos_label] to specify a single positive class.
  warnings.warn(

2025-10-31 11:16:00,700:WARNING:C:\Users\User\miniconda3\envs\py3_11_9\Lib\site-packages\sklearn\metrics\_classification.py:1561: UserWarning: Note that pos_label (set to 'G') is ignored when average != 'binary' (got 'weighted'). You may use labels=[pos_label] to specify a single positive class.
  warnings.warn(

2025-10-31 11:16:00,705:WARNING:C:\Users\User\miniconda3\envs\py3_11_9\Lib\site-packages\sklearn\metrics\_classification.py:1561: UserWarning: Note that pos_label (set to 'G') is ignored when average != 'binary' (got 'weighted'). You may use labels=[pos_label] to specify a single positive class.
  warnings.warn(

2025-10-31 11:16:00,708:WARNING:C:\Users\User\miniconda3\envs\py3_11_9\Lib\site-packages\sklearn\metrics\_classification.py:1561: UserWarning: Note that pos_label (set to 'G') is ignored when average != 'binary' (got 'weighted'). You may use labels=[pos_label] to specify a single positive class.
  warnings.warn(

2025-10-31 11:16:00,713:WARNING:C:\Users\User\miniconda3\envs\py3_11_9\Lib\site-packages\sklearn\metrics\_classification.py:1509: UndefinedMetricWarning: Precision is ill-defined and being set to 0.0 in labels with no predicted samples. Use `zero_division` parameter to control this behavior.
  _warn_prf(average, modifier, f"{metric.capitalize()} is", len(result))

2025-10-31 11:16:00,728:WARNING:C:\Users\User\miniconda3\envs\py3_11_9\Lib\site-packages\sklearn\metrics\_classification.py:1561: UserWarning: Note that pos_label (set to 'G') is ignored when average != 'binary' (got 'weighted'). You may use labels=[pos_label] to specify a single positive class.
  warnings.warn(

2025-10-31 11:16:00,792:WARNING:C:\Users\User\miniconda3\envs\py3_11_9\Lib\site-packages\sklearn\metrics\_classification.py:1561: UserWarning: Note that pos_label (set to 'G') is ignored when average != 'binary' (got 'weighted'). You may use labels=[pos_label] to specify a single positive class.
  warnings.warn(

2025-10-31 11:16:00,803:WARNING:C:\Users\User\miniconda3\envs\py3_11_9\Lib\site-packages\sklearn\metrics\_classification.py:1561: UserWarning: Note that pos_label (set to 'G') is ignored when average != 'binary' (got 'weighted'). You may use labels=[pos_label] to specify a single positive class.
  warnings.warn(

2025-10-31 11:16:00,808:WARNING:C:\Users\User\miniconda3\envs\py3_11_9\Lib\site-packages\sklearn\metrics\_classification.py:1509: UndefinedMetricWarning: Precision is ill-defined and being set to 0.0 in labels with no predicted samples. Use `zero_division` parameter to control this behavior.
  _warn_prf(average, modifier, f"{metric.capitalize()} is", len(result))

2025-10-31 11:16:00,812:WARNING:C:\Users\User\miniconda3\envs\py3_11_9\Lib\site-packages\sklearn\metrics\_classification.py:1561: UserWarning: Note that pos_label (set to 'G') is ignored when average != 'binary' (got 'weighted'). You may use labels=[pos_label] to specify a single positive class.
  warnings.warn(

2025-10-31 11:16:00,833:INFO:Calculating mean and std
2025-10-31 11:16:00,834:INFO:Creating metrics dataframe
2025-10-31 11:16:00,835:INFO:Uploading results into container
2025-10-31 11:16:00,835:INFO:Uploading model into container now
2025-10-31 11:16:00,835:INFO:_master_model_container: 7
2025-10-31 11:16:00,836:INFO:_display_container: 2
2025-10-31 11:16:00,836:INFO:RandomForestClassifier(bootstrap=True, ccp_alpha=0.0, class_weight=None,
                       criterion='gini', max_depth=None, max_features='sqrt',
                       max_leaf_nodes=None, max_samples=None,
                       min_impurity_decrease=0.0, min_samples_leaf=1,
                       min_samples_split=2, min_weight_fraction_leaf=0.0,
                       monotonic_cst=None, n_estimators=100, n_jobs=-1,
                       oob_score=False, random_state=123, verbose=0,
                       warm_start=False)
2025-10-31 11:16:00,836:INFO:create_model() successfully completed......................................
2025-10-31 11:16:00,894:INFO:SubProcess create_model() end ==================================
2025-10-31 11:16:00,894:INFO:Creating metrics dataframe
2025-10-31 11:16:00,899:INFO:Initializing Quadratic Discriminant Analysis
2025-10-31 11:16:00,900:INFO:Total runtime is 0.37121034065882363 minutes
2025-10-31 11:16:00,902:INFO:SubProcess create_model() called ==================================
2025-10-31 11:16:00,903:INFO:Initializing create_model()
2025-10-31 11:16:00,903:INFO:create_model(self=<pycaret.classification.oop.ClassificationExperiment object at 0x000002AFB4FC8A90>, estimator=qda, fold=StratifiedKFold(n_splits=10, random_state=None, shuffle=False), round=4, cross_validation=True, predict=True, fit_kwargs={}, groups=None, refit=False, probability_threshold=None, experiment_custom_tags=None, verbose=False, system=False, add_to_model_list=True, metrics=None, display=<pycaret.internal.display.display.CommonDisplay object at 0x000002AFB5024990>, model_only=True, return_train_score=False, error_score=0.0, kwargs={})
2025-10-31 11:16:00,903:INFO:Checking exceptions
2025-10-31 11:16:00,903:INFO:Importing libraries
2025-10-31 11:16:00,903:INFO:Copying training dataset
2025-10-31 11:16:00,909:INFO:Defining folds
2025-10-31 11:16:00,909:INFO:Declaring metric variables
2025-10-31 11:16:00,911:INFO:Importing untrained model
2025-10-31 11:16:00,913:INFO:Quadratic Discriminant Analysis Imported successfully
2025-10-31 11:16:00,920:INFO:Starting cross validation
2025-10-31 11:16:00,921:INFO:Cross validating with StratifiedKFold(n_splits=10, random_state=None, shuffle=False), n_jobs=-1
2025-10-31 11:16:01,138:WARNING:C:\Users\User\miniconda3\envs\py3_11_9\Lib\site-packages\sklearn\discriminant_analysis.py:935: UserWarning: Variables are collinear
  warnings.warn("Variables are collinear")

2025-10-31 11:16:01,152:WARNING:C:\Users\User\miniconda3\envs\py3_11_9\Lib\site-packages\sklearn\discriminant_analysis.py:935: UserWarning: Variables are collinear
  warnings.warn("Variables are collinear")

2025-10-31 11:16:01,169:WARNING:C:\Users\User\miniconda3\envs\py3_11_9\Lib\site-packages\sklearn\discriminant_analysis.py:935: UserWarning: Variables are collinear
  warnings.warn("Variables are collinear")

2025-10-31 11:16:01,173:WARNING:C:\Users\User\miniconda3\envs\py3_11_9\Lib\site-packages\sklearn\discriminant_analysis.py:935: UserWarning: Variables are collinear
  warnings.warn("Variables are collinear")

2025-10-31 11:16:01,196:WARNING:C:\Users\User\miniconda3\envs\py3_11_9\Lib\site-packages\sklearn\discriminant_analysis.py:935: UserWarning: Variables are collinear
  warnings.warn("Variables are collinear")

2025-10-31 11:16:01,205:WARNING:C:\Users\User\miniconda3\envs\py3_11_9\Lib\site-packages\sklearn\discriminant_analysis.py:935: UserWarning: Variables are collinear
  warnings.warn("Variables are collinear")

2025-10-31 11:16:01,207:WARNING:C:\Users\User\miniconda3\envs\py3_11_9\Lib\site-packages\sklearn\discriminant_analysis.py:935: UserWarning: Variables are collinear
  warnings.warn("Variables are collinear")

2025-10-31 11:16:01,207:WARNING:C:\Users\User\miniconda3\envs\py3_11_9\Lib\site-packages\sklearn\discriminant_analysis.py:935: UserWarning: Variables are collinear
  warnings.warn("Variables are collinear")

2025-10-31 11:16:01,212:WARNING:C:\Users\User\miniconda3\envs\py3_11_9\Lib\site-packages\sklearn\discriminant_analysis.py:960: RuntimeWarning: divide by zero encountered in power
  X2 = np.dot(Xm, R * (S ** (-0.5)))

2025-10-31 11:16:01,212:WARNING:C:\Users\User\miniconda3\envs\py3_11_9\Lib\site-packages\sklearn\discriminant_analysis.py:935: UserWarning: Variables are collinear
  warnings.warn("Variables are collinear")

2025-10-31 11:16:01,212:WARNING:C:\Users\User\miniconda3\envs\py3_11_9\Lib\site-packages\sklearn\discriminant_analysis.py:960: RuntimeWarning: invalid value encountered in multiply
  X2 = np.dot(Xm, R * (S ** (-0.5)))

2025-10-31 11:16:01,213:WARNING:C:\Users\User\miniconda3\envs\py3_11_9\Lib\site-packages\sklearn\discriminant_analysis.py:935: UserWarning: Variables are collinear
  warnings.warn("Variables are collinear")

2025-10-31 11:16:01,215:WARNING:C:\Users\User\miniconda3\envs\py3_11_9\Lib\site-packages\sklearn\discriminant_analysis.py:963: RuntimeWarning: divide by zero encountered in log
  u = np.asarray([np.sum(np.log(s)) for s in self.scalings_])

2025-10-31 11:16:01,223:WARNING:C:\Users\User\miniconda3\envs\py3_11_9\Lib\site-packages\sklearn\discriminant_analysis.py:960: RuntimeWarning: divide by zero encountered in power
  X2 = np.dot(Xm, R * (S ** (-0.5)))

2025-10-31 11:16:01,223:WARNING:C:\Users\User\miniconda3\envs\py3_11_9\Lib\site-packages\sklearn\discriminant_analysis.py:960: RuntimeWarning: invalid value encountered in multiply
  X2 = np.dot(Xm, R * (S ** (-0.5)))

2025-10-31 11:16:01,226:WARNING:C:\Users\User\miniconda3\envs\py3_11_9\Lib\site-packages\sklearn\discriminant_analysis.py:963: RuntimeWarning: divide by zero encountered in log
  u = np.asarray([np.sum(np.log(s)) for s in self.scalings_])

2025-10-31 11:16:01,231:WARNING:C:\Users\User\miniconda3\envs\py3_11_9\Lib\site-packages\pycaret\internal\metrics.py:204: FitFailedWarning: Metric 'make_scorer(roc_auc_score, response_method=('decision_function', 'predict_proba'), average=weighted, multi_class=ovr)' failed and error score 0.0 has been returned instead. If this is a custom metric, this usually means that the error is in the metric code. Full exception below:
Traceback (most recent call last):
  File "C:\Users\User\miniconda3\envs\py3_11_9\Lib\site-packages\pycaret\internal\metrics.py", line 196, in _score
    return super()._score(
           ^^^^^^^^^^^^^^^
  File "C:\Users\User\miniconda3\envs\py3_11_9\Lib\site-packages\sklearn\metrics\_scorer.py", line 350, in _score
    return self._sign * self._score_func(y_true, y_pred, **scoring_kwargs)
                        ^^^^^^^^^^^^^^^^^^^^^^^^^^^^^^^^^^^^^^^^^^^^^^^^^^
  File "C:\Users\User\miniconda3\envs\py3_11_9\Lib\site-packages\pycaret\internal\metrics.py", line 144, in __call__
    return self.score_func(y_true, y_pred, **kwargs)
           ^^^^^^^^^^^^^^^^^^^^^^^^^^^^^^^^^^^^^^^^^
  File "C:\Users\User\miniconda3\envs\py3_11_9\Lib\site-packages\sklearn\utils\_param_validation.py", line 213, in wrapper
    return func(*args, **kwargs)
           ^^^^^^^^^^^^^^^^^^^^^
  File "C:\Users\User\miniconda3\envs\py3_11_9\Lib\site-packages\sklearn\metrics\_ranking.py", line 619, in roc_auc_score
    y_score = check_array(y_score, ensure_2d=False)
              ^^^^^^^^^^^^^^^^^^^^^^^^^^^^^^^^^^^^^
  File "C:\Users\User\miniconda3\envs\py3_11_9\Lib\site-packages\sklearn\utils\validation.py", line 1049, in check_array
    _assert_all_finite(
  File "C:\Users\User\miniconda3\envs\py3_11_9\Lib\site-packages\sklearn\utils\validation.py", line 126, in _assert_all_finite
    _assert_all_finite_element_wise(
  File "C:\Users\User\miniconda3\envs\py3_11_9\Lib\site-packages\sklearn\utils\validation.py", line 175, in _assert_all_finite_element_wise
    raise ValueError(msg_err)
ValueError: Input contains NaN.

  warnings.warn(

2025-10-31 11:16:01,233:WARNING:C:\Users\User\miniconda3\envs\py3_11_9\Lib\site-packages\sklearn\discriminant_analysis.py:960: RuntimeWarning: divide by zero encountered in power
  X2 = np.dot(Xm, R * (S ** (-0.5)))

2025-10-31 11:16:01,233:WARNING:C:\Users\User\miniconda3\envs\py3_11_9\Lib\site-packages\sklearn\discriminant_analysis.py:960: RuntimeWarning: invalid value encountered in multiply
  X2 = np.dot(Xm, R * (S ** (-0.5)))

2025-10-31 11:16:01,235:WARNING:C:\Users\User\miniconda3\envs\py3_11_9\Lib\site-packages\sklearn\discriminant_analysis.py:960: RuntimeWarning: divide by zero encountered in power
  X2 = np.dot(Xm, R * (S ** (-0.5)))

2025-10-31 11:16:01,235:WARNING:C:\Users\User\miniconda3\envs\py3_11_9\Lib\site-packages\sklearn\discriminant_analysis.py:960: RuntimeWarning: invalid value encountered in multiply
  X2 = np.dot(Xm, R * (S ** (-0.5)))

2025-10-31 11:16:01,237:WARNING:C:\Users\User\miniconda3\envs\py3_11_9\Lib\site-packages\sklearn\discriminant_analysis.py:963: RuntimeWarning: divide by zero encountered in log
  u = np.asarray([np.sum(np.log(s)) for s in self.scalings_])

2025-10-31 11:16:01,238:WARNING:C:\Users\User\miniconda3\envs\py3_11_9\Lib\site-packages\sklearn\discriminant_analysis.py:963: RuntimeWarning: divide by zero encountered in log
  u = np.asarray([np.sum(np.log(s)) for s in self.scalings_])

2025-10-31 11:16:01,240:WARNING:C:\Users\User\miniconda3\envs\py3_11_9\Lib\site-packages\sklearn\metrics\_classification.py:1561: UserWarning: Note that pos_label (set to 'G') is ignored when average != 'binary' (got 'weighted'). You may use labels=[pos_label] to specify a single positive class.
  warnings.warn(

2025-10-31 11:16:01,241:WARNING:C:\Users\User\miniconda3\envs\py3_11_9\Lib\site-packages\sklearn\discriminant_analysis.py:960: RuntimeWarning: divide by zero encountered in power
  X2 = np.dot(Xm, R * (S ** (-0.5)))

2025-10-31 11:16:01,241:WARNING:C:\Users\User\miniconda3\envs\py3_11_9\Lib\site-packages\sklearn\discriminant_analysis.py:960: RuntimeWarning: invalid value encountered in multiply
  X2 = np.dot(Xm, R * (S ** (-0.5)))

2025-10-31 11:16:01,245:WARNING:C:\Users\User\miniconda3\envs\py3_11_9\Lib\site-packages\sklearn\discriminant_analysis.py:963: RuntimeWarning: divide by zero encountered in log
  u = np.asarray([np.sum(np.log(s)) for s in self.scalings_])

2025-10-31 11:16:01,245:WARNING:C:\Users\User\miniconda3\envs\py3_11_9\Lib\site-packages\sklearn\discriminant_analysis.py:960: RuntimeWarning: divide by zero encountered in power
  X2 = np.dot(Xm, R * (S ** (-0.5)))

2025-10-31 11:16:01,245:WARNING:C:\Users\User\miniconda3\envs\py3_11_9\Lib\site-packages\sklearn\discriminant_analysis.py:960: RuntimeWarning: invalid value encountered in multiply
  X2 = np.dot(Xm, R * (S ** (-0.5)))

2025-10-31 11:16:01,245:WARNING:C:\Users\User\miniconda3\envs\py3_11_9\Lib\site-packages\sklearn\discriminant_analysis.py:960: RuntimeWarning: divide by zero encountered in power
  X2 = np.dot(Xm, R * (S ** (-0.5)))

2025-10-31 11:16:01,246:WARNING:C:\Users\User\miniconda3\envs\py3_11_9\Lib\site-packages\sklearn\discriminant_analysis.py:960: RuntimeWarning: invalid value encountered in multiply
  X2 = np.dot(Xm, R * (S ** (-0.5)))

2025-10-31 11:16:01,248:WARNING:C:\Users\User\miniconda3\envs\py3_11_9\Lib\site-packages\sklearn\discriminant_analysis.py:963: RuntimeWarning: divide by zero encountered in log
  u = np.asarray([np.sum(np.log(s)) for s in self.scalings_])

2025-10-31 11:16:01,249:WARNING:C:\Users\User\miniconda3\envs\py3_11_9\Lib\site-packages\sklearn\discriminant_analysis.py:963: RuntimeWarning: divide by zero encountered in log
  u = np.asarray([np.sum(np.log(s)) for s in self.scalings_])

2025-10-31 11:16:01,251:WARNING:C:\Users\User\miniconda3\envs\py3_11_9\Lib\site-packages\pycaret\internal\metrics.py:204: FitFailedWarning: Metric 'make_scorer(roc_auc_score, response_method=('decision_function', 'predict_proba'), average=weighted, multi_class=ovr)' failed and error score 0.0 has been returned instead. If this is a custom metric, this usually means that the error is in the metric code. Full exception below:
Traceback (most recent call last):
  File "C:\Users\User\miniconda3\envs\py3_11_9\Lib\site-packages\pycaret\internal\metrics.py", line 196, in _score
    return super()._score(
           ^^^^^^^^^^^^^^^
  File "C:\Users\User\miniconda3\envs\py3_11_9\Lib\site-packages\sklearn\metrics\_scorer.py", line 350, in _score
    return self._sign * self._score_func(y_true, y_pred, **scoring_kwargs)
                        ^^^^^^^^^^^^^^^^^^^^^^^^^^^^^^^^^^^^^^^^^^^^^^^^^^
  File "C:\Users\User\miniconda3\envs\py3_11_9\Lib\site-packages\pycaret\internal\metrics.py", line 144, in __call__
    return self.score_func(y_true, y_pred, **kwargs)
           ^^^^^^^^^^^^^^^^^^^^^^^^^^^^^^^^^^^^^^^^^
  File "C:\Users\User\miniconda3\envs\py3_11_9\Lib\site-packages\sklearn\utils\_param_validation.py", line 213, in wrapper
    return func(*args, **kwargs)
           ^^^^^^^^^^^^^^^^^^^^^
  File "C:\Users\User\miniconda3\envs\py3_11_9\Lib\site-packages\sklearn\metrics\_ranking.py", line 619, in roc_auc_score
    y_score = check_array(y_score, ensure_2d=False)
              ^^^^^^^^^^^^^^^^^^^^^^^^^^^^^^^^^^^^^
  File "C:\Users\User\miniconda3\envs\py3_11_9\Lib\site-packages\sklearn\utils\validation.py", line 1049, in check_array
    _assert_all_finite(
  File "C:\Users\User\miniconda3\envs\py3_11_9\Lib\site-packages\sklearn\utils\validation.py", line 126, in _assert_all_finite
    _assert_all_finite_element_wise(
  File "C:\Users\User\miniconda3\envs\py3_11_9\Lib\site-packages\sklearn\utils\validation.py", line 175, in _assert_all_finite_element_wise
    raise ValueError(msg_err)
ValueError: Input contains NaN.

  warnings.warn(

2025-10-31 11:16:01,253:WARNING:C:\Users\User\miniconda3\envs\py3_11_9\Lib\site-packages\sklearn\discriminant_analysis.py:960: RuntimeWarning: divide by zero encountered in power
  X2 = np.dot(Xm, R * (S ** (-0.5)))

2025-10-31 11:16:01,254:WARNING:C:\Users\User\miniconda3\envs\py3_11_9\Lib\site-packages\sklearn\discriminant_analysis.py:960: RuntimeWarning: invalid value encountered in multiply
  X2 = np.dot(Xm, R * (S ** (-0.5)))

2025-10-31 11:16:01,255:WARNING:C:\Users\User\miniconda3\envs\py3_11_9\Lib\site-packages\pycaret\internal\metrics.py:204: FitFailedWarning: Metric 'make_scorer(roc_auc_score, response_method=('decision_function', 'predict_proba'), average=weighted, multi_class=ovr)' failed and error score 0.0 has been returned instead. If this is a custom metric, this usually means that the error is in the metric code. Full exception below:
Traceback (most recent call last):
  File "C:\Users\User\miniconda3\envs\py3_11_9\Lib\site-packages\pycaret\internal\metrics.py", line 196, in _score
    return super()._score(
           ^^^^^^^^^^^^^^^
  File "C:\Users\User\miniconda3\envs\py3_11_9\Lib\site-packages\sklearn\metrics\_scorer.py", line 350, in _score
    return self._sign * self._score_func(y_true, y_pred, **scoring_kwargs)
                        ^^^^^^^^^^^^^^^^^^^^^^^^^^^^^^^^^^^^^^^^^^^^^^^^^^
  File "C:\Users\User\miniconda3\envs\py3_11_9\Lib\site-packages\pycaret\internal\metrics.py", line 144, in __call__
    return self.score_func(y_true, y_pred, **kwargs)
           ^^^^^^^^^^^^^^^^^^^^^^^^^^^^^^^^^^^^^^^^^
  File "C:\Users\User\miniconda3\envs\py3_11_9\Lib\site-packages\sklearn\utils\_param_validation.py", line 213, in wrapper
    return func(*args, **kwargs)
           ^^^^^^^^^^^^^^^^^^^^^
  File "C:\Users\User\miniconda3\envs\py3_11_9\Lib\site-packages\sklearn\metrics\_ranking.py", line 619, in roc_auc_score
    y_score = check_array(y_score, ensure_2d=False)
              ^^^^^^^^^^^^^^^^^^^^^^^^^^^^^^^^^^^^^
  File "C:\Users\User\miniconda3\envs\py3_11_9\Lib\site-packages\sklearn\utils\validation.py", line 1049, in check_array
    _assert_all_finite(
  File "C:\Users\User\miniconda3\envs\py3_11_9\Lib\site-packages\sklearn\utils\validation.py", line 126, in _assert_all_finite
    _assert_all_finite_element_wise(
  File "C:\Users\User\miniconda3\envs\py3_11_9\Lib\site-packages\sklearn\utils\validation.py", line 175, in _assert_all_finite_element_wise
    raise ValueError(msg_err)
ValueError: Input contains NaN.

  warnings.warn(

2025-10-31 11:16:01,258:WARNING:C:\Users\User\miniconda3\envs\py3_11_9\Lib\site-packages\sklearn\discriminant_analysis.py:963: RuntimeWarning: divide by zero encountered in log
  u = np.asarray([np.sum(np.log(s)) for s in self.scalings_])

2025-10-31 11:16:01,258:WARNING:C:\Users\User\miniconda3\envs\py3_11_9\Lib\site-packages\sklearn\metrics\_classification.py:1561: UserWarning: Note that pos_label (set to 'G') is ignored when average != 'binary' (got 'weighted'). You may use labels=[pos_label] to specify a single positive class.
  warnings.warn(

2025-10-31 11:16:01,258:WARNING:C:\Users\User\miniconda3\envs\py3_11_9\Lib\site-packages\sklearn\metrics\_classification.py:1561: UserWarning: Note that pos_label (set to 'G') is ignored when average != 'binary' (got 'weighted'). You may use labels=[pos_label] to specify a single positive class.
  warnings.warn(

2025-10-31 11:16:01,263:WARNING:C:\Users\User\miniconda3\envs\py3_11_9\Lib\site-packages\pycaret\internal\metrics.py:204: FitFailedWarning: Metric 'make_scorer(roc_auc_score, response_method=('decision_function', 'predict_proba'), average=weighted, multi_class=ovr)' failed and error score 0.0 has been returned instead. If this is a custom metric, this usually means that the error is in the metric code. Full exception below:
Traceback (most recent call last):
  File "C:\Users\User\miniconda3\envs\py3_11_9\Lib\site-packages\pycaret\internal\metrics.py", line 196, in _score
    return super()._score(
           ^^^^^^^^^^^^^^^
  File "C:\Users\User\miniconda3\envs\py3_11_9\Lib\site-packages\sklearn\metrics\_scorer.py", line 350, in _score
    return self._sign * self._score_func(y_true, y_pred, **scoring_kwargs)
                        ^^^^^^^^^^^^^^^^^^^^^^^^^^^^^^^^^^^^^^^^^^^^^^^^^^
  File "C:\Users\User\miniconda3\envs\py3_11_9\Lib\site-packages\pycaret\internal\metrics.py", line 144, in __call__
    return self.score_func(y_true, y_pred, **kwargs)
           ^^^^^^^^^^^^^^^^^^^^^^^^^^^^^^^^^^^^^^^^^
  File "C:\Users\User\miniconda3\envs\py3_11_9\Lib\site-packages\sklearn\utils\_param_validation.py", line 213, in wrapper
    return func(*args, **kwargs)
           ^^^^^^^^^^^^^^^^^^^^^
  File "C:\Users\User\miniconda3\envs\py3_11_9\Lib\site-packages\sklearn\metrics\_ranking.py", line 619, in roc_auc_score
    y_score = check_array(y_score, ensure_2d=False)
              ^^^^^^^^^^^^^^^^^^^^^^^^^^^^^^^^^^^^^
  File "C:\Users\User\miniconda3\envs\py3_11_9\Lib\site-packages\sklearn\utils\validation.py", line 1049, in check_array
    _assert_all_finite(
  File "C:\Users\User\miniconda3\envs\py3_11_9\Lib\site-packages\sklearn\utils\validation.py", line 126, in _assert_all_finite
    _assert_all_finite_element_wise(
  File "C:\Users\User\miniconda3\envs\py3_11_9\Lib\site-packages\sklearn\utils\validation.py", line 175, in _assert_all_finite_element_wise
    raise ValueError(msg_err)
ValueError: Input contains NaN.

  warnings.warn(

2025-10-31 11:16:01,267:WARNING:C:\Users\User\miniconda3\envs\py3_11_9\Lib\site-packages\sklearn\metrics\_classification.py:1509: UndefinedMetricWarning: Precision is ill-defined and being set to 0.0 in labels with no predicted samples. Use `zero_division` parameter to control this behavior.
  _warn_prf(average, modifier, f"{metric.capitalize()} is", len(result))

2025-10-31 11:16:01,268:WARNING:C:\Users\User\miniconda3\envs\py3_11_9\Lib\site-packages\sklearn\metrics\_classification.py:1561: UserWarning: Note that pos_label (set to 'G') is ignored when average != 'binary' (got 'weighted'). You may use labels=[pos_label] to specify a single positive class.
  warnings.warn(

2025-10-31 11:16:01,271:WARNING:C:\Users\User\miniconda3\envs\py3_11_9\Lib\site-packages\sklearn\discriminant_analysis.py:960: RuntimeWarning: divide by zero encountered in power
  X2 = np.dot(Xm, R * (S ** (-0.5)))

2025-10-31 11:16:01,271:WARNING:C:\Users\User\miniconda3\envs\py3_11_9\Lib\site-packages\sklearn\discriminant_analysis.py:960: RuntimeWarning: invalid value encountered in multiply
  X2 = np.dot(Xm, R * (S ** (-0.5)))

2025-10-31 11:16:01,273:WARNING:C:\Users\User\miniconda3\envs\py3_11_9\Lib\site-packages\sklearn\metrics\_classification.py:1561: UserWarning: Note that pos_label (set to 'G') is ignored when average != 'binary' (got 'weighted'). You may use labels=[pos_label] to specify a single positive class.
  warnings.warn(

2025-10-31 11:16:01,274:WARNING:C:\Users\User\miniconda3\envs\py3_11_9\Lib\site-packages\sklearn\discriminant_analysis.py:960: RuntimeWarning: divide by zero encountered in power
  X2 = np.dot(Xm, R * (S ** (-0.5)))

2025-10-31 11:16:01,275:WARNING:C:\Users\User\miniconda3\envs\py3_11_9\Lib\site-packages\sklearn\discriminant_analysis.py:960: RuntimeWarning: invalid value encountered in multiply
  X2 = np.dot(Xm, R * (S ** (-0.5)))

2025-10-31 11:16:01,275:WARNING:C:\Users\User\miniconda3\envs\py3_11_9\Lib\site-packages\sklearn\metrics\_classification.py:1561: UserWarning: Note that pos_label (set to 'G') is ignored when average != 'binary' (got 'weighted'). You may use labels=[pos_label] to specify a single positive class.
  warnings.warn(

2025-10-31 11:16:01,275:WARNING:C:\Users\User\miniconda3\envs\py3_11_9\Lib\site-packages\sklearn\discriminant_analysis.py:963: RuntimeWarning: divide by zero encountered in log
  u = np.asarray([np.sum(np.log(s)) for s in self.scalings_])

2025-10-31 11:16:01,278:WARNING:C:\Users\User\miniconda3\envs\py3_11_9\Lib\site-packages\sklearn\discriminant_analysis.py:963: RuntimeWarning: divide by zero encountered in log
  u = np.asarray([np.sum(np.log(s)) for s in self.scalings_])

abels=[pos_label] to specify a single positive class.
  warnings.warn(

2025-10-31 11:16:01,281:WARNING:C:\Users\User\miniconda3\envs\py3_11_9\Lib\site-packages\sklearn\discriminant_analysis.py:960: RuntimeWarning: divide by zero encountered in power
  X2 = np.dot(Xm, R * (S ** (-0.5)))

2025-10-31 11:16:01,281:WARNING:C:\Users\User\miniconda3\envs\py3_11_9\Lib\site-packages\sklearn\discriminant_analysis.py:960: RuntimeWarning: divide by zero encountered in power
  X2 = np.dot(Xm, R * (S ** (-0.5)))

2025-10-31 11:16:01,281:WARNING:C:\Users\User\miniconda3\envs\py3_11_9\Lib\site-packages\sklearn\discriminant_analysis.py:960: RuntimeWarning: invalid value encountered in multiply
  X2 = np.dot(Xm, R * (S ** (-0.5)))

2025-10-31 11:16:01,281:WARNING:C:\Users\User\miniconda3\envs\py3_11_9\Lib\site-packages\sklearn\discriminant_analysis.py:960: RuntimeWarning: invalid value encountered in multiply
  X2 = np.dot(Xm, R * (S ** (-0.5)))

2025-10-31 11:16:01,282:WARNING:C:\Users\User\miniconda3\envs\py3_11_9\Lib\site-packages\sklearn\discriminant_analysis.py:960: RuntimeWarning: divide by zero encountered in power
  X2 = np.dot(Xm, R * (S ** (-0.5)))

2025-10-31 11:16:01,282:WARNING:C:\Users\User\miniconda3\envs\py3_11_9\Lib\site-packages\sklearn\discriminant_analysis.py:960: RuntimeWarning: invalid value encountered in multiply
  X2 = np.dot(Xm, R * (S ** (-0.5)))

2025-10-31 11:16:01,283:WARNING:C:\Users\User\miniconda3\envs\py3_11_9\Lib\site-packages\sklearn\discriminant_analysis.py:963: RuntimeWarning: divide by zero encountered in log
  u = np.asarray([np.sum(np.log(s)) for s in self.scalings_])

2025-10-31 11:16:01,283:WARNING:C:\Users\User\miniconda3\envs\py3_11_9\Lib\site-packages\sklearn\discriminant_analysis.py:960: RuntimeWarning: divide by zero encountered in power
  X2 = np.dot(Xm, R * (S ** (-0.5)))

2025-10-31 11:16:01,284:WARNING:C:\Users\User\miniconda3\envs\py3_11_9\Lib\site-packages\sklearn\discriminant_analysis.py:960: RuntimeWarning: invalid value encountered in multiply
  X2 = np.dot(Xm, R * (S ** (-0.5)))

2025-10-31 11:16:01,284:WARNING:C:\Users\User\miniconda3\envs\py3_11_9\Lib\site-packages\sklearn\discriminant_analysis.py:963: RuntimeWarning: divide by zero encountered in log
  u = np.asarray([np.sum(np.log(s)) for s in self.scalings_])

2025-10-31 11:16:01,284:WARNING:C:\Users\User\miniconda3\envs\py3_11_9\Lib\site-packages\sklearn\discriminant_analysis.py:963: RuntimeWarning: divide by zero encountered in log
  u = np.asarray([np.sum(np.log(s)) for s in self.scalings_])

2025-10-31 11:16:01,285:WARNING:C:\Users\User\miniconda3\envs\py3_11_9\Lib\site-packages\sklearn\discriminant_analysis.py:960: RuntimeWarning: divide by zero encountered in power
  X2 = np.dot(Xm, R * (S ** (-0.5)))

2025-10-31 11:16:01,286:WARNING:C:\Users\User\miniconda3\envs\py3_11_9\Lib\site-packages\sklearn\discriminant_analysis.py:960: RuntimeWarning: invalid value encountered in multiply
  X2 = np.dot(Xm, R * (S ** (-0.5)))

2025-10-31 11:16:01,287:WARNING:C:\Users\User\miniconda3\envs\py3_11_9\Lib\site-packages\sklearn\discriminant_analysis.py:963: RuntimeWarning: divide by zero encountered in log
  u = np.asarray([np.sum(np.log(s)) for s in self.scalings_])

2025-10-31 11:16:01,288:WARNING:C:\Users\User\miniconda3\envs\py3_11_9\Lib\site-packages\sklearn\metrics\_classification.py:1509: UndefinedMetricWarning: Precision is ill-defined and being set to 0.0 in labels with no predicted samples. Use `zero_division` parameter to control this behavior.
  _warn_prf(average, modifier, f"{metric.capitalize()} is", len(result))

2025-10-31 11:16:01,288:WARNING:C:\Users\User\miniconda3\envs\py3_11_9\Lib\site-packages\sklearn\discriminant_analysis.py:963: RuntimeWarning: divide by zero encountered in log
  u = np.asarray([np.sum(np.log(s)) for s in self.scalings_])

2025-10-31 11:16:01,289:WARNING:C:\Users\User\miniconda3\envs\py3_11_9\Lib\site-packages\pycaret\internal\metrics.py:204: FitFailedWarning: Metric 'make_scorer(roc_auc_score, response_method=('decision_function', 'predict_proba'), average=weighted, multi_class=ovr)' failed and error score 0.0 has been returned instead. If this is a custom metric, this usually means that the error is in the metric code. Full exception below:
Traceback (most recent call last):
  File "C:\Users\User\miniconda3\envs\py3_11_9\Lib\site-packages\pycaret\internal\metrics.py", line 196, in _score
    return super()._score(
           ^^^^^^^^^^^^^^^
  File "C:\Users\User\miniconda3\envs\py3_11_9\Lib\site-packages\sklearn\metrics\_scorer.py", line 350, in _score
    return self._sign * self._score_func(y_true, y_pred, **scoring_kwargs)
                        ^^^^^^^^^^^^^^^^^^^^^^^^^^^^^^^^^^^^^^^^^^^^^^^^^^
  File "C:\Users\User\miniconda3\envs\py3_11_9\Lib\site-packages\pycaret\internal\metrics.py", line 144, in __call__
    return self.score_func(y_true, y_pred, **kwargs)
           ^^^^^^^^^^^^^^^^^^^^^^^^^^^^^^^^^^^^^^^^^
  File "C:\Users\User\miniconda3\envs\py3_11_9\Lib\site-packages\sklearn\utils\_param_validation.py", line 213, in wrapper
    return func(*args, **kwargs)
           ^^^^^^^^^^^^^^^^^^^^^
  File "C:\Users\User\miniconda3\envs\py3_11_9\Lib\site-packages\sklearn\metrics\_ranking.py", line 619, in roc_auc_score
    y_score = check_array(y_score, ensure_2d=False)
              ^^^^^^^^^^^^^^^^^^^^^^^^^^^^^^^^^^^^^
  File "C:\Users\User\miniconda3\envs\py3_11_9\Lib\site-packages\sklearn\utils\validation.py", line 1049, in check_array
    _assert_all_finite(
  File "C:\Users\User\miniconda3\envs\py3_11_9\Lib\site-packages\sklearn\utils\validation.py", line 126, in _assert_all_finite
    _assert_all_finite_element_wise(
  File "C:\Users\User\miniconda3\envs\py3_11_9\Lib\site-packages\sklearn\utils\validation.py", line 175, in _assert_all_finite_element_wise
    raise ValueError(msg_err)
ValueError: Input contains NaN.

  warnings.warn(

2025-10-31 11:16:01,290:WARNING:C:\Users\User\miniconda3\envs\py3_11_9\Lib\site-packages\sklearn\discriminant_analysis.py:960: RuntimeWarning: divide by zero encountered in power
  X2 = np.dot(Xm, R * (S ** (-0.5)))

2025-10-31 11:16:01,290:WARNING:C:\Users\User\miniconda3\envs\py3_11_9\Lib\site-packages\sklearn\metrics\_classification.py:1561: UserWarning: Note that pos_label (set to 'G') is ignored when average != 'binary' (got 'weighted'). You may use labels=[pos_label] to specify a single positive class.
  warnings.warn(

2025-10-31 11:16:01,290:WARNING:C:\Users\User\miniconda3\envs\py3_11_9\Lib\site-packages\sklearn\discriminant_analysis.py:960: RuntimeWarning: invalid value encountered in multiply
  X2 = np.dot(Xm, R * (S ** (-0.5)))

2025-10-31 11:16:01,290:WARNING:C:\Users\User\miniconda3\envs\py3_11_9\Lib\site-packages\sklearn\discriminant_analysis.py:960: RuntimeWarning: divide by zero encountered in power
  X2 = np.dot(Xm, R * (S ** (-0.5)))

2025-10-31 11:16:01,290:WARNING:C:\Users\User\miniconda3\envs\py3_11_9\Lib\site-packages\sklearn\discriminant_analysis.py:960: RuntimeWarning: invalid value encountered in multiply
  X2 = np.dot(Xm, R * (S ** (-0.5)))

2025-10-31 11:16:01,291:WARNING:C:\Users\User\miniconda3\envs\py3_11_9\Lib\site-packages\sklearn\discriminant_analysis.py:963: RuntimeWarning: divide by zero encountered in log
  u = np.asarray([np.sum(np.log(s)) for s in self.scalings_])

2025-10-31 11:16:01,291:WARNING:C:\Users\User\miniconda3\envs\py3_11_9\Lib\site-packages\pycaret\internal\metrics.py:204: FitFailedWarning: Metric 'make_scorer(roc_auc_score, response_method=('decision_function', 'predict_proba'), average=weighted, multi_class=ovr)' failed and error score 0.0 has been returned instead. If this is a custom metric, this usually means that the error is in the metric code. Full exception below:
Traceback (most recent call last):
  File "C:\Users\User\miniconda3\envs\py3_11_9\Lib\site-packages\pycaret\internal\metrics.py", line 196, in _score
    return super()._score(
           ^^^^^^^^^^^^^^^
  File "C:\Users\User\miniconda3\envs\py3_11_9\Lib\site-packages\sklearn\metrics\_scorer.py", line 350, in _score
    return self._sign * self._score_func(y_true, y_pred, **scoring_kwargs)
                        ^^^^^^^^^^^^^^^^^^^^^^^^^^^^^^^^^^^^^^^^^^^^^^^^^^
  File "C:\Users\User\miniconda3\envs\py3_11_9\Lib\site-packages\pycaret\internal\metrics.py", line 144, in __call__
    return self.score_func(y_true, y_pred, **kwargs)
           ^^^^^^^^^^^^^^^^^^^^^^^^^^^^^^^^^^^^^^^^^
  File "C:\Users\User\miniconda3\envs\py3_11_9\Lib\site-packages\sklearn\utils\_param_validation.py", line 213, in wrapper
    return func(*args, **kwargs)
           ^^^^^^^^^^^^^^^^^^^^^
  File "C:\Users\User\miniconda3\envs\py3_11_9\Lib\site-packages\sklearn\metrics\_ranking.py", line 634, in roc_auc_score
    return _multiclass_roc_auc_score(
           ^^^^^^^^^^^^^^^^^^^^^^^^^^
  File "C:\Users\User\miniconda3\envs\py3_11_9\Lib\site-packages\sklearn\metrics\_ranking.py", line 707, in _multiclass_roc_auc_score
    raise ValueError(
ValueError: Target scores need to be probabilities for multiclass roc_auc, i.e. they should sum up to 1.0 over classes

  warnings.warn(

2025-10-31 11:16:01,292:WARNING:C:\Users\User\miniconda3\envs\py3_11_9\Lib\site-packages\pycaret\internal\metrics.py:204: FitFailedWarning: Metric 'make_scorer(roc_auc_score, response_method=('decision_function', 'predict_proba'), average=weighted, multi_class=ovr)' failed and error score 0.0 has been returned instead. If this is a custom metric, this usually means that the error is in the metric code. Full exception below:
Traceback (most recent call last):
  File "C:\Users\User\miniconda3\envs\py3_11_9\Lib\site-packages\pycaret\internal\metrics.py", line 196, in _score
    return super()._score(
           ^^^^^^^^^^^^^^^
  File "C:\Users\User\miniconda3\envs\py3_11_9\Lib\site-packages\sklearn\metrics\_scorer.py", line 350, in _score
    return self._sign * self._score_func(y_true, y_pred, **scoring_kwargs)
                        ^^^^^^^^^^^^^^^^^^^^^^^^^^^^^^^^^^^^^^^^^^^^^^^^^^
  File "C:\Users\User\miniconda3\envs\py3_11_9\Lib\site-packages\pycaret\internal\metrics.py", line 144, in __call__
    return self.score_func(y_true, y_pred, **kwargs)
           ^^^^^^^^^^^^^^^^^^^^^^^^^^^^^^^^^^^^^^^^^
  File "C:\Users\User\miniconda3\envs\py3_11_9\Lib\site-packages\sklearn\utils\_param_validation.py", line 213, in wrapper
    return func(*args, **kwargs)
           ^^^^^^^^^^^^^^^^^^^^^
  File "C:\Users\User\miniconda3\envs\py3_11_9\Lib\site-packages\sklearn\metrics\_ranking.py", line 619, in roc_auc_score
    y_score = check_array(y_score, ensure_2d=False)
              ^^^^^^^^^^^^^^^^^^^^^^^^^^^^^^^^^^^^^
  File "C:\Users\User\miniconda3\envs\py3_11_9\Lib\site-packages\sklearn\utils\validation.py", line 1049, in check_array
    _assert_all_finite(
  File "C:\Users\User\miniconda3\envs\py3_11_9\Lib\site-packages\sklearn\utils\validation.py", line 126, in _assert_all_finite
    _assert_all_finite_element_wise(
  File "C:\Users\User\miniconda3\envs\py3_11_9\Lib\site-packages\sklearn\utils\validation.py", line 175, in _assert_all_finite_element_wise
    raise ValueError(msg_err)
ValueError: Input contains NaN.

  warnings.warn(

2025-10-31 11:16:01,293:WARNING:C:\Users\User\miniconda3\envs\py3_11_9\Lib\site-packages\sklearn\discriminant_analysis.py:960: RuntimeWarning: divide by zero encountered in power
  X2 = np.dot(Xm, R * (S ** (-0.5)))

2025-10-31 11:16:01,293:WARNING:C:\Users\User\miniconda3\envs\py3_11_9\Lib\site-packages\sklearn\discriminant_analysis.py:960: RuntimeWarning: invalid value encountered in multiply
  X2 = np.dot(Xm, R * (S ** (-0.5)))

2025-10-31 11:16:01,293:WARNING:C:\Users\User\miniconda3\envs\py3_11_9\Lib\site-packages\pycaret\internal\metrics.py:204: FitFailedWarning: Metric 'make_scorer(roc_auc_score, response_method=('decision_function', 'predict_proba'), average=weighted, multi_class=ovr)' failed and error score 0.0 has been returned instead. If this is a custom metric, this usually means that the error is in the metric code. Full exception below:
Traceback (most recent call last):
  File "C:\Users\User\miniconda3\envs\py3_11_9\Lib\site-packages\pycaret\internal\metrics.py", line 196, in _score
    return super()._score(
           ^^^^^^^^^^^^^^^
  File "C:\Users\User\miniconda3\envs\py3_11_9\Lib\site-packages\sklearn\metrics\_scorer.py", line 350, in _score
    return self._sign * self._score_func(y_true, y_pred, **scoring_kwargs)
                        ^^^^^^^^^^^^^^^^^^^^^^^^^^^^^^^^^^^^^^^^^^^^^^^^^^
  File "C:\Users\User\miniconda3\envs\py3_11_9\Lib\site-packages\pycaret\internal\metrics.py", line 144, in __call__
    return self.score_func(y_true, y_pred, **kwargs)
           ^^^^^^^^^^^^^^^^^^^^^^^^^^^^^^^^^^^^^^^^^
  File "C:\Users\User\miniconda3\envs\py3_11_9\Lib\site-packages\sklearn\utils\_param_validation.py", line 213, in wrapper
    return func(*args, **kwargs)
           ^^^^^^^^^^^^^^^^^^^^^
  File "C:\Users\User\miniconda3\envs\py3_11_9\Lib\site-packages\sklearn\metrics\_ranking.py", line 619, in roc_auc_score
    y_score = check_array(y_score, ensure_2d=False)
              ^^^^^^^^^^^^^^^^^^^^^^^^^^^^^^^^^^^^^
  File "C:\Users\User\miniconda3\envs\py3_11_9\Lib\site-packages\sklearn\utils\validation.py", line 1049, in check_array
    _assert_all_finite(
  File "C:\Users\User\miniconda3\envs\py3_11_9\Lib\site-packages\sklearn\utils\validation.py", line 126, in _assert_all_finite
    _assert_all_finite_element_wise(
  File "C:\Users\User\miniconda3\envs\py3_11_9\Lib\site-packages\sklearn\utils\validation.py", line 175, in _assert_all_finite_element_wise
    raise ValueError(msg_err)
ValueError: Input contains NaN.

  warnings.warn(

2025-10-31 11:16:01,294:WARNING:C:\Users\User\miniconda3\envs\py3_11_9\Lib\site-packages\sklearn\metrics\_classification.py:1561: UserWarning: Note that pos_label (set to 'G') is ignored when average != 'binary' (got 'weighted'). You may use labels=[pos_label] to specify a single positive class.
  warnings.warn(

2025-10-31 11:16:01,296:WARNING:C:\Users\User\miniconda3\envs\py3_11_9\Lib\site-packages\sklearn\metrics\_classification.py:1561: UserWarning: Note that pos_label (set to 'G') is ignored when average != 'binary' (got 'weighted'). You may use labels=[pos_label] to specify a single positive class.
  warnings.warn(

2025-10-31 11:16:01,297:WARNING:C:\Users\User\miniconda3\envs\py3_11_9\Lib\site-packages\sklearn\discriminant_analysis.py:963: RuntimeWarning: divide by zero encountered in log
  u = np.asarray([np.sum(np.log(s)) for s in self.scalings_])

2025-10-31 11:16:01,297:WARNING:C:\Users\User\miniconda3\envs\py3_11_9\Lib\site-packages\pycaret\internal\metrics.py:204: FitFailedWarning: Metric 'make_scorer(roc_auc_score, response_method=('decision_function', 'predict_proba'), average=weighted, multi_class=ovr)' failed and error score 0.0 has been returned instead. If this is a custom metric, this usually means that the error is in the metric code. Full exception below:
Traceback (most recent call last):
  File "C:\Users\User\miniconda3\envs\py3_11_9\Lib\site-packages\pycaret\internal\metrics.py", line 196, in _score
    return super()._score(
           ^^^^^^^^^^^^^^^
  File "C:\Users\User\miniconda3\envs\py3_11_9\Lib\site-packages\sklearn\metrics\_scorer.py", line 350, in _score
    return self._sign * self._score_func(y_true, y_pred, **scoring_kwargs)
                        ^^^^^^^^^^^^^^^^^^^^^^^^^^^^^^^^^^^^^^^^^^^^^^^^^^
  File "C:\Users\User\miniconda3\envs\py3_11_9\Lib\site-packages\pycaret\internal\metrics.py", line 144, in __call__
    return self.score_func(y_true, y_pred, **kwargs)
           ^^^^^^^^^^^^^^^^^^^^^^^^^^^^^^^^^^^^^^^^^
  File "C:\Users\User\miniconda3\envs\py3_11_9\Lib\site-packages\sklearn\utils\_param_validation.py", line 213, in wrapper
    return func(*args, **kwargs)
           ^^^^^^^^^^^^^^^^^^^^^
  File "C:\Users\User\miniconda3\envs\py3_11_9\Lib\site-packages\sklearn\metrics\_ranking.py", line 619, in roc_auc_score
    y_score = check_array(y_score, ensure_2d=False)
              ^^^^^^^^^^^^^^^^^^^^^^^^^^^^^^^^^^^^^
  File "C:\Users\User\miniconda3\envs\py3_11_9\Lib\site-packages\sklearn\utils\validation.py", line 1049, in check_array
    _assert_all_finite(
  File "C:\Users\User\miniconda3\envs\py3_11_9\Lib\site-packages\sklearn\utils\validation.py", line 126, in _assert_all_finite
    _assert_all_finite_element_wise(
  File "C:\Users\User\miniconda3\envs\py3_11_9\Lib\site-packages\sklearn\utils\validation.py", line 175, in _assert_all_finite_element_wise
    raise ValueError(msg_err)
ValueError: Input contains NaN.

  warnings.warn(

2025-10-31 11:16:01,297:WARNING:C:\Users\User\miniconda3\envs\py3_11_9\Lib\site-packages\sklearn\metrics\_classification.py:1561: UserWarning: Note that pos_label (set to 'G') is ignored when average != 'binary' (got 'weighted'). You may use labels=[pos_label] to specify a single positive class.
  warnings.warn(

2025-10-31 11:16:01,299:WARNING:C:\Users\User\miniconda3\envs\py3_11_9\Lib\site-packages\sklearn\metrics\_classification.py:1509: UndefinedMetricWarning: Precision is ill-defined and being set to 0.0 in labels with no predicted samples. Use `zero_division` parameter to control this behavior.
  _warn_prf(average, modifier, f"{metric.capitalize()} is", len(result))

2025-10-31 11:16:01,302:WARNING:C:\Users\User\miniconda3\envs\py3_11_9\Lib\site-packages\sklearn\metrics\_classification.py:1561: UserWarning: Note that pos_label (set to 'G') is ignored when average != 'binary' (got 'weighted'). You may use labels=[pos_label] to specify a single positive class.
  warnings.warn(

2025-10-31 11:16:01,303:WARNING:C:\Users\User\miniconda3\envs\py3_11_9\Lib\site-packages\sklearn\metrics\_classification.py:1561: UserWarning: Note that pos_label (set to 'G') is ignored when average != 'binary' (got 'weighted'). You may use labels=[pos_label] to specify a single positive class.
  warnings.warn(

2025-10-31 11:16:01,305:WARNING:C:\Users\User\miniconda3\envs\py3_11_9\Lib\site-packages\pycaret\internal\metrics.py:204: FitFailedWarning: Metric 'make_scorer(roc_auc_score, response_method=('decision_function', 'predict_proba'), average=weighted, multi_class=ovr)' failed and error score 0.0 has been returned instead. If this is a custom metric, this usually means that the error is in the metric code. Full exception below:
Traceback (most recent call last):
  File "C:\Users\User\miniconda3\envs\py3_11_9\Lib\site-packages\pycaret\internal\metrics.py", line 196, in _score
    return super()._score(
           ^^^^^^^^^^^^^^^
  File "C:\Users\User\miniconda3\envs\py3_11_9\Lib\site-packages\sklearn\metrics\_scorer.py", line 350, in _score
    return self._sign * self._score_func(y_true, y_pred, **scoring_kwargs)
                        ^^^^^^^^^^^^^^^^^^^^^^^^^^^^^^^^^^^^^^^^^^^^^^^^^^
  File "C:\Users\User\miniconda3\envs\py3_11_9\Lib\site-packages\pycaret\internal\metrics.py", line 144, in __call__
    return self.score_func(y_true, y_pred, **kwargs)
           ^^^^^^^^^^^^^^^^^^^^^^^^^^^^^^^^^^^^^^^^^
  File "C:\Users\User\miniconda3\envs\py3_11_9\Lib\site-packages\sklearn\utils\_param_validation.py", line 213, in wrapper
    return func(*args, **kwargs)
           ^^^^^^^^^^^^^^^^^^^^^
  File "C:\Users\User\miniconda3\envs\py3_11_9\Lib\site-packages\sklearn\metrics\_ranking.py", line 619, in roc_auc_score
    y_score = check_array(y_score, ensure_2d=False)
              ^^^^^^^^^^^^^^^^^^^^^^^^^^^^^^^^^^^^^
  File "C:\Users\User\miniconda3\envs\py3_11_9\Lib\site-packages\sklearn\utils\validation.py", line 1049, in check_array
    _assert_all_finite(
  File "C:\Users\User\miniconda3\envs\py3_11_9\Lib\site-packages\sklearn\utils\validation.py", line 126, in _assert_all_finite
    _assert_all_finite_element_wise(
  File "C:\Users\User\miniconda3\envs\py3_11_9\Lib\site-packages\sklearn\utils\validation.py", line 175, in _assert_all_finite_element_wise
    raise ValueError(msg_err)
ValueError: Input contains NaN.

  warnings.warn(

2025-10-31 11:16:01,306:WARNING:C:\Users\User\miniconda3\envs\py3_11_9\Lib\site-packages\sklearn\metrics\_classification.py:1561: UserWarning: Note that pos_label (set to 'G') is ignored when average != 'binary' (got 'weighted'). You may use labels=[pos_label] to specify a single positive class.
  warnings.warn(

2025-10-31 11:16:01,307:WARNING:C:\Users\User\miniconda3\envs\py3_11_9\Lib\site-packages\sklearn\metrics\_classification.py:1561: UserWarning: Note that pos_label (set to 'G') is ignored when average != 'binary' (got 'weighted'). You may use labels=[pos_label] to specify a single positive class.
  warnings.warn(

2025-10-31 11:16:01,310:WARNING:C:\Users\User\miniconda3\envs\py3_11_9\Lib\site-packages\sklearn\metrics\_classification.py:1561: UserWarning: Note that pos_label (set to 'G') is ignored when average != 'binary' (got 'weighted'). You may use labels=[pos_label] to specify a single positive class.
  warnings.warn(

2025-10-31 11:16:01,310:WARNING:C:\Users\User\miniconda3\envs\py3_11_9\Lib\site-packages\sklearn\metrics\_classification.py:1509: UndefinedMetricWarning: Precision is ill-defined and being set to 0.0 in labels with no predicted samples. Use `zero_division` parameter to control this behavior.
  _warn_prf(average, modifier, f"{metric.capitalize()} is", len(result))

2025-10-31 11:16:01,317:WARNING:C:\Users\User\miniconda3\envs\py3_11_9\Lib\site-packages\sklearn\metrics\_classification.py:1561: UserWarning: Note that pos_label (set to 'G') is ignored when average != 'binary' (got 'weighted'). You may use labels=[pos_label] to specify a single positive class.
  warnings.warn(

2025-10-31 11:16:01,322:WARNING:C:\Users\User\miniconda3\envs\py3_11_9\Lib\site-packages\sklearn\metrics\_classification.py:1561: UserWarning: Note that pos_label (set to 'G') is ignored when average != 'binary' (got 'weighted'). You may use labels=[pos_label] to specify a single positive class.
  warnings.warn(

2025-10-31 11:16:01,326:WARNING:C:\Users\User\miniconda3\envs\py3_11_9\Lib\site-packages\sklearn\metrics\_classification.py:1561: UserWarning: Note that pos_label (set to 'G') is ignored when average != 'binary' (got 'weighted'). You may use labels=[pos_label] to specify a single positive class.
  warnings.warn(

2025-10-31 11:16:01,330:WARNING:C:\Users\User\miniconda3\envs\py3_11_9\Lib\site-packages\sklearn\metrics\_classification.py:1561: UserWarning: Note that pos_label (set to 'G') is ignored when average != 'binary' (got 'weighted'). You may use labels=[pos_label] to specify a single positive class.
  warnings.warn(

2025-10-31 11:16:01,330:WARNING:C:\Users\User\miniconda3\envs\py3_11_9\Lib\site-packages\sklearn\metrics\_classification.py:1561: UserWarning: Note that pos_label (set to 'G') is ignored when average != 'binary' (got 'weighted'). You may use labels=[pos_label] to specify a single positive class.
  warnings.warn(

2025-10-31 11:16:01,331:WARNING:C:\Users\User\miniconda3\envs\py3_11_9\Lib\site-packages\sklearn\metrics\_classification.py:1561: UserWarning: Note that pos_label (set to 'G') is ignored when average != 'binary' (got 'weighted'). You may use labels=[pos_label] to specify a single positive class.
  warnings.warn(

2025-10-31 11:16:01,338:WARNING:C:\Users\User\miniconda3\envs\py3_11_9\Lib\site-packages\sklearn\metrics\_classification.py:1561: UserWarning: Note that pos_label (set to 'G') is ignored when average != 'binary' (got 'weighted'). You may use labels=[pos_label] to specify a single positive class.
  warnings.warn(

2025-10-31 11:16:01,341:WARNING:C:\Users\User\miniconda3\envs\py3_11_9\Lib\site-packages\sklearn\metrics\_classification.py:1509: UndefinedMetricWarning: Precision is ill-defined and being set to 0.0 in labels with no predicted samples. Use `zero_division` parameter to control this behavior.
  _warn_prf(average, modifier, f"{metric.capitalize()} is", len(result))

2025-10-31 11:16:01,341:WARNING:C:\Users\User\miniconda3\envs\py3_11_9\Lib\site-packages\sklearn\metrics\_classification.py:1509: UndefinedMetricWarning: Precision is ill-defined and being set to 0.0 in labels with no predicted samples. Use `zero_division` parameter to control this behavior.
  _warn_prf(average, modifier, f"{metric.capitalize()} is", len(result))

2025-10-31 11:16:01,344:WARNING:C:\Users\User\miniconda3\envs\py3_11_9\Lib\site-packages\sklearn\metrics\_classification.py:1561: UserWarning: Note that pos_label (set to 'G') is ignored when average != 'binary' (got 'weighted'). You may use labels=[pos_label] to specify a single positive class.
  warnings.warn(

2025-10-31 11:16:01,346:WARNING:C:\Users\User\miniconda3\envs\py3_11_9\Lib\site-packages\sklearn\metrics\_classification.py:1509: UndefinedMetricWarning: Precision is ill-defined and being set to 0.0 in labels with no predicted samples. Use `zero_division` parameter to control this behavior.
  _warn_prf(average, modifier, f"{metric.capitalize()} is", len(result))

2025-10-31 11:16:01,346:WARNING:C:\Users\User\miniconda3\envs\py3_11_9\Lib\site-packages\sklearn\metrics\_classification.py:1509: UndefinedMetricWarning: Precision is ill-defined and being set to 0.0 in labels with no predicted samples. Use `zero_division` parameter to control this behavior.
  _warn_prf(average, modifier, f"{metric.capitalize()} is", len(result))

2025-10-31 11:16:01,353:WARNING:C:\Users\User\miniconda3\envs\py3_11_9\Lib\site-packages\sklearn\metrics\_classification.py:1509: UndefinedMetricWarning: Precision is ill-defined and being set to 0.0 in labels with no predicted samples. Use `zero_division` parameter to control this behavior.
  _warn_prf(average, modifier, f"{metric.capitalize()} is", len(result))

2025-10-31 11:16:01,354:WARNING:C:\Users\User\miniconda3\envs\py3_11_9\Lib\site-packages\sklearn\metrics\_classification.py:1561: UserWarning: Note that pos_label (set to 'G') is ignored when average != 'binary' (got 'weighted'). You may use labels=[pos_label] to specify a single positive class.
  warnings.warn(

2025-10-31 11:16:01,354:WARNING:C:\Users\User\miniconda3\envs\py3_11_9\Lib\site-packages\sklearn\metrics\_classification.py:1561: UserWarning: Note that pos_label (set to 'G') is ignored when average != 'binary' (got 'weighted'). You may use labels=[pos_label] to specify a single positive class.
  warnings.warn(

2025-10-31 11:16:01,355:WARNING:C:\Users\User\miniconda3\envs\py3_11_9\Lib\site-packages\sklearn\metrics\_classification.py:1509: UndefinedMetricWarning: Precision is ill-defined and being set to 0.0 in labels with no predicted samples. Use `zero_division` parameter to control this behavior.
  _warn_prf(average, modifier, f"{metric.capitalize()} is", len(result))

2025-10-31 11:16:01,359:WARNING:C:\Users\User\miniconda3\envs\py3_11_9\Lib\site-packages\sklearn\metrics\_classification.py:1561: UserWarning: Note that pos_label (set to 'G') is ignored when average != 'binary' (got 'weighted'). You may use labels=[pos_label] to specify a single positive class.
  warnings.warn(

2025-10-31 11:16:01,359:WARNING:C:\Users\User\miniconda3\envs\py3_11_9\Lib\site-packages\sklearn\metrics\_classification.py:1561: UserWarning: Note that pos_label (set to 'G') is ignored when average != 'binary' (got 'weighted'). You may use labels=[pos_label] to specify a single positive class.
  warnings.warn(

2025-10-31 11:16:01,361:WARNING:C:\Users\User\miniconda3\envs\py3_11_9\Lib\site-packages\sklearn\metrics\_classification.py:1561: UserWarning: Note that pos_label (set to 'G') is ignored when average != 'binary' (got 'weighted'). You may use labels=[pos_label] to specify a single positive class.
  warnings.warn(

2025-10-31 11:16:01,363:WARNING:C:\Users\User\miniconda3\envs\py3_11_9\Lib\site-packages\sklearn\metrics\_classification.py:1561: UserWarning: Note that pos_label (set to 'G') is ignored when average != 'binary' (got 'weighted'). You may use labels=[pos_label] to specify a single positive class.
  warnings.warn(

2025-10-31 11:16:01,394:INFO:Calculating mean and std
2025-10-31 11:16:01,395:INFO:Creating metrics dataframe
2025-10-31 11:16:01,396:INFO:Uploading results into container
2025-10-31 11:16:01,396:INFO:Uploading model into container now
2025-10-31 11:16:01,396:INFO:_master_model_container: 8
2025-10-31 11:16:01,397:INFO:_display_container: 2
2025-10-31 11:16:01,397:INFO:QuadraticDiscriminantAnalysis(priors=None, reg_param=0.0,
                              store_covariance=False, tol=0.0001)
2025-10-31 11:16:01,397:INFO:create_model() successfully completed......................................
2025-10-31 11:16:01,449:INFO:SubProcess create_model() end ==================================
2025-10-31 11:16:01,449:INFO:Creating metrics dataframe
2025-10-31 11:16:01,454:INFO:Initializing Ada Boost Classifier
2025-10-31 11:16:01,454:INFO:Total runtime is 0.3804541746775309 minutes
2025-10-31 11:16:01,456:INFO:SubProcess create_model() called ==================================
2025-10-31 11:16:01,457:INFO:Initializing create_model()
2025-10-31 11:16:01,457:INFO:create_model(self=<pycaret.classification.oop.ClassificationExperiment object at 0x000002AFB4FC8A90>, estimator=ada, fold=StratifiedKFold(n_splits=10, random_state=None, shuffle=False), round=4, cross_validation=True, predict=True, fit_kwargs={}, groups=None, refit=False, probability_threshold=None, experiment_custom_tags=None, verbose=False, system=False, add_to_model_list=True, metrics=None, display=<pycaret.internal.display.display.CommonDisplay object at 0x000002AFB5024990>, model_only=True, return_train_score=False, error_score=0.0, kwargs={})
2025-10-31 11:16:01,457:INFO:Checking exceptions
2025-10-31 11:16:01,457:INFO:Importing libraries
2025-10-31 11:16:01,457:INFO:Copying training dataset
2025-10-31 11:16:01,463:INFO:Defining folds
2025-10-31 11:16:01,463:INFO:Declaring metric variables
2025-10-31 11:16:01,465:INFO:Importing untrained model
2025-10-31 11:16:01,468:INFO:Ada Boost Classifier Imported successfully
2025-10-31 11:16:01,473:INFO:Starting cross validation
2025-10-31 11:16:01,474:INFO:Cross validating with StratifiedKFold(n_splits=10, random_state=None, shuffle=False), n_jobs=-1
2025-10-31 11:16:01,667:WARNING:C:\Users\User\miniconda3\envs\py3_11_9\Lib\site-packages\sklearn\ensemble\_weight_boosting.py:519: FutureWarning: The SAMME.R algorithm (the default) is deprecated and will be removed in 1.6. Use the SAMME algorithm to circumvent this warning.
  warnings.warn(

2025-10-31 11:16:01,697:WARNING:C:\Users\User\miniconda3\envs\py3_11_9\Lib\site-packages\sklearn\ensemble\_weight_boosting.py:519: FutureWarning: The SAMME.R algorithm (the default) is deprecated and will be removed in 1.6. Use the SAMME algorithm to circumvent this warning.
  warnings.warn(

2025-10-31 11:16:01,699:WARNING:C:\Users\User\miniconda3\envs\py3_11_9\Lib\site-packages\sklearn\ensemble\_weight_boosting.py:519: FutureWarning: The SAMME.R algorithm (the default) is deprecated and will be removed in 1.6. Use the SAMME algorithm to circumvent this warning.
  warnings.warn(

2025-10-31 11:16:01,709:WARNING:C:\Users\User\miniconda3\envs\py3_11_9\Lib\site-packages\sklearn\ensemble\_weight_boosting.py:519: FutureWarning: The SAMME.R algorithm (the default) is deprecated and will be removed in 1.6. Use the SAMME algorithm to circumvent this warning.
  warnings.warn(

2025-10-31 11:16:01,714:WARNING:C:\Users\User\miniconda3\envs\py3_11_9\Lib\site-packages\sklearn\ensemble\_weight_boosting.py:519: FutureWarning: The SAMME.R algorithm (the default) is deprecated and will be removed in 1.6. Use the SAMME algorithm to circumvent this warning.
  warnings.warn(

2025-10-31 11:16:01,717:WARNING:C:\Users\User\miniconda3\envs\py3_11_9\Lib\site-packages\sklearn\ensemble\_weight_boosting.py:519: FutureWarning: The SAMME.R algorithm (the default) is deprecated and will be removed in 1.6. Use the SAMME algorithm to circumvent this warning.
  warnings.warn(

2025-10-31 11:16:01,737:WARNING:C:\Users\User\miniconda3\envs\py3_11_9\Lib\site-packages\sklearn\ensemble\_weight_boosting.py:519: FutureWarning: The SAMME.R algorithm (the default) is deprecated and will be removed in 1.6. Use the SAMME algorithm to circumvent this warning.
  warnings.warn(

2025-10-31 11:16:01,743:WARNING:C:\Users\User\miniconda3\envs\py3_11_9\Lib\site-packages\sklearn\ensemble\_weight_boosting.py:519: FutureWarning: The SAMME.R algorithm (the default) is deprecated and will be removed in 1.6. Use the SAMME algorithm to circumvent this warning.
  warnings.warn(

2025-10-31 11:16:01,753:WARNING:C:\Users\User\miniconda3\envs\py3_11_9\Lib\site-packages\sklearn\ensemble\_weight_boosting.py:519: FutureWarning: The SAMME.R algorithm (the default) is deprecated and will be removed in 1.6. Use the SAMME algorithm to circumvent this warning.
  warnings.warn(

2025-10-31 11:16:01,753:WARNING:C:\Users\User\miniconda3\envs\py3_11_9\Lib\site-packages\sklearn\ensemble\_weight_boosting.py:519: FutureWarning: The SAMME.R algorithm (the default) is deprecated and will be removed in 1.6. Use the SAMME algorithm to circumvent this warning.
  warnings.warn(

2025-10-31 11:16:03,424:WARNING:C:\Users\User\miniconda3\envs\py3_11_9\Lib\site-packages\pycaret\internal\metrics.py:204: FitFailedWarning: Metric 'make_scorer(roc_auc_score, response_method=('decision_function', 'predict_proba'), average=weighted, multi_class=ovr)' failed and error score 0.0 has been returned instead. If this is a custom metric, this usually means that the error is in the metric code. Full exception below:
Traceback (most recent call last):
  File "C:\Users\User\miniconda3\envs\py3_11_9\Lib\site-packages\pycaret\internal\metrics.py", line 196, in _score
    return super()._score(
           ^^^^^^^^^^^^^^^
  File "C:\Users\User\miniconda3\envs\py3_11_9\Lib\site-packages\sklearn\metrics\_scorer.py", line 350, in _score
    return self._sign * self._score_func(y_true, y_pred, **scoring_kwargs)
                        ^^^^^^^^^^^^^^^^^^^^^^^^^^^^^^^^^^^^^^^^^^^^^^^^^^
  File "C:\Users\User\miniconda3\envs\py3_11_9\Lib\site-packages\pycaret\internal\metrics.py", line 144, in __call__
    return self.score_func(y_true, y_pred, **kwargs)
           ^^^^^^^^^^^^^^^^^^^^^^^^^^^^^^^^^^^^^^^^^
  File "C:\Users\User\miniconda3\envs\py3_11_9\Lib\site-packages\sklearn\utils\_param_validation.py", line 213, in wrapper
    return func(*args, **kwargs)
           ^^^^^^^^^^^^^^^^^^^^^
  File "C:\Users\User\miniconda3\envs\py3_11_9\Lib\site-packages\sklearn\metrics\_ranking.py", line 634, in roc_auc_score
    return _multiclass_roc_auc_score(
           ^^^^^^^^^^^^^^^^^^^^^^^^^^
  File "C:\Users\User\miniconda3\envs\py3_11_9\Lib\site-packages\sklearn\metrics\_ranking.py", line 707, in _multiclass_roc_auc_score
    raise ValueError(
ValueError: Target scores need to be probabilities for multiclass roc_auc, i.e. they should sum up to 1.0 over classes

  warnings.warn(

2025-10-31 11:16:03,424:WARNING:C:\Users\User\miniconda3\envs\py3_11_9\Lib\site-packages\pycaret\internal\metrics.py:204: FitFailedWarning: Metric 'make_scorer(roc_auc_score, response_method=('decision_function', 'predict_proba'), average=weighted, multi_class=ovr)' failed and error score 0.0 has been returned instead. If this is a custom metric, this usually means that the error is in the metric code. Full exception below:
Traceback (most recent call last):
  File "C:\Users\User\miniconda3\envs\py3_11_9\Lib\site-packages\pycaret\internal\metrics.py", line 196, in _score
    return super()._score(
           ^^^^^^^^^^^^^^^
  File "C:\Users\User\miniconda3\envs\py3_11_9\Lib\site-packages\sklearn\metrics\_scorer.py", line 350, in _score
    return self._sign * self._score_func(y_true, y_pred, **scoring_kwargs)
                        ^^^^^^^^^^^^^^^^^^^^^^^^^^^^^^^^^^^^^^^^^^^^^^^^^^
  File "C:\Users\User\miniconda3\envs\py3_11_9\Lib\site-packages\pycaret\internal\metrics.py", line 144, in __call__
    return self.score_func(y_true, y_pred, **kwargs)
           ^^^^^^^^^^^^^^^^^^^^^^^^^^^^^^^^^^^^^^^^^
  File "C:\Users\User\miniconda3\envs\py3_11_9\Lib\site-packages\sklearn\utils\_param_validation.py", line 213, in wrapper
    return func(*args, **kwargs)
           ^^^^^^^^^^^^^^^^^^^^^
  File "C:\Users\User\miniconda3\envs\py3_11_9\Lib\site-packages\sklearn\metrics\_ranking.py", line 634, in roc_auc_score
    return _multiclass_roc_auc_score(
           ^^^^^^^^^^^^^^^^^^^^^^^^^^
  File "C:\Users\User\miniconda3\envs\py3_11_9\Lib\site-packages\sklearn\metrics\_ranking.py", line 707, in _multiclass_roc_auc_score
    raise ValueError(
ValueError: Target scores need to be probabilities for multiclass roc_auc, i.e. they should sum up to 1.0 over classes

  warnings.warn(

2025-10-31 11:16:03,424:WARNING:C:\Users\User\miniconda3\envs\py3_11_9\Lib\site-packages\sklearn\metrics\_classification.py:1561: UserWarning: Note that pos_label (set to 'G') is ignored when average != 'binary' (got 'weighted'). You may use labels=[pos_label] to specify a single positive class.
  warnings.warn(

2025-10-31 11:16:03,432:WARNING:C:\Users\User\miniconda3\envs\py3_11_9\Lib\site-packages\sklearn\metrics\_classification.py:1561: UserWarning: Note that pos_label (set to 'G') is ignored when average != 'binary' (got 'weighted'). You may use labels=[pos_label] to specify a single positive class.
  warnings.warn(

2025-10-31 11:16:03,435:WARNING:C:\Users\User\miniconda3\envs\py3_11_9\Lib\site-packages\pycaret\internal\metrics.py:204: FitFailedWarning: Metric 'make_scorer(roc_auc_score, response_method=('decision_function', 'predict_proba'), average=weighted, multi_class=ovr)' failed and error score 0.0 has been returned instead. If this is a custom metric, this usually means that the error is in the metric code. Full exception below:
Traceback (most recent call last):
  File "C:\Users\User\miniconda3\envs\py3_11_9\Lib\site-packages\pycaret\internal\metrics.py", line 196, in _score
    return super()._score(
           ^^^^^^^^^^^^^^^
  File "C:\Users\User\miniconda3\envs\py3_11_9\Lib\site-packages\sklearn\metrics\_scorer.py", line 350, in _score
    return self._sign * self._score_func(y_true, y_pred, **scoring_kwargs)
                        ^^^^^^^^^^^^^^^^^^^^^^^^^^^^^^^^^^^^^^^^^^^^^^^^^^
  File "C:\Users\User\miniconda3\envs\py3_11_9\Lib\site-packages\pycaret\internal\metrics.py", line 144, in __call__
    return self.score_func(y_true, y_pred, **kwargs)
           ^^^^^^^^^^^^^^^^^^^^^^^^^^^^^^^^^^^^^^^^^
  File "C:\Users\User\miniconda3\envs\py3_11_9\Lib\site-packages\sklearn\utils\_param_validation.py", line 213, in wrapper
    return func(*args, **kwargs)
           ^^^^^^^^^^^^^^^^^^^^^
  File "C:\Users\User\miniconda3\envs\py3_11_9\Lib\site-packages\sklearn\metrics\_ranking.py", line 634, in roc_auc_score
    return _multiclass_roc_auc_score(
           ^^^^^^^^^^^^^^^^^^^^^^^^^^
  File "C:\Users\User\miniconda3\envs\py3_11_9\Lib\site-packages\sklearn\metrics\_ranking.py", line 707, in _multiclass_roc_auc_score
    raise ValueError(
ValueError: Target scores need to be probabilities for multiclass roc_auc, i.e. they should sum up to 1.0 over classes

  warnings.warn(

2025-10-31 11:16:03,445:WARNING:C:\Users\User\miniconda3\envs\py3_11_9\Lib\site-packages\sklearn\metrics\_classification.py:1561: UserWarning: Note that pos_label (set to 'G') is ignored when average != 'binary' (got 'weighted'). You may use labels=[pos_label] to specify a single positive class.
  warnings.warn(

2025-10-31 11:16:03,445:WARNING:C:\Users\User\miniconda3\envs\py3_11_9\Lib\site-packages\sklearn\metrics\_classification.py:1561: UserWarning: Note that pos_label (set to 'G') is ignored when average != 'binary' (got 'weighted'). You may use labels=[pos_label] to specify a single positive class.
  warnings.warn(

2025-10-31 11:16:03,455:WARNING:C:\Users\User\miniconda3\envs\py3_11_9\Lib\site-packages\sklearn\metrics\_classification.py:1561: UserWarning: Note that pos_label (set to 'G') is ignored when average != 'binary' (got 'weighted'). You may use labels=[pos_label] to specify a single positive class.
  warnings.warn(

2025-10-31 11:16:03,465:WARNING:C:\Users\User\miniconda3\envs\py3_11_9\Lib\site-packages\pycaret\internal\metrics.py:204: FitFailedWarning: Metric 'make_scorer(roc_auc_score, response_method=('decision_function', 'predict_proba'), average=weighted, multi_class=ovr)' failed and error score 0.0 has been returned instead. If this is a custom metric, this usually means that the error is in the metric code. Full exception below:
Traceback (most recent call last):
  File "C:\Users\User\miniconda3\envs\py3_11_9\Lib\site-packages\pycaret\internal\metrics.py", line 196, in _score
    return super()._score(
           ^^^^^^^^^^^^^^^
  File "C:\Users\User\miniconda3\envs\py3_11_9\Lib\site-packages\sklearn\metrics\_scorer.py", line 350, in _score
    return self._sign * self._score_func(y_true, y_pred, **scoring_kwargs)
                        ^^^^^^^^^^^^^^^^^^^^^^^^^^^^^^^^^^^^^^^^^^^^^^^^^^
  File "C:\Users\User\miniconda3\envs\py3_11_9\Lib\site-packages\pycaret\internal\metrics.py", line 144, in __call__
    return self.score_func(y_true, y_pred, **kwargs)
           ^^^^^^^^^^^^^^^^^^^^^^^^^^^^^^^^^^^^^^^^^
  File "C:\Users\User\miniconda3\envs\py3_11_9\Lib\site-packages\sklearn\utils\_param_validation.py", line 213, in wrapper
    return func(*args, **kwargs)
           ^^^^^^^^^^^^^^^^^^^^^
  File "C:\Users\User\miniconda3\envs\py3_11_9\Lib\site-packages\sklearn\metrics\_ranking.py", line 634, in roc_auc_score
    return _multiclass_roc_auc_score(
           ^^^^^^^^^^^^^^^^^^^^^^^^^^
  File "C:\Users\User\miniconda3\envs\py3_11_9\Lib\site-packages\sklearn\metrics\_ranking.py", line 707, in _multiclass_roc_auc_score
    raise ValueError(
ValueError: Target scores need to be probabilities for multiclass roc_auc, i.e. they should sum up to 1.0 over classes

  warnings.warn(

2025-10-31 11:16:03,475:WARNING:C:\Users\User\miniconda3\envs\py3_11_9\Lib\site-packages\sklearn\metrics\_classification.py:1561: UserWarning: Note that pos_label (set to 'G') is ignored when average != 'binary' (got 'weighted'). You may use labels=[pos_label] to specify a single positive class.
  warnings.warn(

2025-10-31 11:16:03,475:WARNING:C:\Users\User\miniconda3\envs\py3_11_9\Lib\site-packages\sklearn\metrics\_classification.py:1561: UserWarning: Note that pos_label (set to 'G') is ignored when average != 'binary' (got 'weighted'). You may use labels=[pos_label] to specify a single positive class.
  warnings.warn(

2025-10-31 11:16:03,483:WARNING:C:\Users\User\miniconda3\envs\py3_11_9\Lib\site-packages\sklearn\metrics\_classification.py:1561: UserWarning: Note that pos_label (set to 'G') is ignored when average != 'binary' (got 'weighted'). You may use labels=[pos_label] to specify a single positive class.
  warnings.warn(

2025-10-31 11:16:03,485:WARNING:C:\Users\User\miniconda3\envs\py3_11_9\Lib\site-packages\pycaret\internal\metrics.py:204: FitFailedWarning: Metric 'make_scorer(roc_auc_score, response_method=('decision_function', 'predict_proba'), average=weighted, multi_class=ovr)' failed and error score 0.0 has been returned instead. If this is a custom metric, this usually means that the error is in the metric code. Full exception below:
Traceback (most recent call last):
  File "C:\Users\User\miniconda3\envs\py3_11_9\Lib\site-packages\pycaret\internal\metrics.py", line 196, in _score
    return super()._score(
           ^^^^^^^^^^^^^^^
  File "C:\Users\User\miniconda3\envs\py3_11_9\Lib\site-packages\sklearn\metrics\_scorer.py", line 350, in _score
    return self._sign * self._score_func(y_true, y_pred, **scoring_kwargs)
                        ^^^^^^^^^^^^^^^^^^^^^^^^^^^^^^^^^^^^^^^^^^^^^^^^^^
  File "C:\Users\User\miniconda3\envs\py3_11_9\Lib\site-packages\pycaret\internal\metrics.py", line 144, in __call__
    return self.score_func(y_true, y_pred, **kwargs)
           ^^^^^^^^^^^^^^^^^^^^^^^^^^^^^^^^^^^^^^^^^
  File "C:\Users\User\miniconda3\envs\py3_11_9\Lib\site-packages\sklearn\utils\_param_validation.py", line 213, in wrapper
    return func(*args, **kwargs)
           ^^^^^^^^^^^^^^^^^^^^^
  File "C:\Users\User\miniconda3\envs\py3_11_9\Lib\site-packages\sklearn\metrics\_ranking.py", line 634, in roc_auc_score
    return _multiclass_roc_auc_score(
           ^^^^^^^^^^^^^^^^^^^^^^^^^^
  File "C:\Users\User\miniconda3\envs\py3_11_9\Lib\site-packages\sklearn\metrics\_ranking.py", line 707, in _multiclass_roc_auc_score
    raise ValueError(
ValueError: Target scores need to be probabilities for multiclass roc_auc, i.e. they should sum up to 1.0 over classes

  warnings.warn(

2025-10-31 11:16:03,485:WARNING:C:\Users\User\miniconda3\envs\py3_11_9\Lib\site-packages\pycaret\internal\metrics.py:204: FitFailedWarning: Metric 'make_scorer(roc_auc_score, response_method=('decision_function', 'predict_proba'), average=weighted, multi_class=ovr)' failed and error score 0.0 has been returned instead. If this is a custom metric, this usually means that the error is in the metric code. Full exception below:
Traceback (most recent call last):
  File "C:\Users\User\miniconda3\envs\py3_11_9\Lib\site-packages\pycaret\internal\metrics.py", line 196, in _score
    return super()._score(
           ^^^^^^^^^^^^^^^
  File "C:\Users\User\miniconda3\envs\py3_11_9\Lib\site-packages\sklearn\metrics\_scorer.py", line 350, in _score
    return self._sign * self._score_func(y_true, y_pred, **scoring_kwargs)
                        ^^^^^^^^^^^^^^^^^^^^^^^^^^^^^^^^^^^^^^^^^^^^^^^^^^
  File "C:\Users\User\miniconda3\envs\py3_11_9\Lib\site-packages\pycaret\internal\metrics.py", line 144, in __call__
    return self.score_func(y_true, y_pred, **kwargs)
           ^^^^^^^^^^^^^^^^^^^^^^^^^^^^^^^^^^^^^^^^^
  File "C:\Users\User\miniconda3\envs\py3_11_9\Lib\site-packages\sklearn\utils\_param_validation.py", line 213, in wrapper
    return func(*args, **kwargs)
           ^^^^^^^^^^^^^^^^^^^^^
  File "C:\Users\User\miniconda3\envs\py3_11_9\Lib\site-packages\sklearn\metrics\_ranking.py", line 634, in roc_auc_score
    return _multiclass_roc_auc_score(
           ^^^^^^^^^^^^^^^^^^^^^^^^^^
  File "C:\Users\User\miniconda3\envs\py3_11_9\Lib\site-packages\sklearn\metrics\_ranking.py", line 707, in _multiclass_roc_auc_score
    raise ValueError(
ValueError: Target scores need to be probabilities for multiclass roc_auc, i.e. they should sum up to 1.0 over classes

  warnings.warn(

2025-10-31 11:16:03,485:WARNING:C:\Users\User\miniconda3\envs\py3_11_9\Lib\site-packages\sklearn\metrics\_classification.py:1561: UserWarning: Note that pos_label (set to 'G') is ignored when average != 'binary' (got 'weighted'). You may use labels=[pos_label] to specify a single positive class.
  warnings.warn(

2025-10-31 11:16:03,496:WARNING:C:\Users\User\miniconda3\envs\py3_11_9\Lib\site-packages\sklearn\metrics\_classification.py:1561: UserWarning: Note that pos_label (set to 'G') is ignored when average != 'binary' (got 'weighted'). You may use labels=[pos_label] to specify a single positive class.
  warnings.warn(

2025-10-31 11:16:03,496:WARNING:C:\Users\User\miniconda3\envs\py3_11_9\Lib\site-packages\sklearn\metrics\_classification.py:1561: UserWarning: Note that pos_label (set to 'G') is ignored when average != 'binary' (got 'weighted'). You may use labels=[pos_label] to specify a single positive class.
  warnings.warn(

2025-10-31 11:16:03,506:WARNING:C:\Users\User\miniconda3\envs\py3_11_9\Lib\site-packages\sklearn\metrics\_classification.py:1561: UserWarning: Note that pos_label (set to 'G') is ignored when average != 'binary' (got 'weighted'). You may use labels=[pos_label] to specify a single positive class.
  warnings.warn(

2025-10-31 11:16:03,506:WARNING:C:\Users\User\miniconda3\envs\py3_11_9\Lib\site-packages\sklearn\metrics\_classification.py:1561: UserWarning: Note that pos_label (set to 'G') is ignored when average != 'binary' (got 'weighted'). You may use labels=[pos_label] to specify a single positive class.
  warnings.warn(

2025-10-31 11:16:03,520:WARNING:C:\Users\User\miniconda3\envs\py3_11_9\Lib\site-packages\sklearn\metrics\_classification.py:1561: UserWarning: Note that pos_label (set to 'G') is ignored when average != 'binary' (got 'weighted'). You may use labels=[pos_label] to specify a single positive class.
  warnings.warn(

2025-10-31 11:16:03,528:WARNING:C:\Users\User\miniconda3\envs\py3_11_9\Lib\site-packages\sklearn\metrics\_classification.py:1561: UserWarning: Note that pos_label (set to 'G') is ignored when average != 'binary' (got 'weighted'). You may use labels=[pos_label] to specify a single positive class.
  warnings.warn(

2025-10-31 11:16:03,528:WARNING:C:\Users\User\miniconda3\envs\py3_11_9\Lib\site-packages\sklearn\metrics\_classification.py:1561: UserWarning: Note that pos_label (set to 'G') is ignored when average != 'binary' (got 'weighted'). You may use labels=[pos_label] to specify a single positive class.
  warnings.warn(

2025-10-31 11:16:03,535:WARNING:C:\Users\User\miniconda3\envs\py3_11_9\Lib\site-packages\pycaret\internal\metrics.py:204: FitFailedWarning: Metric 'make_scorer(roc_auc_score, response_method=('decision_function', 'predict_proba'), average=weighted, multi_class=ovr)' failed and error score 0.0 has been returned instead. If this is a custom metric, this usually means that the error is in the metric code. Full exception below:
Traceback (most recent call last):
  File "C:\Users\User\miniconda3\envs\py3_11_9\Lib\site-packages\pycaret\internal\metrics.py", line 196, in _score
    return super()._score(
           ^^^^^^^^^^^^^^^
  File "C:\Users\User\miniconda3\envs\py3_11_9\Lib\site-packages\sklearn\metrics\_scorer.py", line 350, in _score
    return self._sign * self._score_func(y_true, y_pred, **scoring_kwargs)
                        ^^^^^^^^^^^^^^^^^^^^^^^^^^^^^^^^^^^^^^^^^^^^^^^^^^
  File "C:\Users\User\miniconda3\envs\py3_11_9\Lib\site-packages\pycaret\internal\metrics.py", line 144, in __call__
    return self.score_func(y_true, y_pred, **kwargs)
           ^^^^^^^^^^^^^^^^^^^^^^^^^^^^^^^^^^^^^^^^^
  File "C:\Users\User\miniconda3\envs\py3_11_9\Lib\site-packages\sklearn\utils\_param_validation.py", line 213, in wrapper
    return func(*args, **kwargs)
           ^^^^^^^^^^^^^^^^^^^^^
  File "C:\Users\User\miniconda3\envs\py3_11_9\Lib\site-packages\sklearn\metrics\_ranking.py", line 634, in roc_auc_score
    return _multiclass_roc_auc_score(
           ^^^^^^^^^^^^^^^^^^^^^^^^^^
  File "C:\Users\User\miniconda3\envs\py3_11_9\Lib\site-packages\sklearn\metrics\_ranking.py", line 707, in _multiclass_roc_auc_score
    raise ValueError(
ValueError: Target scores need to be probabilities for multiclass roc_auc, i.e. they should sum up to 1.0 over classes

  warnings.warn(

2025-10-31 11:16:03,535:WARNING:C:\Users\User\miniconda3\envs\py3_11_9\Lib\site-packages\sklearn\metrics\_classification.py:1561: UserWarning: Note that pos_label (set to 'G') is ignored when average != 'binary' (got 'weighted'). You may use labels=[pos_label] to specify a single positive class.
  warnings.warn(

2025-10-31 11:16:03,537:WARNING:C:\Users\User\miniconda3\envs\py3_11_9\Lib\site-packages\pycaret\internal\metrics.py:204: FitFailedWarning: Metric 'make_scorer(roc_auc_score, response_method=('decision_function', 'predict_proba'), average=weighted, multi_class=ovr)' failed and error score 0.0 has been returned instead. If this is a custom metric, this usually means that the error is in the metric code. Full exception below:
Traceback (most recent call last):
  File "C:\Users\User\miniconda3\envs\py3_11_9\Lib\site-packages\pycaret\internal\metrics.py", line 196, in _score
    return super()._score(
           ^^^^^^^^^^^^^^^
  File "C:\Users\User\miniconda3\envs\py3_11_9\Lib\site-packages\sklearn\metrics\_scorer.py", line 350, in _score
    return self._sign * self._score_func(y_true, y_pred, **scoring_kwargs)
                        ^^^^^^^^^^^^^^^^^^^^^^^^^^^^^^^^^^^^^^^^^^^^^^^^^^
  File "C:\Users\User\miniconda3\envs\py3_11_9\Lib\site-packages\pycaret\internal\metrics.py", line 144, in __call__
    return self.score_func(y_true, y_pred, **kwargs)
           ^^^^^^^^^^^^^^^^^^^^^^^^^^^^^^^^^^^^^^^^^
  File "C:\Users\User\miniconda3\envs\py3_11_9\Lib\site-packages\sklearn\utils\_param_validation.py", line 213, in wrapper
    return func(*args, **kwargs)
           ^^^^^^^^^^^^^^^^^^^^^
  File "C:\Users\User\miniconda3\envs\py3_11_9\Lib\site-packages\sklearn\metrics\_ranking.py", line 634, in roc_auc_score
    return _multiclass_roc_auc_score(
           ^^^^^^^^^^^^^^^^^^^^^^^^^^
  File "C:\Users\User\miniconda3\envs\py3_11_9\Lib\site-packages\sklearn\metrics\_ranking.py", line 707, in _multiclass_roc_auc_score
    raise ValueError(
ValueError: Target scores need to be probabilities for multiclass roc_auc, i.e. they should sum up to 1.0 over classes

  warnings.warn(

2025-10-31 11:16:03,537:WARNING:C:\Users\User\miniconda3\envs\py3_11_9\Lib\site-packages\sklearn\metrics\_classification.py:1561: UserWarning: Note that pos_label (set to 'G') is ignored when average != 'binary' (got 'weighted'). You may use labels=[pos_label] to specify a single positive class.
  warnings.warn(

2025-10-31 11:16:03,547:WARNING:C:\Users\User\miniconda3\envs\py3_11_9\Lib\site-packages\sklearn\metrics\_classification.py:1561: UserWarning: Note that pos_label (set to 'G') is ignored when average != 'binary' (got 'weighted'). You may use labels=[pos_label] to specify a single positive class.
  warnings.warn(

2025-10-31 11:16:03,547:WARNING:C:\Users\User\miniconda3\envs\py3_11_9\Lib\site-packages\sklearn\metrics\_classification.py:1561: UserWarning: Note that pos_label (set to 'G') is ignored when average != 'binary' (got 'weighted'). You may use labels=[pos_label] to specify a single positive class.
  warnings.warn(

2025-10-31 11:16:03,558:WARNING:C:\Users\User\miniconda3\envs\py3_11_9\Lib\site-packages\pycaret\internal\metrics.py:204: FitFailedWarning: Metric 'make_scorer(roc_auc_score, response_method=('decision_function', 'predict_proba'), average=weighted, multi_class=ovr)' failed and error score 0.0 has been returned instead. If this is a custom metric, this usually means that the error is in the metric code. Full exception below:
Traceback (most recent call last):
  File "C:\Users\User\miniconda3\envs\py3_11_9\Lib\site-packages\pycaret\internal\metrics.py", line 196, in _score
    return super()._score(
           ^^^^^^^^^^^^^^^
  File "C:\Users\User\miniconda3\envs\py3_11_9\Lib\site-packages\sklearn\metrics\_scorer.py", line 350, in _score
    return self._sign * self._score_func(y_true, y_pred, **scoring_kwargs)
                        ^^^^^^^^^^^^^^^^^^^^^^^^^^^^^^^^^^^^^^^^^^^^^^^^^^
  File "C:\Users\User\miniconda3\envs\py3_11_9\Lib\site-packages\pycaret\internal\metrics.py", line 144, in __call__
    return self.score_func(y_true, y_pred, **kwargs)
           ^^^^^^^^^^^^^^^^^^^^^^^^^^^^^^^^^^^^^^^^^
  File "C:\Users\User\miniconda3\envs\py3_11_9\Lib\site-packages\sklearn\utils\_param_validation.py", line 213, in wrapper
    return func(*args, **kwargs)
           ^^^^^^^^^^^^^^^^^^^^^
  File "C:\Users\User\miniconda3\envs\py3_11_9\Lib\site-packages\sklearn\metrics\_ranking.py", line 634, in roc_auc_score
    return _multiclass_roc_auc_score(
           ^^^^^^^^^^^^^^^^^^^^^^^^^^
  File "C:\Users\User\miniconda3\envs\py3_11_9\Lib\site-packages\sklearn\metrics\_ranking.py", line 707, in _multiclass_roc_auc_score
    raise ValueError(
ValueError: Target scores need to be probabilities for multiclass roc_auc, i.e. they should sum up to 1.0 over classes

  warnings.warn(

2025-10-31 11:16:03,558:WARNING:C:\Users\User\miniconda3\envs\py3_11_9\Lib\site-packages\sklearn\metrics\_classification.py:1561: UserWarning: Note that pos_label (set to 'G') is ignored when average != 'binary' (got 'weighted'). You may use labels=[pos_label] to specify a single positive class.
  warnings.warn(

2025-10-31 11:16:03,568:WARNING:C:\Users\User\miniconda3\envs\py3_11_9\Lib\site-packages\sklearn\metrics\_classification.py:1561: UserWarning: Note that pos_label (set to 'G') is ignored when average != 'binary' (got 'weighted'). You may use labels=[pos_label] to specify a single positive class.
  warnings.warn(

2025-10-31 11:16:03,568:WARNING:C:\Users\User\miniconda3\envs\py3_11_9\Lib\site-packages\sklearn\metrics\_classification.py:1561: UserWarning: Note that pos_label (set to 'G') is ignored when average != 'binary' (got 'weighted'). You may use labels=[pos_label] to specify a single positive class.
  warnings.warn(

2025-10-31 11:16:03,584:WARNING:C:\Users\User\miniconda3\envs\py3_11_9\Lib\site-packages\sklearn\metrics\_classification.py:1561: UserWarning: Note that pos_label (set to 'G') is ignored when average != 'binary' (got 'weighted'). You may use labels=[pos_label] to specify a single positive class.
  warnings.warn(

2025-10-31 11:16:03,589:WARNING:C:\Users\User\miniconda3\envs\py3_11_9\Lib\site-packages\sklearn\metrics\_classification.py:1561: UserWarning: Note that pos_label (set to 'G') is ignored when average != 'binary' (got 'weighted'). You may use labels=[pos_label] to specify a single positive class.
  warnings.warn(

2025-10-31 11:16:03,589:WARNING:C:\Users\User\miniconda3\envs\py3_11_9\Lib\site-packages\pycaret\internal\metrics.py:204: FitFailedWarning: Metric 'make_scorer(roc_auc_score, response_method=('decision_function', 'predict_proba'), average=weighted, multi_class=ovr)' failed and error score 0.0 has been returned instead. If this is a custom metric, this usually means that the error is in the metric code. Full exception below:
Traceback (most recent call last):
  File "C:\Users\User\miniconda3\envs\py3_11_9\Lib\site-packages\pycaret\internal\metrics.py", line 196, in _score
    return super()._score(
           ^^^^^^^^^^^^^^^
  File "C:\Users\User\miniconda3\envs\py3_11_9\Lib\site-packages\sklearn\metrics\_scorer.py", line 350, in _score
    return self._sign * self._score_func(y_true, y_pred, **scoring_kwargs)
                        ^^^^^^^^^^^^^^^^^^^^^^^^^^^^^^^^^^^^^^^^^^^^^^^^^^
  File "C:\Users\User\miniconda3\envs\py3_11_9\Lib\site-packages\pycaret\internal\metrics.py", line 144, in __call__
    return self.score_func(y_true, y_pred, **kwargs)
           ^^^^^^^^^^^^^^^^^^^^^^^^^^^^^^^^^^^^^^^^^
  File "C:\Users\User\miniconda3\envs\py3_11_9\Lib\site-packages\sklearn\utils\_param_validation.py", line 213, in wrapper
    return func(*args, **kwargs)
           ^^^^^^^^^^^^^^^^^^^^^
  File "C:\Users\User\miniconda3\envs\py3_11_9\Lib\site-packages\sklearn\metrics\_ranking.py", line 634, in roc_auc_score
    return _multiclass_roc_auc_score(
           ^^^^^^^^^^^^^^^^^^^^^^^^^^
  File "C:\Users\User\miniconda3\envs\py3_11_9\Lib\site-packages\sklearn\metrics\_ranking.py", line 707, in _multiclass_roc_auc_score
    raise ValueError(
ValueError: Target scores need to be probabilities for multiclass roc_auc, i.e. they should sum up to 1.0 over classes

  warnings.warn(

2025-10-31 11:16:03,593:WARNING:C:\Users\User\miniconda3\envs\py3_11_9\Lib\site-packages\sklearn\metrics\_classification.py:1561: UserWarning: Note that pos_label (set to 'G') is ignored when average != 'binary' (got 'weighted'). You may use labels=[pos_label] to specify a single positive class.
  warnings.warn(

2025-10-31 11:16:03,594:WARNING:C:\Users\User\miniconda3\envs\py3_11_9\Lib\site-packages\sklearn\metrics\_classification.py:1509: UndefinedMetricWarning: Precision is ill-defined and being set to 0.0 in labels with no predicted samples. Use `zero_division` parameter to control this behavior.
  _warn_prf(average, modifier, f"{metric.capitalize()} is", len(result))

2025-10-31 11:16:03,597:WARNING:C:\Users\User\miniconda3\envs\py3_11_9\Lib\site-packages\sklearn\metrics\_classification.py:1561: UserWarning: Note that pos_label (set to 'G') is ignored when average != 'binary' (got 'weighted'). You may use labels=[pos_label] to specify a single positive class.
  warnings.warn(

2025-10-31 11:16:03,599:WARNING:C:\Users\User\miniconda3\envs\py3_11_9\Lib\site-packages\sklearn\metrics\_classification.py:1561: UserWarning: Note that pos_label (set to 'G') is ignored when average != 'binary' (got 'weighted'). You may use labels=[pos_label] to specify a single positive class.
  warnings.warn(

2025-10-31 11:16:03,617:WARNING:C:\Users\User\miniconda3\envs\py3_11_9\Lib\site-packages\sklearn\metrics\_classification.py:1561: UserWarning: Note that pos_label (set to 'G') is ignored when average != 'binary' (got 'weighted'). You may use labels=[pos_label] to specify a single positive class.
  warnings.warn(

2025-10-31 11:16:03,627:WARNING:C:\Users\User\miniconda3\envs\py3_11_9\Lib\site-packages\sklearn\metrics\_classification.py:1561: UserWarning: Note that pos_label (set to 'G') is ignored when average != 'binary' (got 'weighted'). You may use labels=[pos_label] to specify a single positive class.
  warnings.warn(

2025-10-31 11:16:03,642:INFO:Calculating mean and std
2025-10-31 11:16:03,643:INFO:Creating metrics dataframe
2025-10-31 11:16:03,643:INFO:Uploading results into container
2025-10-31 11:16:03,643:INFO:Uploading model into container now
2025-10-31 11:16:03,643:INFO:_master_model_container: 9
2025-10-31 11:16:03,643:INFO:_display_container: 2
2025-10-31 11:16:03,643:INFO:AdaBoostClassifier(algorithm='SAMME.R', estimator=None, learning_rate=1.0,
                   n_estimators=50, random_state=123)
2025-10-31 11:16:03,643:INFO:create_model() successfully completed......................................
2025-10-31 11:16:03,698:INFO:SubProcess create_model() end ==================================
2025-10-31 11:16:03,698:INFO:Creating metrics dataframe
2025-10-31 11:16:03,704:INFO:Initializing Gradient Boosting Classifier
2025-10-31 11:16:03,704:INFO:Total runtime is 0.41794519027074173 minutes
2025-10-31 11:16:03,706:INFO:SubProcess create_model() called ==================================
2025-10-31 11:16:03,706:INFO:Initializing create_model()
2025-10-31 11:16:03,706:INFO:create_model(self=<pycaret.classification.oop.ClassificationExperiment object at 0x000002AFB4FC8A90>, estimator=gbc, fold=StratifiedKFold(n_splits=10, random_state=None, shuffle=False), round=4, cross_validation=True, predict=True, fit_kwargs={}, groups=None, refit=False, probability_threshold=None, experiment_custom_tags=None, verbose=False, system=False, add_to_model_list=True, metrics=None, display=<pycaret.internal.display.display.CommonDisplay object at 0x000002AFB5024990>, model_only=True, return_train_score=False, error_score=0.0, kwargs={})
2025-10-31 11:16:03,706:INFO:Checking exceptions
2025-10-31 11:16:03,706:INFO:Importing libraries
2025-10-31 11:16:03,706:INFO:Copying training dataset
2025-10-31 11:16:03,714:INFO:Defining folds
2025-10-31 11:16:03,714:INFO:Declaring metric variables
2025-10-31 11:16:03,716:INFO:Importing untrained model
2025-10-31 11:16:03,716:INFO:Gradient Boosting Classifier Imported successfully
2025-10-31 11:16:03,716:INFO:Starting cross validation
2025-10-31 11:16:03,716:INFO:Cross validating with StratifiedKFold(n_splits=10, random_state=None, shuffle=False), n_jobs=-1
2025-10-31 11:16:28,941:WARNING:C:\Users\User\miniconda3\envs\py3_11_9\Lib\site-packages\pycaret\internal\metrics.py:204: FitFailedWarning: Metric 'make_scorer(roc_auc_score, response_method=('decision_function', 'predict_proba'), average=weighted, multi_class=ovr)' failed and error score 0.0 has been returned instead. If this is a custom metric, this usually means that the error is in the metric code. Full exception below:
Traceback (most recent call last):
  File "C:\Users\User\miniconda3\envs\py3_11_9\Lib\site-packages\pycaret\internal\metrics.py", line 196, in _score
    return super()._score(
           ^^^^^^^^^^^^^^^
  File "C:\Users\User\miniconda3\envs\py3_11_9\Lib\site-packages\sklearn\metrics\_scorer.py", line 350, in _score
    return self._sign * self._score_func(y_true, y_pred, **scoring_kwargs)
                        ^^^^^^^^^^^^^^^^^^^^^^^^^^^^^^^^^^^^^^^^^^^^^^^^^^
  File "C:\Users\User\miniconda3\envs\py3_11_9\Lib\site-packages\pycaret\internal\metrics.py", line 144, in __call__
    return self.score_func(y_true, y_pred, **kwargs)
           ^^^^^^^^^^^^^^^^^^^^^^^^^^^^^^^^^^^^^^^^^
  File "C:\Users\User\miniconda3\envs\py3_11_9\Lib\site-packages\sklearn\utils\_param_validation.py", line 213, in wrapper
    return func(*args, **kwargs)
           ^^^^^^^^^^^^^^^^^^^^^
  File "C:\Users\User\miniconda3\envs\py3_11_9\Lib\site-packages\sklearn\metrics\_ranking.py", line 634, in roc_auc_score
    return _multiclass_roc_auc_score(
           ^^^^^^^^^^^^^^^^^^^^^^^^^^
  File "C:\Users\User\miniconda3\envs\py3_11_9\Lib\site-packages\sklearn\metrics\_ranking.py", line 707, in _multiclass_roc_auc_score
    raise ValueError(
ValueError: Target scores need to be probabilities for multiclass roc_auc, i.e. they should sum up to 1.0 over classes

  warnings.warn(

2025-10-31 11:16:28,951:WARNING:C:\Users\User\miniconda3\envs\py3_11_9\Lib\site-packages\sklearn\metrics\_classification.py:1561: UserWarning: Note that pos_label (set to 'G') is ignored when average != 'binary' (got 'weighted'). You may use labels=[pos_label] to specify a single positive class.
  warnings.warn(

2025-10-31 11:16:28,975:WARNING:C:\Users\User\miniconda3\envs\py3_11_9\Lib\site-packages\sklearn\metrics\_classification.py:1561: UserWarning: Note that pos_label (set to 'G') is ignored when average != 'binary' (got 'weighted'). You may use labels=[pos_label] to specify a single positive class.
  warnings.warn(

2025-10-31 11:16:28,985:WARNING:C:\Users\User\miniconda3\envs\py3_11_9\Lib\site-packages\sklearn\metrics\_classification.py:1509: UndefinedMetricWarning: Precision is ill-defined and being set to 0.0 in labels with no predicted samples. Use `zero_division` parameter to control this behavior.
  _warn_prf(average, modifier, f"{metric.capitalize()} is", len(result))

2025-10-31 11:16:28,996:WARNING:C:\Users\User\miniconda3\envs\py3_11_9\Lib\site-packages\sklearn\metrics\_classification.py:1561: UserWarning: Note that pos_label (set to 'G') is ignored when average != 'binary' (got 'weighted'). You may use labels=[pos_label] to specify a single positive class.
  warnings.warn(

2025-10-31 11:16:29,057:WARNING:C:\Users\User\miniconda3\envs\py3_11_9\Lib\site-packages\pycaret\internal\metrics.py:204: FitFailedWarning: Metric 'make_scorer(roc_auc_score, response_method=('decision_function', 'predict_proba'), average=weighted, multi_class=ovr)' failed and error score 0.0 has been returned instead. If this is a custom metric, this usually means that the error is in the metric code. Full exception below:
Traceback (most recent call last):
  File "C:\Users\User\miniconda3\envs\py3_11_9\Lib\site-packages\pycaret\internal\metrics.py", line 196, in _score
    return super()._score(
           ^^^^^^^^^^^^^^^
  File "C:\Users\User\miniconda3\envs\py3_11_9\Lib\site-packages\sklearn\metrics\_scorer.py", line 350, in _score
    return self._sign * self._score_func(y_true, y_pred, **scoring_kwargs)
                        ^^^^^^^^^^^^^^^^^^^^^^^^^^^^^^^^^^^^^^^^^^^^^^^^^^
  File "C:\Users\User\miniconda3\envs\py3_11_9\Lib\site-packages\pycaret\internal\metrics.py", line 144, in __call__
    return self.score_func(y_true, y_pred, **kwargs)
           ^^^^^^^^^^^^^^^^^^^^^^^^^^^^^^^^^^^^^^^^^
  File "C:\Users\User\miniconda3\envs\py3_11_9\Lib\site-packages\sklearn\utils\_param_validation.py", line 213, in wrapper
    return func(*args, **kwargs)
           ^^^^^^^^^^^^^^^^^^^^^
  File "C:\Users\User\miniconda3\envs\py3_11_9\Lib\site-packages\sklearn\metrics\_ranking.py", line 634, in roc_auc_score
    return _multiclass_roc_auc_score(
           ^^^^^^^^^^^^^^^^^^^^^^^^^^
  File "C:\Users\User\miniconda3\envs\py3_11_9\Lib\site-packages\sklearn\metrics\_ranking.py", line 707, in _multiclass_roc_auc_score
    raise ValueError(
ValueError: Target scores need to be probabilities for multiclass roc_auc, i.e. they should sum up to 1.0 over classes

  warnings.warn(

2025-10-31 11:16:29,067:WARNING:C:\Users\User\miniconda3\envs\py3_11_9\Lib\site-packages\sklearn\metrics\_classification.py:1561: UserWarning: Note that pos_label (set to 'G') is ignored when average != 'binary' (got 'weighted'). You may use labels=[pos_label] to specify a single positive class.
  warnings.warn(

2025-10-31 11:16:29,079:WARNING:C:\Users\User\miniconda3\envs\py3_11_9\Lib\site-packages\sklearn\metrics\_classification.py:1561: UserWarning: Note that pos_label (set to 'G') is ignored when average != 'binary' (got 'weighted'). You may use labels=[pos_label] to specify a single positive class.
  warnings.warn(

2025-10-31 11:16:29,090:WARNING:C:\Users\User\miniconda3\envs\py3_11_9\Lib\site-packages\sklearn\metrics\_classification.py:1509: UndefinedMetricWarning: Precision is ill-defined and being set to 0.0 in labels with no predicted samples. Use `zero_division` parameter to control this behavior.
  _warn_prf(average, modifier, f"{metric.capitalize()} is", len(result))

2025-10-31 11:16:29,090:WARNING:C:\Users\User\miniconda3\envs\py3_11_9\Lib\site-packages\pycaret\internal\metrics.py:204: FitFailedWarning: Metric 'make_scorer(roc_auc_score, response_method=('decision_function', 'predict_proba'), average=weighted, multi_class=ovr)' failed and error score 0.0 has been returned instead. If this is a custom metric, this usually means that the error is in the metric code. Full exception below:
Traceback (most recent call last):
  File "C:\Users\User\miniconda3\envs\py3_11_9\Lib\site-packages\pycaret\internal\metrics.py", line 196, in _score
    return super()._score(
           ^^^^^^^^^^^^^^^
  File "C:\Users\User\miniconda3\envs\py3_11_9\Lib\site-packages\sklearn\metrics\_scorer.py", line 350, in _score
    return self._sign * self._score_func(y_true, y_pred, **scoring_kwargs)
                        ^^^^^^^^^^^^^^^^^^^^^^^^^^^^^^^^^^^^^^^^^^^^^^^^^^
  File "C:\Users\User\miniconda3\envs\py3_11_9\Lib\site-packages\pycaret\internal\metrics.py", line 144, in __call__
    return self.score_func(y_true, y_pred, **kwargs)
           ^^^^^^^^^^^^^^^^^^^^^^^^^^^^^^^^^^^^^^^^^
  File "C:\Users\User\miniconda3\envs\py3_11_9\Lib\site-packages\sklearn\utils\_param_validation.py", line 213, in wrapper
    return func(*args, **kwargs)
           ^^^^^^^^^^^^^^^^^^^^^
  File "C:\Users\User\miniconda3\envs\py3_11_9\Lib\site-packages\sklearn\metrics\_ranking.py", line 634, in roc_auc_score
    return _multiclass_roc_auc_score(
           ^^^^^^^^^^^^^^^^^^^^^^^^^^
  File "C:\Users\User\miniconda3\envs\py3_11_9\Lib\site-packages\sklearn\metrics\_ranking.py", line 707, in _multiclass_roc_auc_score
    raise ValueError(
ValueError: Target scores need to be probabilities for multiclass roc_auc, i.e. they should sum up to 1.0 over classes

  warnings.warn(

2025-10-31 11:16:29,100:WARNING:C:\Users\User\miniconda3\envs\py3_11_9\Lib\site-packages\sklearn\metrics\_classification.py:1561: UserWarning: Note that pos_label (set to 'G') is ignored when average != 'binary' (got 'weighted'). You may use labels=[pos_label] to specify a single positive class.
  warnings.warn(

2025-10-31 11:16:29,100:WARNING:C:\Users\User\miniconda3\envs\py3_11_9\Lib\site-packages\sklearn\metrics\_classification.py:1561: UserWarning: Note that pos_label (set to 'G') is ignored when average != 'binary' (got 'weighted'). You may use labels=[pos_label] to specify a single positive class.
  warnings.warn(

2025-10-31 11:16:29,111:WARNING:C:\Users\User\miniconda3\envs\py3_11_9\Lib\site-packages\sklearn\metrics\_classification.py:1561: UserWarning: Note that pos_label (set to 'G') is ignored when average != 'binary' (got 'weighted'). You may use labels=[pos_label] to specify a single positive class.
  warnings.warn(

2025-10-31 11:16:29,131:WARNING:C:\Users\User\miniconda3\envs\py3_11_9\Lib\site-packages\sklearn\metrics\_classification.py:1561: UserWarning: Note that pos_label (set to 'G') is ignored when average != 'binary' (got 'weighted'). You may use labels=[pos_label] to specify a single positive class.
  warnings.warn(

2025-10-31 11:16:29,163:WARNING:C:\Users\User\miniconda3\envs\py3_11_9\Lib\site-packages\pycaret\internal\metrics.py:204: FitFailedWarning: Metric 'make_scorer(roc_auc_score, response_method=('decision_function', 'predict_proba'), average=weighted, multi_class=ovr)' failed and error score 0.0 has been returned instead. If this is a custom metric, this usually means that the error is in the metric code. Full exception below:
Traceback (most recent call last):
  File "C:\Users\User\miniconda3\envs\py3_11_9\Lib\site-packages\pycaret\internal\metrics.py", line 196, in _score
    return super()._score(
           ^^^^^^^^^^^^^^^
  File "C:\Users\User\miniconda3\envs\py3_11_9\Lib\site-packages\sklearn\metrics\_scorer.py", line 350, in _score
    return self._sign * self._score_func(y_true, y_pred, **scoring_kwargs)
                        ^^^^^^^^^^^^^^^^^^^^^^^^^^^^^^^^^^^^^^^^^^^^^^^^^^
  File "C:\Users\User\miniconda3\envs\py3_11_9\Lib\site-packages\pycaret\internal\metrics.py", line 144, in __call__
    return self.score_func(y_true, y_pred, **kwargs)
           ^^^^^^^^^^^^^^^^^^^^^^^^^^^^^^^^^^^^^^^^^
  File "C:\Users\User\miniconda3\envs\py3_11_9\Lib\site-packages\sklearn\utils\_param_validation.py", line 213, in wrapper
    return func(*args, **kwargs)
           ^^^^^^^^^^^^^^^^^^^^^
  File "C:\Users\User\miniconda3\envs\py3_11_9\Lib\site-packages\sklearn\metrics\_ranking.py", line 634, in roc_auc_score
    return _multiclass_roc_auc_score(
           ^^^^^^^^^^^^^^^^^^^^^^^^^^
  File "C:\Users\User\miniconda3\envs\py3_11_9\Lib\site-packages\sklearn\metrics\_ranking.py", line 707, in _multiclass_roc_auc_score
    raise ValueError(
ValueError: Target scores need to be probabilities for multiclass roc_auc, i.e. they should sum up to 1.0 over classes

  warnings.warn(

2025-10-31 11:16:29,173:WARNING:C:\Users\User\miniconda3\envs\py3_11_9\Lib\site-packages\sklearn\metrics\_classification.py:1561: UserWarning: Note that pos_label (set to 'G') is ignored when average != 'binary' (got 'weighted'). You may use labels=[pos_label] to specify a single positive class.
  warnings.warn(

2025-10-31 11:16:29,183:WARNING:C:\Users\User\miniconda3\envs\py3_11_9\Lib\site-packages\sklearn\metrics\_classification.py:1561: UserWarning: Note that pos_label (set to 'G') is ignored when average != 'binary' (got 'weighted'). You may use labels=[pos_label] to specify a single positive class.
  warnings.warn(

2025-10-31 11:16:29,203:WARNING:C:\Users\User\miniconda3\envs\py3_11_9\Lib\site-packages\sklearn\metrics\_classification.py:1561: UserWarning: Note that pos_label (set to 'G') is ignored when average != 'binary' (got 'weighted'). You may use labels=[pos_label] to specify a single positive class.
  warnings.warn(

2025-10-31 11:16:29,238:WARNING:C:\Users\User\miniconda3\envs\py3_11_9\Lib\site-packages\pycaret\internal\metrics.py:204: FitFailedWarning: Metric 'make_scorer(roc_auc_score, response_method=('decision_function', 'predict_proba'), average=weighted, multi_class=ovr)' failed and error score 0.0 has been returned instead. If this is a custom metric, this usually means that the error is in the metric code. Full exception below:
Traceback (most recent call last):
  File "C:\Users\User\miniconda3\envs\py3_11_9\Lib\site-packages\pycaret\internal\metrics.py", line 196, in _score
    return super()._score(
           ^^^^^^^^^^^^^^^
  File "C:\Users\User\miniconda3\envs\py3_11_9\Lib\site-packages\sklearn\metrics\_scorer.py", line 350, in _score
    return self._sign * self._score_func(y_true, y_pred, **scoring_kwargs)
                        ^^^^^^^^^^^^^^^^^^^^^^^^^^^^^^^^^^^^^^^^^^^^^^^^^^
  File "C:\Users\User\miniconda3\envs\py3_11_9\Lib\site-packages\pycaret\internal\metrics.py", line 144, in __call__
    return self.score_func(y_true, y_pred, **kwargs)
           ^^^^^^^^^^^^^^^^^^^^^^^^^^^^^^^^^^^^^^^^^
  File "C:\Users\User\miniconda3\envs\py3_11_9\Lib\site-packages\sklearn\utils\_param_validation.py", line 213, in wrapper
    return func(*args, **kwargs)
           ^^^^^^^^^^^^^^^^^^^^^
  File "C:\Users\User\miniconda3\envs\py3_11_9\Lib\site-packages\sklearn\metrics\_ranking.py", line 634, in roc_auc_score
    return _multiclass_roc_auc_score(
           ^^^^^^^^^^^^^^^^^^^^^^^^^^
  File "C:\Users\User\miniconda3\envs\py3_11_9\Lib\site-packages\sklearn\metrics\_ranking.py", line 707, in _multiclass_roc_auc_score
    raise ValueError(
ValueError: Target scores need to be probabilities for multiclass roc_auc, i.e. they should sum up to 1.0 over classes

  warnings.warn(

2025-10-31 11:16:29,249:WARNING:C:\Users\User\miniconda3\envs\py3_11_9\Lib\site-packages\sklearn\metrics\_classification.py:1561: UserWarning: Note that pos_label (set to 'G') is ignored when average != 'binary' (got 'weighted'). You may use labels=[pos_label] to specify a single positive class.
  warnings.warn(

2025-10-31 11:16:29,259:WARNING:C:\Users\User\miniconda3\envs\py3_11_9\Lib\site-packages\pycaret\internal\metrics.py:204: FitFailedWarning: Metric 'make_scorer(roc_auc_score, response_method=('decision_function', 'predict_proba'), average=weighted, multi_class=ovr)' failed and error score 0.0 has been returned instead. If this is a custom metric, this usually means that the error is in the metric code. Full exception below:
Traceback (most recent call last):
  File "C:\Users\User\miniconda3\envs\py3_11_9\Lib\site-packages\pycaret\internal\metrics.py", line 196, in _score
    return super()._score(
           ^^^^^^^^^^^^^^^
  File "C:\Users\User\miniconda3\envs\py3_11_9\Lib\site-packages\sklearn\metrics\_scorer.py", line 350, in _score
    return self._sign * self._score_func(y_true, y_pred, **scoring_kwargs)
                        ^^^^^^^^^^^^^^^^^^^^^^^^^^^^^^^^^^^^^^^^^^^^^^^^^^
  File "C:\Users\User\miniconda3\envs\py3_11_9\Lib\site-packages\pycaret\internal\metrics.py", line 144, in __call__
    return self.score_func(y_true, y_pred, **kwargs)
           ^^^^^^^^^^^^^^^^^^^^^^^^^^^^^^^^^^^^^^^^^
  File "C:\Users\User\miniconda3\envs\py3_11_9\Lib\site-packages\sklearn\utils\_param_validation.py", line 213, in wrapper
    return func(*args, **kwargs)
           ^^^^^^^^^^^^^^^^^^^^^
  File "C:\Users\User\miniconda3\envs\py3_11_9\Lib\site-packages\sklearn\metrics\_ranking.py", line 634, in roc_auc_score
    return _multiclass_roc_auc_score(
           ^^^^^^^^^^^^^^^^^^^^^^^^^^
  File "C:\Users\User\miniconda3\envs\py3_11_9\Lib\site-packages\sklearn\metrics\_ranking.py", line 707, in _multiclass_roc_auc_score
    raise ValueError(
ValueError: Target scores need to be probabilities for multiclass roc_auc, i.e. they should sum up to 1.0 over classes

  warnings.warn(

2025-10-31 11:16:29,260:WARNING:C:\Users\User\miniconda3\envs\py3_11_9\Lib\site-packages\pycaret\internal\metrics.py:204: FitFailedWarning: Metric 'make_scorer(roc_auc_score, response_method=('decision_function', 'predict_proba'), average=weighted, multi_class=ovr)' failed and error score 0.0 has been returned instead. If this is a custom metric, this usually means that the error is in the metric code. Full exception below:
Traceback (most recent call last):
  File "C:\Users\User\miniconda3\envs\py3_11_9\Lib\site-packages\pycaret\internal\metrics.py", line 196, in _score
    return super()._score(
           ^^^^^^^^^^^^^^^
  File "C:\Users\User\miniconda3\envs\py3_11_9\Lib\site-packages\sklearn\metrics\_scorer.py", line 350, in _score
    return self._sign * self._score_func(y_true, y_pred, **scoring_kwargs)
                        ^^^^^^^^^^^^^^^^^^^^^^^^^^^^^^^^^^^^^^^^^^^^^^^^^^
  File "C:\Users\User\miniconda3\envs\py3_11_9\Lib\site-packages\pycaret\internal\metrics.py", line 144, in __call__
    return self.score_func(y_true, y_pred, **kwargs)
           ^^^^^^^^^^^^^^^^^^^^^^^^^^^^^^^^^^^^^^^^^
  File "C:\Users\User\miniconda3\envs\py3_11_9\Lib\site-packages\sklearn\utils\_param_validation.py", line 213, in wrapper
    return func(*args, **kwargs)
           ^^^^^^^^^^^^^^^^^^^^^
  File "C:\Users\User\miniconda3\envs\py3_11_9\Lib\site-packages\sklearn\metrics\_ranking.py", line 634, in roc_auc_score
    return _multiclass_roc_auc_score(
           ^^^^^^^^^^^^^^^^^^^^^^^^^^
  File "C:\Users\User\miniconda3\envs\py3_11_9\Lib\site-packages\sklearn\metrics\_ranking.py", line 707, in _multiclass_roc_auc_score
    raise ValueError(
ValueError: Target scores need to be probabilities for multiclass roc_auc, i.e. they should sum up to 1.0 over classes

  warnings.warn(

2025-10-31 11:16:29,267:WARNING:C:\Users\User\miniconda3\envs\py3_11_9\Lib\site-packages\sklearn\metrics\_classification.py:1561: UserWarning: Note that pos_label (set to 'G') is ignored when average != 'binary' (got 'weighted'). You may use labels=[pos_label] to specify a single positive class.
  warnings.warn(

2025-10-31 11:16:29,269:WARNING:C:\Users\User\miniconda3\envs\py3_11_9\Lib\site-packages\sklearn\metrics\_classification.py:1561: UserWarning: Note that pos_label (set to 'G') is ignored when average != 'binary' (got 'weighted'). You may use labels=[pos_label] to specify a single positive class.
  warnings.warn(

2025-10-31 11:16:29,273:WARNING:C:\Users\User\miniconda3\envs\py3_11_9\Lib\site-packages\sklearn\metrics\_classification.py:1561: UserWarning: Note that pos_label (set to 'G') is ignored when average != 'binary' (got 'weighted'). You may use labels=[pos_label] to specify a single positive class.
  warnings.warn(

2025-10-31 11:16:29,279:WARNING:C:\Users\User\miniconda3\envs\py3_11_9\Lib\site-packages\sklearn\metrics\_classification.py:1561: UserWarning: Note that pos_label (set to 'G') is ignored when average != 'binary' (got 'weighted'). You may use labels=[pos_label] to specify a single positive class.
  warnings.warn(

2025-10-31 11:16:29,285:WARNING:C:\Users\User\miniconda3\envs\py3_11_9\Lib\site-packages\sklearn\metrics\_classification.py:1561: UserWarning: Note that pos_label (set to 'G') is ignored when average != 'binary' (got 'weighted'). You may use labels=[pos_label] to specify a single positive class.
  warnings.warn(

2025-10-31 11:16:29,285:WARNING:C:\Users\User\miniconda3\envs\py3_11_9\Lib\site-packages\sklearn\metrics\_classification.py:1561: UserWarning: Note that pos_label (set to 'G') is ignored when average != 'binary' (got 'weighted'). You may use labels=[pos_label] to specify a single positive class.
  warnings.warn(

2025-10-31 11:16:29,292:WARNING:C:\Users\User\miniconda3\envs\py3_11_9\Lib\site-packages\sklearn\metrics\_classification.py:1561: UserWarning: Note that pos_label (set to 'G') is ignored when average != 'binary' (got 'weighted'). You may use labels=[pos_label] to specify a single positive class.
  warnings.warn(

2025-10-31 11:16:29,295:WARNING:C:\Users\User\miniconda3\envs\py3_11_9\Lib\site-packages\sklearn\metrics\_classification.py:1561: UserWarning: Note that pos_label (set to 'G') is ignored when average != 'binary' (got 'weighted'). You may use labels=[pos_label] to specify a single positive class.
  warnings.warn(

2025-10-31 11:16:29,306:WARNING:C:\Users\User\miniconda3\envs\py3_11_9\Lib\site-packages\pycaret\internal\metrics.py:204: FitFailedWarning: Metric 'make_scorer(roc_auc_score, response_method=('decision_function', 'predict_proba'), average=weighted, multi_class=ovr)' failed and error score 0.0 has been returned instead. If this is a custom metric, this usually means that the error is in the metric code. Full exception below:
Traceback (most recent call last):
  File "C:\Users\User\miniconda3\envs\py3_11_9\Lib\site-packages\pycaret\internal\metrics.py", line 196, in _score
    return super()._score(
           ^^^^^^^^^^^^^^^
  File "C:\Users\User\miniconda3\envs\py3_11_9\Lib\site-packages\sklearn\metrics\_scorer.py", line 350, in _score
    return self._sign * self._score_func(y_true, y_pred, **scoring_kwargs)
                        ^^^^^^^^^^^^^^^^^^^^^^^^^^^^^^^^^^^^^^^^^^^^^^^^^^
  File "C:\Users\User\miniconda3\envs\py3_11_9\Lib\site-packages\pycaret\internal\metrics.py", line 144, in __call__
    return self.score_func(y_true, y_pred, **kwargs)
           ^^^^^^^^^^^^^^^^^^^^^^^^^^^^^^^^^^^^^^^^^
  File "C:\Users\User\miniconda3\envs\py3_11_9\Lib\site-packages\sklearn\utils\_param_validation.py", line 213, in wrapper
    return func(*args, **kwargs)
           ^^^^^^^^^^^^^^^^^^^^^
  File "C:\Users\User\miniconda3\envs\py3_11_9\Lib\site-packages\sklearn\metrics\_ranking.py", line 634, in roc_auc_score
    return _multiclass_roc_auc_score(
           ^^^^^^^^^^^^^^^^^^^^^^^^^^
  File "C:\Users\User\miniconda3\envs\py3_11_9\Lib\site-packages\sklearn\metrics\_ranking.py", line 707, in _multiclass_roc_auc_score
    raise ValueError(
ValueError: Target scores need to be probabilities for multiclass roc_auc, i.e. they should sum up to 1.0 over classes

  warnings.warn(

2025-10-31 11:16:29,316:WARNING:C:\Users\User\miniconda3\envs\py3_11_9\Lib\site-packages\sklearn\metrics\_classification.py:1561: UserWarning: Note that pos_label (set to 'G') is ignored when average != 'binary' (got 'weighted'). You may use labels=[pos_label] to specify a single positive class.
  warnings.warn(

2025-10-31 11:16:29,333:WARNING:C:\Users\User\miniconda3\envs\py3_11_9\Lib\site-packages\sklearn\metrics\_classification.py:1561: UserWarning: Note that pos_label (set to 'G') is ignored when average != 'binary' (got 'weighted'). You may use labels=[pos_label] to specify a single positive class.
  warnings.warn(

2025-10-31 11:16:29,335:WARNING:C:\Users\User\miniconda3\envs\py3_11_9\Lib\site-packages\pycaret\internal\metrics.py:204: FitFailedWarning: Metric 'make_scorer(roc_auc_score, response_method=('decision_function', 'predict_proba'), average=weighted, multi_class=ovr)' failed and error score 0.0 has been returned instead. If this is a custom metric, this usually means that the error is in the metric code. Full exception below:
Traceback (most recent call last):
  File "C:\Users\User\miniconda3\envs\py3_11_9\Lib\site-packages\pycaret\internal\metrics.py", line 196, in _score
    return super()._score(
           ^^^^^^^^^^^^^^^
  File "C:\Users\User\miniconda3\envs\py3_11_9\Lib\site-packages\sklearn\metrics\_scorer.py", line 350, in _score
    return self._sign * self._score_func(y_true, y_pred, **scoring_kwargs)
                        ^^^^^^^^^^^^^^^^^^^^^^^^^^^^^^^^^^^^^^^^^^^^^^^^^^
  File "C:\Users\User\miniconda3\envs\py3_11_9\Lib\site-packages\pycaret\internal\metrics.py", line 144, in __call__
    return self.score_func(y_true, y_pred, **kwargs)
           ^^^^^^^^^^^^^^^^^^^^^^^^^^^^^^^^^^^^^^^^^
  File "C:\Users\User\miniconda3\envs\py3_11_9\Lib\site-packages\sklearn\utils\_param_validation.py", line 213, in wrapper
    return func(*args, **kwargs)
           ^^^^^^^^^^^^^^^^^^^^^
  File "C:\Users\User\miniconda3\envs\py3_11_9\Lib\site-packages\sklearn\metrics\_ranking.py", line 634, in roc_auc_score
    return _multiclass_roc_auc_score(
           ^^^^^^^^^^^^^^^^^^^^^^^^^^
  File "C:\Users\User\miniconda3\envs\py3_11_9\Lib\site-packages\sklearn\metrics\_ranking.py", line 707, in _multiclass_roc_auc_score
    raise ValueError(
ValueError: Target scores need to be probabilities for multiclass roc_auc, i.e. they should sum up to 1.0 over classes

  warnings.warn(

2025-10-31 11:16:29,337:WARNING:C:\Users\User\miniconda3\envs\py3_11_9\Lib\site-packages\sklearn\metrics\_classification.py:1509: UndefinedMetricWarning: Precision is ill-defined and being set to 0.0 in labels with no predicted samples. Use `zero_division` parameter to control this behavior.
  _warn_prf(average, modifier, f"{metric.capitalize()} is", len(result))

2025-10-31 11:16:29,345:WARNING:C:\Users\User\miniconda3\envs\py3_11_9\Lib\site-packages\sklearn\metrics\_classification.py:1561: UserWarning: Note that pos_label (set to 'G') is ignored when average != 'binary' (got 'weighted'). You may use labels=[pos_label] to specify a single positive class.
  warnings.warn(

2025-10-31 11:16:29,347:WARNING:C:\Users\User\miniconda3\envs\py3_11_9\Lib\site-packages\sklearn\metrics\_classification.py:1561: UserWarning: Note that pos_label (set to 'G') is ignored when average != 'binary' (got 'weighted'). You may use labels=[pos_label] to specify a single positive class.
  warnings.warn(

2025-10-31 11:16:29,349:WARNING:C:\Users\User\miniconda3\envs\py3_11_9\Lib\site-packages\pycaret\internal\metrics.py:204: FitFailedWarning: Metric 'make_scorer(roc_auc_score, response_method=('decision_function', 'predict_proba'), average=weighted, multi_class=ovr)' failed and error score 0.0 has been returned instead. If this is a custom metric, this usually means that the error is in the metric code. Full exception below:
Traceback (most recent call last):
  File "C:\Users\User\miniconda3\envs\py3_11_9\Lib\site-packages\pycaret\internal\metrics.py", line 196, in _score
    return super()._score(
           ^^^^^^^^^^^^^^^
  File "C:\Users\User\miniconda3\envs\py3_11_9\Lib\site-packages\sklearn\metrics\_scorer.py", line 350, in _score
    return self._sign * self._score_func(y_true, y_pred, **scoring_kwargs)
                        ^^^^^^^^^^^^^^^^^^^^^^^^^^^^^^^^^^^^^^^^^^^^^^^^^^
  File "C:\Users\User\miniconda3\envs\py3_11_9\Lib\site-packages\pycaret\internal\metrics.py", line 144, in __call__
    return self.score_func(y_true, y_pred, **kwargs)
           ^^^^^^^^^^^^^^^^^^^^^^^^^^^^^^^^^^^^^^^^^
  File "C:\Users\User\miniconda3\envs\py3_11_9\Lib\site-packages\sklearn\utils\_param_validation.py", line 213, in wrapper
    return func(*args, **kwargs)
           ^^^^^^^^^^^^^^^^^^^^^
  File "C:\Users\User\miniconda3\envs\py3_11_9\Lib\site-packages\sklearn\metrics\_ranking.py", line 634, in roc_auc_score
    return _multiclass_roc_auc_score(
           ^^^^^^^^^^^^^^^^^^^^^^^^^^
  File "C:\Users\User\miniconda3\envs\py3_11_9\Lib\site-packages\sklearn\metrics\_ranking.py", line 707, in _multiclass_roc_auc_score
    raise ValueError(
ValueError: Target scores need to be probabilities for multiclass roc_auc, i.e. they should sum up to 1.0 over classes

  warnings.warn(

2025-10-31 11:16:29,356:WARNING:C:\Users\User\miniconda3\envs\py3_11_9\Lib\site-packages\sklearn\metrics\_classification.py:1561: UserWarning: Note that pos_label (set to 'G') is ignored when average != 'binary' (got 'weighted'). You may use labels=[pos_label] to specify a single positive class.
  warnings.warn(

2025-10-31 11:16:29,365:WARNING:C:\Users\User\miniconda3\envs\py3_11_9\Lib\site-packages\sklearn\metrics\_classification.py:1561: UserWarning: Note that pos_label (set to 'G') is ignored when average != 'binary' (got 'weighted'). You may use labels=[pos_label] to specify a single positive class.
  warnings.warn(

2025-10-31 11:16:29,369:WARNING:C:\Users\User\miniconda3\envs\py3_11_9\Lib\site-packages\sklearn\metrics\_classification.py:1561: UserWarning: Note that pos_label (set to 'G') is ignored when average != 'binary' (got 'weighted'). You may use labels=[pos_label] to specify a single positive class.
  warnings.warn(

2025-10-31 11:16:29,373:WARNING:C:\Users\User\miniconda3\envs\py3_11_9\Lib\site-packages\sklearn\metrics\_classification.py:1509: UndefinedMetricWarning: Precision is ill-defined and being set to 0.0 in labels with no predicted samples. Use `zero_division` parameter to control this behavior.
  _warn_prf(average, modifier, f"{metric.capitalize()} is", len(result))

2025-10-31 11:16:29,375:WARNING:C:\Users\User\miniconda3\envs\py3_11_9\Lib\site-packages\sklearn\metrics\_classification.py:1561: UserWarning: Note that pos_label (set to 'G') is ignored when average != 'binary' (got 'weighted'). You may use labels=[pos_label] to specify a single positive class.
  warnings.warn(

2025-10-31 11:16:29,379:WARNING:C:\Users\User\miniconda3\envs\py3_11_9\Lib\site-packages\sklearn\metrics\_classification.py:1561: UserWarning: Note that pos_label (set to 'G') is ignored when average != 'binary' (got 'weighted'). You may use labels=[pos_label] to specify a single positive class.
  warnings.warn(

2025-10-31 11:16:29,400:INFO:Calculating mean and std
2025-10-31 11:16:29,400:INFO:Creating metrics dataframe
2025-10-31 11:16:29,400:INFO:Uploading results into container
2025-10-31 11:16:29,400:INFO:Uploading model into container now
2025-10-31 11:16:29,400:INFO:_master_model_container: 10
2025-10-31 11:16:29,400:INFO:_display_container: 2
2025-10-31 11:16:29,400:INFO:GradientBoostingClassifier(ccp_alpha=0.0, criterion='friedman_mse', init=None,
                           learning_rate=0.1, loss='log_loss', max_depth=3,
                           max_features=None, max_leaf_nodes=None,
                           min_impurity_decrease=0.0, min_samples_leaf=1,
                           min_samples_split=2, min_weight_fraction_leaf=0.0,
                           n_estimators=100, n_iter_no_change=None,
                           random_state=123, subsample=1.0, tol=0.0001,
                           validation_fraction=0.1, verbose=0,
                           warm_start=False)
2025-10-31 11:16:29,403:INFO:create_model() successfully completed......................................
2025-10-31 11:16:29,458:INFO:SubProcess create_model() end ==================================
2025-10-31 11:16:29,458:INFO:Creating metrics dataframe
2025-10-31 11:16:29,464:INFO:Initializing Linear Discriminant Analysis
2025-10-31 11:16:29,464:INFO:Total runtime is 0.8472783803939818 minutes
2025-10-31 11:16:29,465:INFO:SubProcess create_model() called ==================================
2025-10-31 11:16:29,465:INFO:Initializing create_model()
2025-10-31 11:16:29,465:INFO:create_model(self=<pycaret.classification.oop.ClassificationExperiment object at 0x000002AFB4FC8A90>, estimator=lda, fold=StratifiedKFold(n_splits=10, random_state=None, shuffle=False), round=4, cross_validation=True, predict=True, fit_kwargs={}, groups=None, refit=False, probability_threshold=None, experiment_custom_tags=None, verbose=False, system=False, add_to_model_list=True, metrics=None, display=<pycaret.internal.display.display.CommonDisplay object at 0x000002AFB5024990>, model_only=True, return_train_score=False, error_score=0.0, kwargs={})
2025-10-31 11:16:29,465:INFO:Checking exceptions
2025-10-31 11:16:29,465:INFO:Importing libraries
2025-10-31 11:16:29,465:INFO:Copying training dataset
2025-10-31 11:16:29,472:INFO:Defining folds
2025-10-31 11:16:29,472:INFO:Declaring metric variables
2025-10-31 11:16:29,474:INFO:Importing untrained model
2025-10-31 11:16:29,474:INFO:Linear Discriminant Analysis Imported successfully
2025-10-31 11:16:29,483:INFO:Starting cross validation
2025-10-31 11:16:29,483:INFO:Cross validating with StratifiedKFold(n_splits=10, random_state=None, shuffle=False), n_jobs=-1
2025-10-31 11:16:29,811:WARNING:C:\Users\User\miniconda3\envs\py3_11_9\Lib\site-packages\pycaret\internal\metrics.py:204: FitFailedWarning: Metric 'make_scorer(roc_auc_score, response_method=('decision_function', 'predict_proba'), average=weighted, multi_class=ovr)' failed and error score 0.0 has been returned instead. If this is a custom metric, this usually means that the error is in the metric code. Full exception below:
Traceback (most recent call last):
  File "C:\Users\User\miniconda3\envs\py3_11_9\Lib\site-packages\pycaret\internal\metrics.py", line 196, in _score
    return super()._score(
           ^^^^^^^^^^^^^^^
  File "C:\Users\User\miniconda3\envs\py3_11_9\Lib\site-packages\sklearn\metrics\_scorer.py", line 350, in _score
    return self._sign * self._score_func(y_true, y_pred, **scoring_kwargs)
                        ^^^^^^^^^^^^^^^^^^^^^^^^^^^^^^^^^^^^^^^^^^^^^^^^^^
  File "C:\Users\User\miniconda3\envs\py3_11_9\Lib\site-packages\pycaret\internal\metrics.py", line 144, in __call__
    return self.score_func(y_true, y_pred, **kwargs)
           ^^^^^^^^^^^^^^^^^^^^^^^^^^^^^^^^^^^^^^^^^
  File "C:\Users\User\miniconda3\envs\py3_11_9\Lib\site-packages\sklearn\utils\_param_validation.py", line 213, in wrapper
    return func(*args, **kwargs)
           ^^^^^^^^^^^^^^^^^^^^^
  File "C:\Users\User\miniconda3\envs\py3_11_9\Lib\site-packages\sklearn\metrics\_ranking.py", line 634, in roc_auc_score
    return _multiclass_roc_auc_score(
           ^^^^^^^^^^^^^^^^^^^^^^^^^^
  File "C:\Users\User\miniconda3\envs\py3_11_9\Lib\site-packages\sklearn\metrics\_ranking.py", line 707, in _multiclass_roc_auc_score
    raise ValueError(
ValueError: Target scores need to be probabilities for multiclass roc_auc, i.e. they should sum up to 1.0 over classes

  warnings.warn(

2025-10-31 11:16:29,821:WARNING:C:\Users\User\miniconda3\envs\py3_11_9\Lib\site-packages\sklearn\metrics\_classification.py:1561: UserWarning: Note that pos_label (set to 'G') is ignored when average != 'binary' (got 'weighted'). You may use labels=[pos_label] to specify a single positive class.
  warnings.warn(

2025-10-31 11:16:29,850:WARNING:C:\Users\User\miniconda3\envs\py3_11_9\Lib\site-packages\pycaret\internal\metrics.py:204: FitFailedWarning: Metric 'make_scorer(roc_auc_score, response_method=('decision_function', 'predict_proba'), average=weighted, multi_class=ovr)' failed and error score 0.0 has been returned instead. If this is a custom metric, this usually means that the error is in the metric code. Full exception below:
Traceback (most recent call last):
  File "C:\Users\User\miniconda3\envs\py3_11_9\Lib\site-packages\pycaret\internal\metrics.py", line 196, in _score
    return super()._score(
           ^^^^^^^^^^^^^^^
  File "C:\Users\User\miniconda3\envs\py3_11_9\Lib\site-packages\sklearn\metrics\_scorer.py", line 350, in _score
    return self._sign * self._score_func(y_true, y_pred, **scoring_kwargs)
                        ^^^^^^^^^^^^^^^^^^^^^^^^^^^^^^^^^^^^^^^^^^^^^^^^^^
  File "C:\Users\User\miniconda3\envs\py3_11_9\Lib\site-packages\pycaret\internal\metrics.py", line 144, in __call__
    return self.score_func(y_true, y_pred, **kwargs)
           ^^^^^^^^^^^^^^^^^^^^^^^^^^^^^^^^^^^^^^^^^
  File "C:\Users\User\miniconda3\envs\py3_11_9\Lib\site-packages\sklearn\utils\_param_validation.py", line 213, in wrapper
    return func(*args, **kwargs)
           ^^^^^^^^^^^^^^^^^^^^^
  File "C:\Users\User\miniconda3\envs\py3_11_9\Lib\site-packages\sklearn\metrics\_ranking.py", line 634, in roc_auc_score
    return _multiclass_roc_auc_score(
           ^^^^^^^^^^^^^^^^^^^^^^^^^^
  File "C:\Users\User\miniconda3\envs\py3_11_9\Lib\site-packages\sklearn\metrics\_ranking.py", line 707, in _multiclass_roc_auc_score
    raise ValueError(
ValueError: Target scores need to be probabilities for multiclass roc_auc, i.e. they should sum up to 1.0 over classes

  warnings.warn(

2025-10-31 11:16:29,850:WARNING:C:\Users\User\miniconda3\envs\py3_11_9\Lib\site-packages\pycaret\internal\metrics.py:204: FitFailedWarning: Metric 'make_scorer(roc_auc_score, response_method=('decision_function', 'predict_proba'), average=weighted, multi_class=ovr)' failed and error score 0.0 has been returned instead. If this is a custom metric, this usually means that the error is in the metric code. Full exception below:
Traceback (most recent call last):
  File "C:\Users\User\miniconda3\envs\py3_11_9\Lib\site-packages\pycaret\internal\metrics.py", line 196, in _score
    return super()._score(
           ^^^^^^^^^^^^^^^
  File "C:\Users\User\miniconda3\envs\py3_11_9\Lib\site-packages\sklearn\metrics\_scorer.py", line 350, in _score
    return self._sign * self._score_func(y_true, y_pred, **scoring_kwargs)
                        ^^^^^^^^^^^^^^^^^^^^^^^^^^^^^^^^^^^^^^^^^^^^^^^^^^
  File "C:\Users\User\miniconda3\envs\py3_11_9\Lib\site-packages\pycaret\internal\metrics.py", line 144, in __call__
    return self.score_func(y_true, y_pred, **kwargs)
           ^^^^^^^^^^^^^^^^^^^^^^^^^^^^^^^^^^^^^^^^^
  File "C:\Users\User\miniconda3\envs\py3_11_9\Lib\site-packages\sklearn\utils\_param_validation.py", line 213, in wrapper
    return func(*args, **kwargs)
           ^^^^^^^^^^^^^^^^^^^^^
  File "C:\Users\User\miniconda3\envs\py3_11_9\Lib\site-packages\sklearn\metrics\_ranking.py", line 634, in roc_auc_score
    return _multiclass_roc_auc_score(
           ^^^^^^^^^^^^^^^^^^^^^^^^^^
  File "C:\Users\User\miniconda3\envs\py3_11_9\Lib\site-packages\sklearn\metrics\_ranking.py", line 707, in _multiclass_roc_auc_score
    raise ValueError(
ValueError: Target scores need to be probabilities for multiclass roc_auc, i.e. they should sum up to 1.0 over classes

  warnings.warn(

2025-10-31 11:16:29,853:WARNING:C:\Users\User\miniconda3\envs\py3_11_9\Lib\site-packages\sklearn\metrics\_classification.py:1561: UserWarning: Note that pos_label (set to 'G') is ignored when average != 'binary' (got 'weighted'). You may use labels=[pos_label] to specify a single positive class.
  warnings.warn(

2025-10-31 11:16:29,853:WARNING:C:\Users\User\miniconda3\envs\py3_11_9\Lib\site-packages\sklearn\metrics\_classification.py:1561: UserWarning: Note that pos_label (set to 'G') is ignored when average != 'binary' (got 'weighted'). You may use labels=[pos_label] to specify a single positive class.
  warnings.warn(

2025-10-31 11:16:29,861:WARNING:C:\Users\User\miniconda3\envs\py3_11_9\Lib\site-packages\pycaret\internal\metrics.py:204: FitFailedWarning: Metric 'make_scorer(roc_auc_score, response_method=('decision_function', 'predict_proba'), average=weighted, multi_class=ovr)' failed and error score 0.0 has been returned instead. If this is a custom metric, this usually means that the error is in the metric code. Full exception below:
Traceback (most recent call last):
  File "C:\Users\User\miniconda3\envs\py3_11_9\Lib\site-packages\pycaret\internal\metrics.py", line 196, in _score
    return super()._score(
           ^^^^^^^^^^^^^^^
  File "C:\Users\User\miniconda3\envs\py3_11_9\Lib\site-packages\sklearn\metrics\_scorer.py", line 350, in _score
    return self._sign * self._score_func(y_true, y_pred, **scoring_kwargs)
                        ^^^^^^^^^^^^^^^^^^^^^^^^^^^^^^^^^^^^^^^^^^^^^^^^^^
  File "C:\Users\User\miniconda3\envs\py3_11_9\Lib\site-packages\pycaret\internal\metrics.py", line 144, in __call__
    return self.score_func(y_true, y_pred, **kwargs)
           ^^^^^^^^^^^^^^^^^^^^^^^^^^^^^^^^^^^^^^^^^
  File "C:\Users\User\miniconda3\envs\py3_11_9\Lib\site-packages\sklearn\utils\_param_validation.py", line 213, in wrapper
    return func(*args, **kwargs)
           ^^^^^^^^^^^^^^^^^^^^^
  File "C:\Users\User\miniconda3\envs\py3_11_9\Lib\site-packages\sklearn\metrics\_ranking.py", line 634, in roc_auc_score
    return _multiclass_roc_auc_score(
           ^^^^^^^^^^^^^^^^^^^^^^^^^^
  File "C:\Users\User\miniconda3\envs\py3_11_9\Lib\site-packages\sklearn\metrics\_ranking.py", line 707, in _multiclass_roc_auc_score
    raise ValueError(
ValueError: Target scores need to be probabilities for multiclass roc_auc, i.e. they should sum up to 1.0 over classes

  warnings.warn(

2025-10-31 11:16:29,863:WARNING:C:\Users\User\miniconda3\envs\py3_11_9\Lib\site-packages\sklearn\metrics\_classification.py:1561: UserWarning: Note that pos_label (set to 'G') is ignored when average != 'binary' (got 'weighted'). You may use labels=[pos_label] to specify a single positive class.
  warnings.warn(

2025-10-31 11:16:29,863:WARNING:C:\Users\User\miniconda3\envs\py3_11_9\Lib\site-packages\pycaret\internal\metrics.py:204: FitFailedWarning: Metric 'make_scorer(roc_auc_score, response_method=('decision_function', 'predict_proba'), average=weighted, multi_class=ovr)' failed and error score 0.0 has been returned instead. If this is a custom metric, this usually means that the error is in the metric code. Full exception below:
Traceback (most recent call last):
  File "C:\Users\User\miniconda3\envs\py3_11_9\Lib\site-packages\pycaret\internal\metrics.py", line 196, in _score
    return super()._score(
           ^^^^^^^^^^^^^^^
  File "C:\Users\User\miniconda3\envs\py3_11_9\Lib\site-packages\sklearn\metrics\_scorer.py", line 350, in _score
    return self._sign * self._score_func(y_true, y_pred, **scoring_kwargs)
                        ^^^^^^^^^^^^^^^^^^^^^^^^^^^^^^^^^^^^^^^^^^^^^^^^^^
  File "C:\Users\User\miniconda3\envs\py3_11_9\Lib\site-packages\pycaret\internal\metrics.py", line 144, in __call__
    return self.score_func(y_true, y_pred, **kwargs)
           ^^^^^^^^^^^^^^^^^^^^^^^^^^^^^^^^^^^^^^^^^
  File "C:\Users\User\miniconda3\envs\py3_11_9\Lib\site-packages\sklearn\utils\_param_validation.py", line 213, in wrapper
    return func(*args, **kwargs)
           ^^^^^^^^^^^^^^^^^^^^^
  File "C:\Users\User\miniconda3\envs\py3_11_9\Lib\site-packages\sklearn\metrics\_ranking.py", line 634, in roc_auc_score
    return _multiclass_roc_auc_score(
           ^^^^^^^^^^^^^^^^^^^^^^^^^^
  File "C:\Users\User\miniconda3\envs\py3_11_9\Lib\site-packages\sklearn\metrics\_ranking.py", line 707, in _multiclass_roc_auc_score
    raise ValueError(
ValueError: Target scores need to be probabilities for multiclass roc_auc, i.e. they should sum up to 1.0 over classes

  warnings.warn(

2025-10-31 11:16:29,873:WARNING:C:\Users\User\miniconda3\envs\py3_11_9\Lib\site-packages\sklearn\metrics\_classification.py:1561: UserWarning: Note that pos_label (set to 'G') is ignored when average != 'binary' (got 'weighted'). You may use labels=[pos_label] to specify a single positive class.
  warnings.warn(

2025-10-31 11:16:29,873:WARNING:C:\Users\User\miniconda3\envs\py3_11_9\Lib\site-packages\sklearn\metrics\_classification.py:1561: UserWarning: Note that pos_label (set to 'G') is ignored when average != 'binary' (got 'weighted'). You may use labels=[pos_label] to specify a single positive class.
  warnings.warn(

2025-10-31 11:16:29,873:WARNING:C:\Users\User\miniconda3\envs\py3_11_9\Lib\site-packages\sklearn\metrics\_classification.py:1561: UserWarning: Note that pos_label (set to 'G') is ignored when average != 'binary' (got 'weighted'). You may use labels=[pos_label] to specify a single positive class.
  warnings.warn(

2025-10-31 11:16:29,873:WARNING:C:\Users\User\miniconda3\envs\py3_11_9\Lib\site-packages\pycaret\internal\metrics.py:204: FitFailedWarning: Metric 'make_scorer(roc_auc_score, response_method=('decision_function', 'predict_proba'), average=weighted, multi_class=ovr)' failed and error score 0.0 has been returned instead. If this is a custom metric, this usually means that the error is in the metric code. Full exception below:
Traceback (most recent call last):
  File "C:\Users\User\miniconda3\envs\py3_11_9\Lib\site-packages\pycaret\internal\metrics.py", line 196, in _score
    return super()._score(
           ^^^^^^^^^^^^^^^
  File "C:\Users\User\miniconda3\envs\py3_11_9\Lib\site-packages\sklearn\metrics\_scorer.py", line 350, in _score
    return self._sign * self._score_func(y_true, y_pred, **scoring_kwargs)
                        ^^^^^^^^^^^^^^^^^^^^^^^^^^^^^^^^^^^^^^^^^^^^^^^^^^
  File "C:\Users\User\miniconda3\envs\py3_11_9\Lib\site-packages\pycaret\internal\metrics.py", line 144, in __call__
    return self.score_func(y_true, y_pred, **kwargs)
           ^^^^^^^^^^^^^^^^^^^^^^^^^^^^^^^^^^^^^^^^^
  File "C:\Users\User\miniconda3\envs\py3_11_9\Lib\site-packages\sklearn\utils\_param_validation.py", line 213, in wrapper
    return func(*args, **kwargs)
           ^^^^^^^^^^^^^^^^^^^^^
  File "C:\Users\User\miniconda3\envs\py3_11_9\Lib\site-packages\sklearn\metrics\_ranking.py", line 634, in roc_auc_score
    return _multiclass_roc_auc_score(
           ^^^^^^^^^^^^^^^^^^^^^^^^^^
  File "C:\Users\User\miniconda3\envs\py3_11_9\Lib\site-packages\sklearn\metrics\_ranking.py", line 707, in _multiclass_roc_auc_score
    raise ValueError(
ValueError: Target scores need to be probabilities for multiclass roc_auc, i.e. they should sum up to 1.0 over classes

  warnings.warn(

2025-10-31 11:16:29,883:WARNING:C:\Users\User\miniconda3\envs\py3_11_9\Lib\site-packages\sklearn\metrics\_classification.py:1561: UserWarning: Note that pos_label (set to 'G') is ignored when average != 'binary' (got 'weighted'). You may use labels=[pos_label] to specify a single positive class.
  warnings.warn(

2025-10-31 11:16:29,883:WARNING:C:\Users\User\miniconda3\envs\py3_11_9\Lib\site-packages\pycaret\internal\metrics.py:204: FitFailedWarning: Metric 'make_scorer(roc_auc_score, response_method=('decision_function', 'predict_proba'), average=weighted, multi_class=ovr)' failed and error score 0.0 has been returned instead. If this is a custom metric, this usually means that the error is in the metric code. Full exception below:
Traceback (most recent call last):
  File "C:\Users\User\miniconda3\envs\py3_11_9\Lib\site-packages\pycaret\internal\metrics.py", line 196, in _score
    return super()._score(
           ^^^^^^^^^^^^^^^
  File "C:\Users\User\miniconda3\envs\py3_11_9\Lib\site-packages\sklearn\metrics\_scorer.py", line 350, in _score
    return self._sign * self._score_func(y_true, y_pred, **scoring_kwargs)
                        ^^^^^^^^^^^^^^^^^^^^^^^^^^^^^^^^^^^^^^^^^^^^^^^^^^
  File "C:\Users\User\miniconda3\envs\py3_11_9\Lib\site-packages\pycaret\internal\metrics.py", line 144, in __call__
    return self.score_func(y_true, y_pred, **kwargs)
           ^^^^^^^^^^^^^^^^^^^^^^^^^^^^^^^^^^^^^^^^^
  File "C:\Users\User\miniconda3\envs\py3_11_9\Lib\site-packages\sklearn\utils\_param_validation.py", line 213, in wrapper
    return func(*args, **kwargs)
           ^^^^^^^^^^^^^^^^^^^^^
  File "C:\Users\User\miniconda3\envs\py3_11_9\Lib\site-packages\sklearn\metrics\_ranking.py", line 634, in roc_auc_score
    return _multiclass_roc_auc_score(
           ^^^^^^^^^^^^^^^^^^^^^^^^^^
  File "C:\Users\User\miniconda3\envs\py3_11_9\Lib\site-packages\sklearn\metrics\_ranking.py", line 707, in _multiclass_roc_auc_score
    raise ValueError(
ValueError: Target scores need to be probabilities for multiclass roc_auc, i.e. they should sum up to 1.0 over classes

  warnings.warn(

2025-10-31 11:16:29,892:WARNING:C:\Users\User\miniconda3\envs\py3_11_9\Lib\site-packages\sklearn\metrics\_classification.py:1561: UserWarning: Note that pos_label (set to 'G') is ignored when average != 'binary' (got 'weighted'). You may use labels=[pos_label] to specify a single positive class.
  warnings.warn(

2025-10-31 11:16:29,892:WARNING:C:\Users\User\miniconda3\envs\py3_11_9\Lib\site-packages\pycaret\internal\metrics.py:204: FitFailedWarning: Metric 'make_scorer(roc_auc_score, response_method=('decision_function', 'predict_proba'), average=weighted, multi_class=ovr)' failed and error score 0.0 has been returned instead. If this is a custom metric, this usually means that the error is in the metric code. Full exception below:
Traceback (most recent call last):
  File "C:\Users\User\miniconda3\envs\py3_11_9\Lib\site-packages\pycaret\internal\metrics.py", line 196, in _score
    return super()._score(
           ^^^^^^^^^^^^^^^
  File "C:\Users\User\miniconda3\envs\py3_11_9\Lib\site-packages\sklearn\metrics\_scorer.py", line 350, in _score
    return self._sign * self._score_func(y_true, y_pred, **scoring_kwargs)
                        ^^^^^^^^^^^^^^^^^^^^^^^^^^^^^^^^^^^^^^^^^^^^^^^^^^
  File "C:\Users\User\miniconda3\envs\py3_11_9\Lib\site-packages\pycaret\internal\metrics.py", line 144, in __call__
    return self.score_func(y_true, y_pred, **kwargs)
           ^^^^^^^^^^^^^^^^^^^^^^^^^^^^^^^^^^^^^^^^^
  File "C:\Users\User\miniconda3\envs\py3_11_9\Lib\site-packages\sklearn\utils\_param_validation.py", line 213, in wrapper
    return func(*args, **kwargs)
           ^^^^^^^^^^^^^^^^^^^^^
  File "C:\Users\User\miniconda3\envs\py3_11_9\Lib\site-packages\sklearn\metrics\_ranking.py", line 634, in roc_auc_score
    return _multiclass_roc_auc_score(
           ^^^^^^^^^^^^^^^^^^^^^^^^^^
  File "C:\Users\User\miniconda3\envs\py3_11_9\Lib\site-packages\sklearn\metrics\_ranking.py", line 707, in _multiclass_roc_auc_score
    raise ValueError(
ValueError: Target scores need to be probabilities for multiclass roc_auc, i.e. they should sum up to 1.0 over classes

  warnings.warn(

2025-10-31 11:16:29,894:WARNING:C:\Users\User\miniconda3\envs\py3_11_9\Lib\site-packages\sklearn\metrics\_classification.py:1561: UserWarning: Note that pos_label (set to 'G') is ignored when average != 'binary' (got 'weighted'). You may use labels=[pos_label] to specify a single positive class.
  warnings.warn(

2025-10-31 11:16:29,894:WARNING:C:\Users\User\miniconda3\envs\py3_11_9\Lib\site-packages\sklearn\metrics\_classification.py:1561: UserWarning: Note that pos_label (set to 'G') is ignored when average != 'binary' (got 'weighted'). You may use labels=[pos_label] to specify a single positive class.
  warnings.warn(

2025-10-31 11:16:29,894:WARNING:C:\Users\User\miniconda3\envs\py3_11_9\Lib\site-packages\pycaret\internal\metrics.py:204: FitFailedWarning: Metric 'make_scorer(roc_auc_score, response_method=('decision_function', 'predict_proba'), average=weighted, multi_class=ovr)' failed and error score 0.0 has been returned instead. If this is a custom metric, this usually means that the error is in the metric code. Full exception below:
Traceback (most recent call last):
  File "C:\Users\User\miniconda3\envs\py3_11_9\Lib\site-packages\pycaret\internal\metrics.py", line 196, in _score
    return super()._score(
           ^^^^^^^^^^^^^^^
  File "C:\Users\User\miniconda3\envs\py3_11_9\Lib\site-packages\sklearn\metrics\_scorer.py", line 350, in _score
    return self._sign * self._score_func(y_true, y_pred, **scoring_kwargs)
                        ^^^^^^^^^^^^^^^^^^^^^^^^^^^^^^^^^^^^^^^^^^^^^^^^^^
  File "C:\Users\User\miniconda3\envs\py3_11_9\Lib\site-packages\pycaret\internal\metrics.py", line 144, in __call__
    return self.score_func(y_true, y_pred, **kwargs)
           ^^^^^^^^^^^^^^^^^^^^^^^^^^^^^^^^^^^^^^^^^
  File "C:\Users\User\miniconda3\envs\py3_11_9\Lib\site-packages\sklearn\utils\_param_validation.py", line 213, in wrapper
    return func(*args, **kwargs)
           ^^^^^^^^^^^^^^^^^^^^^
  File "C:\Users\User\miniconda3\envs\py3_11_9\Lib\site-packages\sklearn\metrics\_ranking.py", line 634, in roc_auc_score
    return _multiclass_roc_auc_score(
           ^^^^^^^^^^^^^^^^^^^^^^^^^^
  File "C:\Users\User\miniconda3\envs\py3_11_9\Lib\site-packages\sklearn\metrics\_ranking.py", line 707, in _multiclass_roc_auc_score
    raise ValueError(
ValueError: Target scores need to be probabilities for multiclass roc_auc, i.e. they should sum up to 1.0 over classes

  warnings.warn(

2025-10-31 11:16:29,894:WARNING:C:\Users\User\miniconda3\envs\py3_11_9\Lib\site-packages\sklearn\metrics\_classification.py:1561: UserWarning: Note that pos_label (set to 'G') is ignored when average != 'binary' (got 'weighted'). You may use labels=[pos_label] to specify a single positive class.
  warnings.warn(

2025-10-31 11:16:29,894:WARNING:C:\Users\User\miniconda3\envs\py3_11_9\Lib\site-packages\sklearn\metrics\_classification.py:1561: UserWarning: Note that pos_label (set to 'G') is ignored when average != 'binary' (got 'weighted'). You may use labels=[pos_label] to specify a single positive class.
  warnings.warn(

2025-10-31 11:16:29,894:WARNING:C:\Users\User\miniconda3\envs\py3_11_9\Lib\site-packages\sklearn\metrics\_classification.py:1561: UserWarning: Note that pos_label (set to 'G') is ignored when average != 'binary' (got 'weighted'). You may use labels=[pos_label] to specify a single positive class.
  warnings.warn(

2025-10-31 11:16:29,902:WARNING:C:\Users\User\miniconda3\envs\py3_11_9\Lib\site-packages\sklearn\metrics\_classification.py:1561: UserWarning: Note that pos_label (set to 'G') is ignored when average != 'binary' (got 'weighted'). You may use labels=[pos_label] to specify a single positive class.
  warnings.warn(

2025-10-31 11:16:29,902:WARNING:C:\Users\User\miniconda3\envs\py3_11_9\Lib\site-packages\sklearn\metrics\_classification.py:1561: UserWarning: Note that pos_label (set to 'G') is ignored when average != 'binary' (got 'weighted'). You may use labels=[pos_label] to specify a single positive class.
  warnings.warn(

2025-10-31 11:16:29,902:WARNING:C:\Users\User\miniconda3\envs\py3_11_9\Lib\site-packages\pycaret\internal\metrics.py:204: FitFailedWarning: Metric 'make_scorer(roc_auc_score, response_method=('decision_function', 'predict_proba'), average=weighted, multi_class=ovr)' failed and error score 0.0 has been returned instead. If this is a custom metric, this usually means that the error is in the metric code. Full exception below:
Traceback (most recent call last):
  File "C:\Users\User\miniconda3\envs\py3_11_9\Lib\site-packages\pycaret\internal\metrics.py", line 196, in _score
    return super()._score(
           ^^^^^^^^^^^^^^^
  File "C:\Users\User\miniconda3\envs\py3_11_9\Lib\site-packages\sklearn\metrics\_scorer.py", line 350, in _score
    return self._sign * self._score_func(y_true, y_pred, **scoring_kwargs)
                        ^^^^^^^^^^^^^^^^^^^^^^^^^^^^^^^^^^^^^^^^^^^^^^^^^^
  File "C:\Users\User\miniconda3\envs\py3_11_9\Lib\site-packages\pycaret\internal\metrics.py", line 144, in __call__
    return self.score_func(y_true, y_pred, **kwargs)
           ^^^^^^^^^^^^^^^^^^^^^^^^^^^^^^^^^^^^^^^^^
  File "C:\Users\User\miniconda3\envs\py3_11_9\Lib\site-packages\sklearn\utils\_param_validation.py", line 213, in wrapper
    return func(*args, **kwargs)
           ^^^^^^^^^^^^^^^^^^^^^
  File "C:\Users\User\miniconda3\envs\py3_11_9\Lib\site-packages\sklearn\metrics\_ranking.py", line 634, in roc_auc_score
    return _multiclass_roc_auc_score(
           ^^^^^^^^^^^^^^^^^^^^^^^^^^
  File "C:\Users\User\miniconda3\envs\py3_11_9\Lib\site-packages\sklearn\metrics\_ranking.py", line 707, in _multiclass_roc_auc_score
    raise ValueError(
ValueError: Target scores need to be probabilities for multiclass roc_auc, i.e. they should sum up to 1.0 over classes

  warnings.warn(

2025-10-31 11:16:29,904:WARNING:C:\Users\User\miniconda3\envs\py3_11_9\Lib\site-packages\sklearn\metrics\_classification.py:1561: UserWarning: Note that pos_label (set to 'G') is ignored when average != 'binary' (got 'weighted'). You may use labels=[pos_label] to specify a single positive class.
  warnings.warn(

2025-10-31 11:16:29,904:WARNING:C:\Users\User\miniconda3\envs\py3_11_9\Lib\site-packages\sklearn\metrics\_classification.py:1561: UserWarning: Note that pos_label (set to 'G') is ignored when average != 'binary' (got 'weighted'). You may use labels=[pos_label] to specify a single positive class.
  warnings.warn(

2025-10-31 11:16:29,904:WARNING:C:\Users\User\miniconda3\envs\py3_11_9\Lib\site-packages\sklearn\metrics\_classification.py:1561: UserWarning: Note that pos_label (set to 'G') is ignored when average != 'binary' (got 'weighted'). You may use labels=[pos_label] to specify a single positive class.
  warnings.warn(

2025-10-31 11:16:29,912:WARNING:C:\Users\User\miniconda3\envs\py3_11_9\Lib\site-packages\sklearn\metrics\_classification.py:1561: UserWarning: Note that pos_label (set to 'G') is ignored when average != 'binary' (got 'weighted'). You may use labels=[pos_label] to specify a single positive class.
  warnings.warn(

2025-10-31 11:16:29,912:WARNING:C:\Users\User\miniconda3\envs\py3_11_9\Lib\site-packages\sklearn\metrics\_classification.py:1561: UserWarning: Note that pos_label (set to 'G') is ignored when average != 'binary' (got 'weighted'). You may use labels=[pos_label] to specify a single positive class.
  warnings.warn(

2025-10-31 11:16:29,915:WARNING:C:\Users\User\miniconda3\envs\py3_11_9\Lib\site-packages\sklearn\metrics\_classification.py:1561: UserWarning: Note that pos_label (set to 'G') is ignored when average != 'binary' (got 'weighted'). You may use labels=[pos_label] to specify a single positive class.
  warnings.warn(

2025-10-31 11:16:29,915:WARNING:C:\Users\User\miniconda3\envs\py3_11_9\Lib\site-packages\sklearn\metrics\_classification.py:1561: UserWarning: Note that pos_label (set to 'G') is ignored when average != 'binary' (got 'weighted'). You may use labels=[pos_label] to specify a single positive class.
  warnings.warn(

2025-10-31 11:16:29,923:WARNING:C:\Users\User\miniconda3\envs\py3_11_9\Lib\site-packages\sklearn\metrics\_classification.py:1561: UserWarning: Note that pos_label (set to 'G') is ignored when average != 'binary' (got 'weighted'). You may use labels=[pos_label] to specify a single positive class.
  warnings.warn(

2025-10-31 11:16:29,925:WARNING:C:\Users\User\miniconda3\envs\py3_11_9\Lib\site-packages\sklearn\metrics\_classification.py:1561: UserWarning: Note that pos_label (set to 'G') is ignored when average != 'binary' (got 'weighted'). You may use labels=[pos_label] to specify a single positive class.
  warnings.warn(

2025-10-31 11:16:29,935:WARNING:C:\Users\User\miniconda3\envs\py3_11_9\Lib\site-packages\sklearn\metrics\_classification.py:1561: UserWarning: Note that pos_label (set to 'G') is ignored when average != 'binary' (got 'weighted'). You may use labels=[pos_label] to specify a single positive class.
  warnings.warn(

2025-10-31 11:16:29,935:WARNING:C:\Users\User\miniconda3\envs\py3_11_9\Lib\site-packages\sklearn\metrics\_classification.py:1561: UserWarning: Note that pos_label (set to 'G') is ignored when average != 'binary' (got 'weighted'). You may use labels=[pos_label] to specify a single positive class.
  warnings.warn(

2025-10-31 11:16:29,935:WARNING:C:\Users\User\miniconda3\envs\py3_11_9\Lib\site-packages\sklearn\metrics\_classification.py:1561: UserWarning: Note that pos_label (set to 'G') is ignored when average != 'binary' (got 'weighted'). You may use labels=[pos_label] to specify a single positive class.
  warnings.warn(

2025-10-31 11:16:29,945:WARNING:C:\Users\User\miniconda3\envs\py3_11_9\Lib\site-packages\sklearn\metrics\_classification.py:1561: UserWarning: Note that pos_label (set to 'G') is ignored when average != 'binary' (got 'weighted'). You may use labels=[pos_label] to specify a single positive class.
  warnings.warn(

2025-10-31 11:16:29,964:WARNING:C:\Users\User\miniconda3\envs\py3_11_9\Lib\site-packages\sklearn\metrics\_classification.py:1561: UserWarning: Note that pos_label (set to 'G') is ignored when average != 'binary' (got 'weighted'). You may use labels=[pos_label] to specify a single positive class.
  warnings.warn(

2025-10-31 11:16:29,997:INFO:Calculating mean and std
2025-10-31 11:16:29,997:INFO:Creating metrics dataframe
2025-10-31 11:16:29,997:INFO:Uploading results into container
2025-10-31 11:16:29,997:INFO:Uploading model into container now
2025-10-31 11:16:29,997:INFO:_master_model_container: 11
2025-10-31 11:16:29,997:INFO:_display_container: 2
2025-10-31 11:16:30,001:INFO:LinearDiscriminantAnalysis(covariance_estimator=None, n_components=None,
                           priors=None, shrinkage=None, solver='svd',
                           store_covariance=False, tol=0.0001)
2025-10-31 11:16:30,001:INFO:create_model() successfully completed......................................
2025-10-31 11:16:30,054:INFO:SubProcess create_model() end ==================================
2025-10-31 11:16:30,055:INFO:Creating metrics dataframe
2025-10-31 11:16:30,060:INFO:Initializing Extra Trees Classifier
2025-10-31 11:16:30,060:INFO:Total runtime is 0.8572104016939798 minutes
2025-10-31 11:16:30,062:INFO:SubProcess create_model() called ==================================
2025-10-31 11:16:30,063:INFO:Initializing create_model()
2025-10-31 11:16:30,063:INFO:create_model(self=<pycaret.classification.oop.ClassificationExperiment object at 0x000002AFB4FC8A90>, estimator=et, fold=StratifiedKFold(n_splits=10, random_state=None, shuffle=False), round=4, cross_validation=True, predict=True, fit_kwargs={}, groups=None, refit=False, probability_threshold=None, experiment_custom_tags=None, verbose=False, system=False, add_to_model_list=True, metrics=None, display=<pycaret.internal.display.display.CommonDisplay object at 0x000002AFB5024990>, model_only=True, return_train_score=False, error_score=0.0, kwargs={})
2025-10-31 11:16:30,063:INFO:Checking exceptions
2025-10-31 11:16:30,063:INFO:Importing libraries
2025-10-31 11:16:30,063:INFO:Copying training dataset
2025-10-31 11:16:30,073:INFO:Defining folds
2025-10-31 11:16:30,073:INFO:Declaring metric variables
2025-10-31 11:16:30,075:INFO:Importing untrained model
2025-10-31 11:16:30,079:INFO:Extra Trees Classifier Imported successfully
2025-10-31 11:16:30,081:INFO:Starting cross validation
2025-10-31 11:16:30,081:INFO:Cross validating with StratifiedKFold(n_splits=10, random_state=None, shuffle=False), n_jobs=-1
2025-10-31 11:16:34,784:WARNING:C:\Users\User\miniconda3\envs\py3_11_9\Lib\site-packages\sklearn\metrics\_classification.py:1561: UserWarning: Note that pos_label (set to 'G') is ignored when average != 'binary' (got 'weighted'). You may use labels=[pos_label] to specify a single positive class.
  warnings.warn(

2025-10-31 11:16:34,788:WARNING:C:\Users\User\miniconda3\envs\py3_11_9\Lib\site-packages\sklearn\metrics\_classification.py:1561: UserWarning: Note that pos_label (set to 'G') is ignored when average != 'binary' (got 'weighted'). You may use labels=[pos_label] to specify a single positive class.
  warnings.warn(

2025-10-31 11:16:34,796:WARNING:C:\Users\User\miniconda3\envs\py3_11_9\Lib\site-packages\sklearn\metrics\_classification.py:1561: UserWarning: Note that pos_label (set to 'G') is ignored when average != 'binary' (got 'weighted'). You may use labels=[pos_label] to specify a single positive class.
  warnings.warn(

2025-10-31 11:16:34,808:WARNING:C:\Users\User\miniconda3\envs\py3_11_9\Lib\site-packages\sklearn\metrics\_classification.py:1561: UserWarning: Note that pos_label (set to 'G') is ignored when average != 'binary' (got 'weighted'). You may use labels=[pos_label] to specify a single positive class.
  warnings.warn(

2025-10-31 11:16:34,809:WARNING:C:\Users\User\miniconda3\envs\py3_11_9\Lib\site-packages\sklearn\metrics\_classification.py:1561: UserWarning: Note that pos_label (set to 'G') is ignored when average != 'binary' (got 'weighted'). You may use labels=[pos_label] to specify a single positive class.
  warnings.warn(

2025-10-31 11:16:34,842:WARNING:C:\Users\User\miniconda3\envs\py3_11_9\Lib\site-packages\sklearn\metrics\_classification.py:1561: UserWarning: Note that pos_label (set to 'G') is ignored when average != 'binary' (got 'weighted'). You may use labels=[pos_label] to specify a single positive class.
  warnings.warn(

2025-10-31 11:16:34,851:WARNING:C:\Users\User\miniconda3\envs\py3_11_9\Lib\site-packages\sklearn\metrics\_classification.py:1561: UserWarning: Note that pos_label (set to 'G') is ignored when average != 'binary' (got 'weighted'). You may use labels=[pos_label] to specify a single positive class.
  warnings.warn(

2025-10-31 11:16:34,852:WARNING:C:\Users\User\miniconda3\envs\py3_11_9\Lib\site-packages\sklearn\metrics\_classification.py:1561: UserWarning: Note that pos_label (set to 'G') is ignored when average != 'binary' (got 'weighted'). You may use labels=[pos_label] to specify a single positive class.
  warnings.warn(

2025-10-31 11:16:34,859:WARNING:C:\Users\User\miniconda3\envs\py3_11_9\Lib\site-packages\sklearn\metrics\_classification.py:1561: UserWarning: Note that pos_label (set to 'G') is ignored when average != 'binary' (got 'weighted'). You may use labels=[pos_label] to specify a single positive class.
  warnings.warn(

2025-10-31 11:16:34,860:WARNING:C:\Users\User\miniconda3\envs\py3_11_9\Lib\site-packages\sklearn\metrics\_classification.py:1561: UserWarning: Note that pos_label (set to 'G') is ignored when average != 'binary' (got 'weighted'). You may use labels=[pos_label] to specify a single positive class.
  warnings.warn(

2025-10-31 11:16:34,862:WARNING:C:\Users\User\miniconda3\envs\py3_11_9\Lib\site-packages\sklearn\metrics\_classification.py:1561: UserWarning: Note that pos_label (set to 'G') is ignored when average != 'binary' (got 'weighted'). You may use labels=[pos_label] to specify a single positive class.
  warnings.warn(

2025-10-31 11:16:34,863:WARNING:C:\Users\User\miniconda3\envs\py3_11_9\Lib\site-packages\sklearn\metrics\_classification.py:1561: UserWarning: Note that pos_label (set to 'G') is ignored when average != 'binary' (got 'weighted'). You may use labels=[pos_label] to specify a single positive class.
  warnings.warn(

2025-10-31 11:16:34,874:WARNING:C:\Users\User\miniconda3\envs\py3_11_9\Lib\site-packages\sklearn\metrics\_classification.py:1561: UserWarning: Note that pos_label (set to 'G') is ignored when average != 'binary' (got 'weighted'). You may use labels=[pos_label] to specify a single positive class.
  warnings.warn(

2025-10-31 11:16:34,875:WARNING:C:\Users\User\miniconda3\envs\py3_11_9\Lib\site-packages\sklearn\metrics\_classification.py:1561: UserWarning: Note that pos_label (set to 'G') is ignored when average != 'binary' (got 'weighted'). You may use labels=[pos_label] to specify a single positive class.
  warnings.warn(

2025-10-31 11:16:34,877:WARNING:C:\Users\User\miniconda3\envs\py3_11_9\Lib\site-packages\sklearn\metrics\_classification.py:1509: UndefinedMetricWarning: Precision is ill-defined and being set to 0.0 in labels with no predicted samples. Use `zero_division` parameter to control this behavior.
  _warn_prf(average, modifier, f"{metric.capitalize()} is", len(result))

2025-10-31 11:16:34,879:WARNING:C:\Users\User\miniconda3\envs\py3_11_9\Lib\site-packages\sklearn\metrics\_classification.py:1509: UndefinedMetricWarning: Precision is ill-defined and being set to 0.0 in labels with no predicted samples. Use `zero_division` parameter to control this behavior.
  _warn_prf(average, modifier, f"{metric.capitalize()} is", len(result))

2025-10-31 11:16:34,881:WARNING:C:\Users\User\miniconda3\envs\py3_11_9\Lib\site-packages\sklearn\metrics\_classification.py:1561: UserWarning: Note that pos_label (set to 'G') is ignored when average != 'binary' (got 'weighted'). You may use labels=[pos_label] to specify a single positive class.
  warnings.warn(

2025-10-31 11:16:34,882:WARNING:C:\Users\User\miniconda3\envs\py3_11_9\Lib\site-packages\sklearn\metrics\_classification.py:1561: UserWarning: Note that pos_label (set to 'G') is ignored when average != 'binary' (got 'weighted'). You may use labels=[pos_label] to specify a single positive class.
  warnings.warn(

2025-10-31 11:16:34,884:WARNING:C:\Users\User\miniconda3\envs\py3_11_9\Lib\site-packages\sklearn\metrics\_classification.py:1561: UserWarning: Note that pos_label (set to 'G') is ignored when average != 'binary' (got 'weighted'). You may use labels=[pos_label] to specify a single positive class.
  warnings.warn(

2025-10-31 11:16:34,888:WARNING:C:\Users\User\miniconda3\envs\py3_11_9\Lib\site-packages\sklearn\metrics\_classification.py:1561: UserWarning: Note that pos_label (set to 'G') is ignored when average != 'binary' (got 'weighted'). You may use labels=[pos_label] to specify a single positive class.
  warnings.warn(

2025-10-31 11:16:34,889:WARNING:C:\Users\User\miniconda3\envs\py3_11_9\Lib\site-packages\sklearn\metrics\_classification.py:1561: UserWarning: Note that pos_label (set to 'G') is ignored when average != 'binary' (got 'weighted'). You may use labels=[pos_label] to specify a single positive class.
  warnings.warn(

2025-10-31 11:16:34,891:WARNING:C:\Users\User\miniconda3\envs\py3_11_9\Lib\site-packages\sklearn\metrics\_classification.py:1561: UserWarning: Note that pos_label (set to 'G') is ignored when average != 'binary' (got 'weighted'). You may use labels=[pos_label] to specify a single positive class.
  warnings.warn(

2025-10-31 11:16:34,891:WARNING:C:\Users\User\miniconda3\envs\py3_11_9\Lib\site-packages\sklearn\metrics\_classification.py:1561: UserWarning: Note that pos_label (set to 'G') is ignored when average != 'binary' (got 'weighted'). You may use labels=[pos_label] to specify a single positive class.
  warnings.warn(

2025-10-31 11:16:34,903:WARNING:C:\Users\User\miniconda3\envs\py3_11_9\Lib\site-packages\sklearn\metrics\_classification.py:1509: UndefinedMetricWarning: Precision is ill-defined and being set to 0.0 in labels with no predicted samples. Use `zero_division` parameter to control this behavior.
  _warn_prf(average, modifier, f"{metric.capitalize()} is", len(result))

2025-10-31 11:16:34,904:WARNING:C:\Users\User\miniconda3\envs\py3_11_9\Lib\site-packages\sklearn\metrics\_classification.py:1561: UserWarning: Note that pos_label (set to 'G') is ignored when average != 'binary' (got 'weighted'). You may use labels=[pos_label] to specify a single positive class.
  warnings.warn(

2025-10-31 11:16:34,904:WARNING:C:\Users\User\miniconda3\envs\py3_11_9\Lib\site-packages\sklearn\metrics\_classification.py:1561: UserWarning: Note that pos_label (set to 'G') is ignored when average != 'binary' (got 'weighted'). You may use labels=[pos_label] to specify a single positive class.
  warnings.warn(

2025-10-31 11:16:34,911:WARNING:C:\Users\User\miniconda3\envs\py3_11_9\Lib\site-packages\sklearn\metrics\_classification.py:1561: UserWarning: Note that pos_label (set to 'G') is ignored when average != 'binary' (got 'weighted'). You may use labels=[pos_label] to specify a single positive class.
  warnings.warn(

2025-10-31 11:16:34,914:WARNING:C:\Users\User\miniconda3\envs\py3_11_9\Lib\site-packages\sklearn\metrics\_classification.py:1561: UserWarning: Note that pos_label (set to 'G') is ignored when average != 'binary' (got 'weighted'). You may use labels=[pos_label] to specify a single positive class.
  warnings.warn(

2025-10-31 11:16:34,929:WARNING:C:\Users\User\miniconda3\envs\py3_11_9\Lib\site-packages\sklearn\metrics\_classification.py:1509: UndefinedMetricWarning: Precision is ill-defined and being set to 0.0 in labels with no predicted samples. Use `zero_division` parameter to control this behavior.
  _warn_prf(average, modifier, f"{metric.capitalize()} is", len(result))

2025-10-31 11:16:34,935:WARNING:C:\Users\User\miniconda3\envs\py3_11_9\Lib\site-packages\sklearn\metrics\_classification.py:1561: UserWarning: Note that pos_label (set to 'G') is ignored when average != 'binary' (got 'weighted'). You may use labels=[pos_label] to specify a single positive class.
  warnings.warn(

2025-10-31 11:16:34,943:WARNING:C:\Users\User\miniconda3\envs\py3_11_9\Lib\site-packages\sklearn\metrics\_classification.py:1561: UserWarning: Note that pos_label (set to 'G') is ignored when average != 'binary' (got 'weighted'). You may use labels=[pos_label] to specify a single positive class.
  warnings.warn(

2025-10-31 11:16:35,002:WARNING:C:\Users\User\miniconda3\envs\py3_11_9\Lib\site-packages\sklearn\metrics\_classification.py:1561: UserWarning: Note that pos_label (set to 'G') is ignored when average != 'binary' (got 'weighted'). You may use labels=[pos_label] to specify a single positive class.
  warnings.warn(

2025-10-31 11:16:35,015:WARNING:C:\Users\User\miniconda3\envs\py3_11_9\Lib\site-packages\sklearn\metrics\_classification.py:1561: UserWarning: Note that pos_label (set to 'G') is ignored when average != 'binary' (got 'weighted'). You may use labels=[pos_label] to specify a single positive class.
  warnings.warn(

2025-10-31 11:16:35,030:WARNING:C:\Users\User\miniconda3\envs\py3_11_9\Lib\site-packages\sklearn\metrics\_classification.py:1561: UserWarning: Note that pos_label (set to 'G') is ignored when average != 'binary' (got 'weighted'). You may use labels=[pos_label] to specify a single positive class.
  warnings.warn(

2025-10-31 11:16:35,051:INFO:Calculating mean and std
2025-10-31 11:16:35,053:INFO:Creating metrics dataframe
2025-10-31 11:16:35,055:INFO:Uploading results into container
2025-10-31 11:16:35,056:INFO:Uploading model into container now
2025-10-31 11:16:35,057:INFO:_master_model_container: 12
2025-10-31 11:16:35,057:INFO:_display_container: 2
2025-10-31 11:16:35,058:INFO:ExtraTreesClassifier(bootstrap=False, ccp_alpha=0.0, class_weight=None,
                     criterion='gini', max_depth=None, max_features='sqrt',
                     max_leaf_nodes=None, max_samples=None,
                     min_impurity_decrease=0.0, min_samples_leaf=1,
                     min_samples_split=2, min_weight_fraction_leaf=0.0,
                     monotonic_cst=None, n_estimators=100, n_jobs=-1,
                     oob_score=False, random_state=123, verbose=0,
                     warm_start=False)
2025-10-31 11:16:35,058:INFO:create_model() successfully completed......................................
2025-10-31 11:16:35,129:INFO:SubProcess create_model() end ==================================
2025-10-31 11:16:35,130:INFO:Creating metrics dataframe
2025-10-31 11:16:35,136:INFO:Initializing Light Gradient Boosting Machine
2025-10-31 11:16:35,136:INFO:Total runtime is 0.9418089985847472 minutes
2025-10-31 11:16:35,138:INFO:SubProcess create_model() called ==================================
2025-10-31 11:16:35,139:INFO:Initializing create_model()
2025-10-31 11:16:35,139:INFO:create_model(self=<pycaret.classification.oop.ClassificationExperiment object at 0x000002AFB4FC8A90>, estimator=lightgbm, fold=StratifiedKFold(n_splits=10, random_state=None, shuffle=False), round=4, cross_validation=True, predict=True, fit_kwargs={}, groups=None, refit=False, probability_threshold=None, experiment_custom_tags=None, verbose=False, system=False, add_to_model_list=True, metrics=None, display=<pycaret.internal.display.display.CommonDisplay object at 0x000002AFB5024990>, model_only=True, return_train_score=False, error_score=0.0, kwargs={})
2025-10-31 11:16:35,139:INFO:Checking exceptions
2025-10-31 11:16:35,139:INFO:Importing libraries
2025-10-31 11:16:35,139:INFO:Copying training dataset
2025-10-31 11:16:35,153:INFO:Defining folds
2025-10-31 11:16:35,154:INFO:Declaring metric variables
2025-10-31 11:16:35,157:INFO:Importing untrained model
2025-10-31 11:16:35,163:INFO:Light Gradient Boosting Machine Imported successfully
2025-10-31 11:16:35,170:INFO:Starting cross validation
2025-10-31 11:16:35,173:INFO:Cross validating with StratifiedKFold(n_splits=10, random_state=None, shuffle=False), n_jobs=-1
2025-10-31 11:16:42,133:WARNING:C:\Users\User\miniconda3\envs\py3_11_9\Lib\site-packages\sklearn\metrics\_classification.py:1561: UserWarning: Note that pos_label (set to 'G') is ignored when average != 'binary' (got 'weighted'). You may use labels=[pos_label] to specify a single positive class.
  warnings.warn(

2025-10-31 11:16:42,156:WARNING:C:\Users\User\miniconda3\envs\py3_11_9\Lib\site-packages\sklearn\metrics\_classification.py:1561: UserWarning: Note that pos_label (set to 'G') is ignored when average != 'binary' (got 'weighted'). You may use labels=[pos_label] to specify a single positive class.
  warnings.warn(

2025-10-31 11:16:42,179:WARNING:C:\Users\User\miniconda3\envs\py3_11_9\Lib\site-packages\sklearn\metrics\_classification.py:1561: UserWarning: Note that pos_label (set to 'G') is ignored when average != 'binary' (got 'weighted'). You may use labels=[pos_label] to specify a single positive class.
  warnings.warn(

2025-10-31 11:16:42,180:WARNING:C:\Users\User\miniconda3\envs\py3_11_9\Lib\site-packages\sklearn\metrics\_classification.py:1561: UserWarning: Note that pos_label (set to 'G') is ignored when average != 'binary' (got 'weighted'). You may use labels=[pos_label] to specify a single positive class.
  warnings.warn(

2025-10-31 11:16:42,202:WARNING:C:\Users\User\miniconda3\envs\py3_11_9\Lib\site-packages\sklearn\metrics\_classification.py:1561: UserWarning: Note that pos_label (set to 'G') is ignored when average != 'binary' (got 'weighted'). You may use labels=[pos_label] to specify a single positive class.
  warnings.warn(

2025-10-31 11:16:42,212:WARNING:C:\Users\User\miniconda3\envs\py3_11_9\Lib\site-packages\sklearn\metrics\_classification.py:1509: UndefinedMetricWarning: Precision is ill-defined and being set to 0.0 in labels with no predicted samples. Use `zero_division` parameter to control this behavior.
  _warn_prf(average, modifier, f"{metric.capitalize()} is", len(result))

2025-10-31 11:16:42,220:WARNING:C:\Users\User\miniconda3\envs\py3_11_9\Lib\site-packages\sklearn\metrics\_classification.py:1561: UserWarning: Note that pos_label (set to 'G') is ignored when average != 'binary' (got 'weighted'). You may use labels=[pos_label] to specify a single positive class.
  warnings.warn(

2025-10-31 11:16:42,271:WARNING:C:\Users\User\miniconda3\envs\py3_11_9\Lib\site-packages\sklearn\metrics\_classification.py:1561: UserWarning: Note that pos_label (set to 'G') is ignored when average != 'binary' (got 'weighted'). You may use labels=[pos_label] to specify a single positive class.
  warnings.warn(

2025-10-31 11:16:42,295:WARNING:C:\Users\User\miniconda3\envs\py3_11_9\Lib\site-packages\sklearn\metrics\_classification.py:1561: UserWarning: Note that pos_label (set to 'G') is ignored when average != 'binary' (got 'weighted'). You may use labels=[pos_label] to specify a single positive class.
  warnings.warn(

2025-10-31 11:16:42,303:WARNING:C:\Users\User\miniconda3\envs\py3_11_9\Lib\site-packages\sklearn\metrics\_classification.py:1509: UndefinedMetricWarning: Precision is ill-defined and being set to 0.0 in labels with no predicted samples. Use `zero_division` parameter to control this behavior.
  _warn_prf(average, modifier, f"{metric.capitalize()} is", len(result))

2025-10-31 11:16:42,309:WARNING:C:\Users\User\miniconda3\envs\py3_11_9\Lib\site-packages\sklearn\metrics\_classification.py:1561: UserWarning: Note that pos_label (set to 'G') is ignored when average != 'binary' (got 'weighted'). You may use labels=[pos_label] to specify a single positive class.
  warnings.warn(

2025-10-31 11:16:42,469:WARNING:C:\Users\User\miniconda3\envs\py3_11_9\Lib\site-packages\sklearn\metrics\_classification.py:1561: UserWarning: Note that pos_label (set to 'G') is ignored when average != 'binary' (got 'weighted'). You may use labels=[pos_label] to specify a single positive class.
  warnings.warn(

2025-10-31 11:16:42,494:WARNING:C:\Users\User\miniconda3\envs\py3_11_9\Lib\site-packages\sklearn\metrics\_classification.py:1561: UserWarning: Note that pos_label (set to 'G') is ignored when average != 'binary' (got 'weighted'). You may use labels=[pos_label] to specify a single positive class.
  warnings.warn(

2025-10-31 11:16:42,514:WARNING:C:\Users\User\miniconda3\envs\py3_11_9\Lib\site-packages\sklearn\metrics\_classification.py:1561: UserWarning: Note that pos_label (set to 'G') is ignored when average != 'binary' (got 'weighted'). You may use labels=[pos_label] to specify a single positive class.
  warnings.warn(

2025-10-31 11:16:42,621:WARNING:C:\Users\User\miniconda3\envs\py3_11_9\Lib\site-packages\sklearn\metrics\_classification.py:1561: UserWarning: Note that pos_label (set to 'G') is ignored when average != 'binary' (got 'weighted'). You may use labels=[pos_label] to specify a single positive class.
  warnings.warn(

2025-10-31 11:16:42,623:WARNING:C:\Users\User\miniconda3\envs\py3_11_9\Lib\site-packages\sklearn\metrics\_classification.py:1561: UserWarning: Note that pos_label (set to 'G') is ignored when average != 'binary' (got 'weighted'). You may use labels=[pos_label] to specify a single positive class.
  warnings.warn(

2025-10-31 11:16:42,643:WARNING:C:\Users\User\miniconda3\envs\py3_11_9\Lib\site-packages\sklearn\metrics\_classification.py:1561: UserWarning: Note that pos_label (set to 'G') is ignored when average != 'binary' (got 'weighted'). You may use labels=[pos_label] to specify a single positive class.
  warnings.warn(

2025-10-31 11:16:42,645:WARNING:C:\Users\User\miniconda3\envs\py3_11_9\Lib\site-packages\sklearn\metrics\_classification.py:1561: UserWarning: Note that pos_label (set to 'G') is ignored when average != 'binary' (got 'weighted'). You may use labels=[pos_label] to specify a single positive class.
  warnings.warn(

2025-10-31 11:16:42,657:WARNING:C:\Users\User\miniconda3\envs\py3_11_9\Lib\site-packages\sklearn\metrics\_classification.py:1509: UndefinedMetricWarning: Precision is ill-defined and being set to 0.0 in labels with no predicted samples. Use `zero_division` parameter to control this behavior.
  _warn_prf(average, modifier, f"{metric.capitalize()} is", len(result))

2025-10-31 11:16:42,665:WARNING:C:\Users\User\miniconda3\envs\py3_11_9\Lib\site-packages\sklearn\metrics\_classification.py:1561: UserWarning: Note that pos_label (set to 'G') is ignored when average != 'binary' (got 'weighted'). You may use labels=[pos_label] to specify a single positive class.
  warnings.warn(

2025-10-31 11:16:42,667:WARNING:C:\Users\User\miniconda3\envs\py3_11_9\Lib\site-packages\sklearn\metrics\_classification.py:1561: UserWarning: Note that pos_label (set to 'G') is ignored when average != 'binary' (got 'weighted'). You may use labels=[pos_label] to specify a single positive class.
  warnings.warn(

2025-10-31 11:16:43,087:WARNING:C:\Users\User\miniconda3\envs\py3_11_9\Lib\site-packages\sklearn\metrics\_classification.py:1561: UserWarning: Note that pos_label (set to 'G') is ignored when average != 'binary' (got 'weighted'). You may use labels=[pos_label] to specify a single positive class.
  warnings.warn(

2025-10-31 11:16:43,110:WARNING:C:\Users\User\miniconda3\envs\py3_11_9\Lib\site-packages\sklearn\metrics\_classification.py:1561: UserWarning: Note that pos_label (set to 'G') is ignored when average != 'binary' (got 'weighted'). You may use labels=[pos_label] to specify a single positive class.
  warnings.warn(

2025-10-31 11:16:43,131:WARNING:C:\Users\User\miniconda3\envs\py3_11_9\Lib\site-packages\sklearn\metrics\_classification.py:1561: UserWarning: Note that pos_label (set to 'G') is ignored when average != 'binary' (got 'weighted'). You may use labels=[pos_label] to specify a single positive class.
  warnings.warn(

2025-10-31 11:16:43,181:WARNING:C:\Users\User\miniconda3\envs\py3_11_9\Lib\site-packages\sklearn\metrics\_classification.py:1561: UserWarning: Note that pos_label (set to 'G') is ignored when average != 'binary' (got 'weighted'). You may use labels=[pos_label] to specify a single positive class.
  warnings.warn(

2025-10-31 11:16:43,199:WARNING:C:\Users\User\miniconda3\envs\py3_11_9\Lib\site-packages\sklearn\metrics\_classification.py:1561: UserWarning: Note that pos_label (set to 'G') is ignored when average != 'binary' (got 'weighted'). You may use labels=[pos_label] to specify a single positive class.
  warnings.warn(

2025-10-31 11:16:43,213:WARNING:C:\Users\User\miniconda3\envs\py3_11_9\Lib\site-packages\sklearn\metrics\_classification.py:1509: UndefinedMetricWarning: Precision is ill-defined and being set to 0.0 in labels with no predicted samples. Use `zero_division` parameter to control this behavior.
  _warn_prf(average, modifier, f"{metric.capitalize()} is", len(result))

2025-10-31 11:16:43,224:WARNING:C:\Users\User\miniconda3\envs\py3_11_9\Lib\site-packages\sklearn\metrics\_classification.py:1561: UserWarning: Note that pos_label (set to 'G') is ignored when average != 'binary' (got 'weighted'). You may use labels=[pos_label] to specify a single positive class.
  warnings.warn(

2025-10-31 11:16:43,243:WARNING:C:\Users\User\miniconda3\envs\py3_11_9\Lib\site-packages\sklearn\metrics\_classification.py:1561: UserWarning: Note that pos_label (set to 'G') is ignored when average != 'binary' (got 'weighted'). You may use labels=[pos_label] to specify a single positive class.
  warnings.warn(

2025-10-31 11:16:43,263:WARNING:C:\Users\User\miniconda3\envs\py3_11_9\Lib\site-packages\sklearn\metrics\_classification.py:1561: UserWarning: Note that pos_label (set to 'G') is ignored when average != 'binary' (got 'weighted'). You may use labels=[pos_label] to specify a single positive class.
  warnings.warn(

2025-10-31 11:16:43,285:WARNING:C:\Users\User\miniconda3\envs\py3_11_9\Lib\site-packages\sklearn\metrics\_classification.py:1561: UserWarning: Note that pos_label (set to 'G') is ignored when average != 'binary' (got 'weighted'). You may use labels=[pos_label] to specify a single positive class.
  warnings.warn(

2025-10-31 11:16:43,330:WARNING:C:\Users\User\miniconda3\envs\py3_11_9\Lib\site-packages\sklearn\metrics\_classification.py:1561: UserWarning: Note that pos_label (set to 'G') is ignored when average != 'binary' (got 'weighted'). You may use labels=[pos_label] to specify a single positive class.
  warnings.warn(

2025-10-31 11:16:43,347:WARNING:C:\Users\User\miniconda3\envs\py3_11_9\Lib\site-packages\sklearn\metrics\_classification.py:1561: UserWarning: Note that pos_label (set to 'G') is ignored when average != 'binary' (got 'weighted'). You may use labels=[pos_label] to specify a single positive class.
  warnings.warn(

2025-10-31 11:16:43,366:WARNING:C:\Users\User\miniconda3\envs\py3_11_9\Lib\site-packages\sklearn\metrics\_classification.py:1561: UserWarning: Note that pos_label (set to 'G') is ignored when average != 'binary' (got 'weighted'). You may use labels=[pos_label] to specify a single positive class.
  warnings.warn(

2025-10-31 11:16:43,391:INFO:Calculating mean and std
2025-10-31 11:16:43,392:INFO:Creating metrics dataframe
2025-10-31 11:16:43,394:INFO:Uploading results into container
2025-10-31 11:16:43,395:INFO:Uploading model into container now
2025-10-31 11:16:43,396:INFO:_master_model_container: 13
2025-10-31 11:16:43,396:INFO:_display_container: 2
2025-10-31 11:16:43,397:INFO:LGBMClassifier(boosting_type='gbdt', class_weight=None, colsample_bytree=1.0,
               importance_type='split', learning_rate=0.1, max_depth=-1,
               min_child_samples=20, min_child_weight=0.001, min_split_gain=0.0,
               n_estimators=100, n_jobs=-1, num_leaves=31, objective=None,
               random_state=123, reg_alpha=0.0, reg_lambda=0.0, subsample=1.0,
               subsample_for_bin=200000, subsample_freq=0)
2025-10-31 11:16:43,397:INFO:create_model() successfully completed......................................
2025-10-31 11:16:43,461:INFO:SubProcess create_model() end ==================================
2025-10-31 11:16:43,461:INFO:Creating metrics dataframe
2025-10-31 11:16:43,467:INFO:Initializing Dummy Classifier
2025-10-31 11:16:43,467:INFO:Total runtime is 1.0806668718655903 minutes
2025-10-31 11:16:43,470:INFO:SubProcess create_model() called ==================================
2025-10-31 11:16:43,470:INFO:Initializing create_model()
2025-10-31 11:16:43,470:INFO:create_model(self=<pycaret.classification.oop.ClassificationExperiment object at 0x000002AFB4FC8A90>, estimator=dummy, fold=StratifiedKFold(n_splits=10, random_state=None, shuffle=False), round=4, cross_validation=True, predict=True, fit_kwargs={}, groups=None, refit=False, probability_threshold=None, experiment_custom_tags=None, verbose=False, system=False, add_to_model_list=True, metrics=None, display=<pycaret.internal.display.display.CommonDisplay object at 0x000002AFB5024990>, model_only=True, return_train_score=False, error_score=0.0, kwargs={})
2025-10-31 11:16:43,470:INFO:Checking exceptions
2025-10-31 11:16:43,470:INFO:Importing libraries
2025-10-31 11:16:43,470:INFO:Copying training dataset
2025-10-31 11:16:43,476:INFO:Defining folds
2025-10-31 11:16:43,476:INFO:Declaring metric variables
2025-10-31 11:16:43,479:INFO:Importing untrained model
2025-10-31 11:16:43,483:INFO:Dummy Classifier Imported successfully
2025-10-31 11:16:43,489:INFO:Starting cross validation
2025-10-31 11:16:43,491:INFO:Cross validating with StratifiedKFold(n_splits=10, random_state=None, shuffle=False), n_jobs=-1
2025-10-31 11:16:43,808:WARNING:C:\Users\User\miniconda3\envs\py3_11_9\Lib\site-packages\sklearn\metrics\_classification.py:1561: UserWarning: Note that pos_label (set to 'G') is ignored when average != 'binary' (got 'weighted'). You may use labels=[pos_label] to specify a single positive class.
  warnings.warn(

2025-10-31 11:16:43,813:WARNING:C:\Users\User\miniconda3\envs\py3_11_9\Lib\site-packages\sklearn\metrics\_classification.py:1561: UserWarning: Note that pos_label (set to 'G') is ignored when average != 'binary' (got 'weighted'). You may use labels=[pos_label] to specify a single positive class.
  warnings.warn(

2025-10-31 11:16:43,820:WARNING:C:\Users\User\miniconda3\envs\py3_11_9\Lib\site-packages\sklearn\metrics\_classification.py:1561: UserWarning: Note that pos_label (set to 'G') is ignored when average != 'binary' (got 'weighted'). You may use labels=[pos_label] to specify a single positive class.
  warnings.warn(

2025-10-31 11:16:43,827:WARNING:C:\Users\User\miniconda3\envs\py3_11_9\Lib\site-packages\sklearn\metrics\_classification.py:1561: UserWarning: Note that pos_label (set to 'G') is ignored when average != 'binary' (got 'weighted'). You may use labels=[pos_label] to specify a single positive class.
  warnings.warn(

2025-10-31 11:16:43,830:WARNING:C:\Users\User\miniconda3\envs\py3_11_9\Lib\site-packages\sklearn\metrics\_classification.py:1561: UserWarning: Note that pos_label (set to 'G') is ignored when average != 'binary' (got 'weighted'). You may use labels=[pos_label] to specify a single positive class.
  warnings.warn(

2025-10-31 11:16:43,834:WARNING:C:\Users\User\miniconda3\envs\py3_11_9\Lib\site-packages\sklearn\metrics\_classification.py:1561: UserWarning: Note that pos_label (set to 'G') is ignored when average != 'binary' (got 'weighted'). You may use labels=[pos_label] to specify a single positive class.
  warnings.warn(

2025-10-31 11:16:43,834:WARNING:C:\Users\User\miniconda3\envs\py3_11_9\Lib\site-packages\sklearn\metrics\_classification.py:1561: UserWarning: Note that pos_label (set to 'G') is ignored when average != 'binary' (got 'weighted'). You may use labels=[pos_label] to specify a single positive class.
  warnings.warn(

2025-10-31 11:16:43,837:WARNING:C:\Users\User\miniconda3\envs\py3_11_9\Lib\site-packages\sklearn\metrics\_classification.py:1561: UserWarning: Note that pos_label (set to 'G') is ignored when average != 'binary' (got 'weighted'). You may use labels=[pos_label] to specify a single positive class.
  warnings.warn(

2025-10-31 11:16:43,840:WARNING:C:\Users\User\miniconda3\envs\py3_11_9\Lib\site-packages\sklearn\metrics\_classification.py:1509: UndefinedMetricWarning: Precision is ill-defined and being set to 0.0 in labels with no predicted samples. Use `zero_division` parameter to control this behavior.
  _warn_prf(average, modifier, f"{metric.capitalize()} is", len(result))

2025-10-31 11:16:43,840:WARNING:C:\Users\User\miniconda3\envs\py3_11_9\Lib\site-packages\sklearn\metrics\_classification.py:1561: UserWarning: Note that pos_label (set to 'G') is ignored when average != 'binary' (got 'weighted'). You may use labels=[pos_label] to specify a single positive class.
  warnings.warn(

2025-10-31 11:16:43,844:WARNING:C:\Users\User\miniconda3\envs\py3_11_9\Lib\site-packages\sklearn\metrics\_classification.py:1561: UserWarning: Note that pos_label (set to 'G') is ignored when average != 'binary' (got 'weighted'). You may use labels=[pos_label] to specify a single positive class.
  warnings.warn(

2025-10-31 11:16:43,844:WARNING:C:\Users\User\miniconda3\envs\py3_11_9\Lib\site-packages\sklearn\metrics\_classification.py:1561: UserWarning: Note that pos_label (set to 'G') is ignored when average != 'binary' (got 'weighted'). You may use labels=[pos_label] to specify a single positive class.
  warnings.warn(

2025-10-31 11:16:43,846:WARNING:C:\Users\User\miniconda3\envs\py3_11_9\Lib\site-packages\sklearn\metrics\_classification.py:1509: UndefinedMetricWarning: Precision is ill-defined and being set to 0.0 in labels with no predicted samples. Use `zero_division` parameter to control this behavior.
  _warn_prf(average, modifier, f"{metric.capitalize()} is", len(result))

2025-10-31 11:16:43,847:WARNING:C:\Users\User\miniconda3\envs\py3_11_9\Lib\site-packages\sklearn\metrics\_classification.py:1509: UndefinedMetricWarning: Precision is ill-defined and being set to 0.0 in labels with no predicted samples. Use `zero_division` parameter to control this behavior.
  _warn_prf(average, modifier, f"{metric.capitalize()} is", len(result))

2025-10-31 11:16:43,848:WARNING:C:\Users\User\miniconda3\envs\py3_11_9\Lib\site-packages\sklearn\metrics\_classification.py:1561: UserWarning: Note that pos_label (set to 'G') is ignored when average != 'binary' (got 'weighted'). You may use labels=[pos_label] to specify a single positive class.
  warnings.warn(

2025-10-31 11:16:43,851:WARNING:C:\Users\User\miniconda3\envs\py3_11_9\Lib\site-packages\sklearn\metrics\_classification.py:1561: UserWarning: Note that pos_label (set to 'G') is ignored when average != 'binary' (got 'weighted'). You may use labels=[pos_label] to specify a single positive class.
  warnings.warn(

2025-10-31 11:16:43,856:WARNING:C:\Users\User\miniconda3\envs\py3_11_9\Lib\site-packages\sklearn\metrics\_classification.py:1561: UserWarning: Note that pos_label (set to 'G') is ignored when average != 'binary' (got 'weighted'). You may use labels=[pos_label] to specify a single positive class.
  warnings.warn(

2025-10-31 11:16:43,857:WARNING:C:\Users\User\miniconda3\envs\py3_11_9\Lib\site-packages\sklearn\metrics\_classification.py:1509: UndefinedMetricWarning: Precision is ill-defined and being set to 0.0 in labels with no predicted samples. Use `zero_division` parameter to control this behavior.
  _warn_prf(average, modifier, f"{metric.capitalize()} is", len(result))

2025-10-31 11:16:43,857:WARNING:C:\Users\User\miniconda3\envs\py3_11_9\Lib\site-packages\sklearn\metrics\_classification.py:1561: UserWarning: Note that pos_label (set to 'G') is ignored when average != 'binary' (got 'weighted'). You may use labels=[pos_label] to specify a single positive class.
  warnings.warn(

2025-10-31 11:16:43,858:WARNING:C:\Users\User\miniconda3\envs\py3_11_9\Lib\site-packages\sklearn\metrics\_classification.py:1561: UserWarning: Note that pos_label (set to 'G') is ignored when average != 'binary' (got 'weighted'). You may use labels=[pos_label] to specify a single positive class.
  warnings.warn(

2025-10-31 11:16:43,862:WARNING:C:\Users\User\miniconda3\envs\py3_11_9\Lib\site-packages\sklearn\metrics\_classification.py:1561: UserWarning: Note that pos_label (set to 'G') is ignored when average != 'binary' (got 'weighted'). You may use labels=[pos_label] to specify a single positive class.
  warnings.warn(

2025-10-31 11:16:43,862:WARNING:C:\Users\User\miniconda3\envs\py3_11_9\Lib\site-packages\sklearn\metrics\_classification.py:1561: UserWarning: Note that pos_label (set to 'G') is ignored when average != 'binary' (got 'weighted'). You may use labels=[pos_label] to specify a single positive class.
  warnings.warn(

2025-10-31 11:16:43,864:WARNING:C:\Users\User\miniconda3\envs\py3_11_9\Lib\site-packages\sklearn\metrics\_classification.py:1561: UserWarning: Note that pos_label (set to 'G') is ignored when average != 'binary' (got 'weighted'). You may use labels=[pos_label] to specify a single positive class.
  warnings.warn(

2025-10-31 11:16:43,866:WARNING:C:\Users\User\miniconda3\envs\py3_11_9\Lib\site-packages\sklearn\metrics\_classification.py:1561: UserWarning: Note that pos_label (set to 'G') is ignored when average != 'binary' (got 'weighted'). You may use labels=[pos_label] to specify a single positive class.
  warnings.warn(

2025-10-31 11:16:43,870:WARNING:C:\Users\User\miniconda3\envs\py3_11_9\Lib\site-packages\sklearn\metrics\_classification.py:1509: UndefinedMetricWarning: Precision is ill-defined and being set to 0.0 in labels with no predicted samples. Use `zero_division` parameter to control this behavior.
  _warn_prf(average, modifier, f"{metric.capitalize()} is", len(result))

2025-10-31 11:16:43,871:WARNING:C:\Users\User\miniconda3\envs\py3_11_9\Lib\site-packages\sklearn\metrics\_classification.py:1561: UserWarning: Note that pos_label (set to 'G') is ignored when average != 'binary' (got 'weighted'). You may use labels=[pos_label] to specify a single positive class.
  warnings.warn(

2025-10-31 11:16:43,872:WARNING:C:\Users\User\miniconda3\envs\py3_11_9\Lib\site-packages\sklearn\metrics\_classification.py:1561: UserWarning: Note that pos_label (set to 'G') is ignored when average != 'binary' (got 'weighted'). You may use labels=[pos_label] to specify a single positive class.
  warnings.warn(

2025-10-31 11:16:43,874:WARNING:C:\Users\User\miniconda3\envs\py3_11_9\Lib\site-packages\sklearn\metrics\_classification.py:1509: UndefinedMetricWarning: Precision is ill-defined and being set to 0.0 in labels with no predicted samples. Use `zero_division` parameter to control this behavior.
  _warn_prf(average, modifier, f"{metric.capitalize()} is", len(result))

2025-10-31 11:16:43,878:WARNING:C:\Users\User\miniconda3\envs\py3_11_9\Lib\site-packages\sklearn\metrics\_classification.py:1509: UndefinedMetricWarning: Precision is ill-defined and being set to 0.0 in labels with no predicted samples. Use `zero_division` parameter to control this behavior.
  _warn_prf(average, modifier, f"{metric.capitalize()} is", len(result))

2025-10-31 11:16:43,879:WARNING:C:\Users\User\miniconda3\envs\py3_11_9\Lib\site-packages\sklearn\metrics\_classification.py:1561: UserWarning: Note that pos_label (set to 'G') is ignored when average != 'binary' (got 'weighted'). You may use labels=[pos_label] to specify a single positive class.
  warnings.warn(

2025-10-31 11:16:43,880:WARNING:C:\Users\User\miniconda3\envs\py3_11_9\Lib\site-packages\sklearn\metrics\_classification.py:1561: UserWarning: Note that pos_label (set to 'G') is ignored when average != 'binary' (got 'weighted'). You may use labels=[pos_label] to specify a single positive class.
  warnings.warn(

2025-10-31 11:16:43,881:WARNING:C:\Users\User\miniconda3\envs\py3_11_9\Lib\site-packages\sklearn\metrics\_classification.py:1561: UserWarning: Note that pos_label (set to 'G') is ignored when average != 'binary' (got 'weighted'). You may use labels=[pos_label] to specify a single positive class.
  warnings.warn(

2025-10-31 11:16:43,884:WARNING:C:\Users\User\miniconda3\envs\py3_11_9\Lib\site-packages\sklearn\metrics\_classification.py:1509: UndefinedMetricWarning: Precision is ill-defined and being set to 0.0 in labels with no predicted samples. Use `zero_division` parameter to control this behavior.
  _warn_prf(average, modifier, f"{metric.capitalize()} is", len(result))

2025-10-31 11:16:43,889:WARNING:C:\Users\User\miniconda3\envs\py3_11_9\Lib\site-packages\sklearn\metrics\_classification.py:1561: UserWarning: Note that pos_label (set to 'G') is ignored when average != 'binary' (got 'weighted'). You may use labels=[pos_label] to specify a single positive class.
  warnings.warn(

2025-10-31 11:16:43,891:WARNING:C:\Users\User\miniconda3\envs\py3_11_9\Lib\site-packages\sklearn\metrics\_classification.py:1509: UndefinedMetricWarning: Precision is ill-defined and being set to 0.0 in labels with no predicted samples. Use `zero_division` parameter to control this behavior.
  _warn_prf(average, modifier, f"{metric.capitalize()} is", len(result))

2025-10-31 11:16:43,892:WARNING:C:\Users\User\miniconda3\envs\py3_11_9\Lib\site-packages\sklearn\metrics\_classification.py:1561: UserWarning: Note that pos_label (set to 'G') is ignored when average != 'binary' (got 'weighted'). You may use labels=[pos_label] to specify a single positive class.
  warnings.warn(

2025-10-31 11:16:43,894:WARNING:C:\Users\User\miniconda3\envs\py3_11_9\Lib\site-packages\sklearn\metrics\_classification.py:1561: UserWarning: Note that pos_label (set to 'G') is ignored when average != 'binary' (got 'weighted'). You may use labels=[pos_label] to specify a single positive class.
  warnings.warn(

2025-10-31 11:16:43,897:WARNING:C:\Users\User\miniconda3\envs\py3_11_9\Lib\site-packages\sklearn\metrics\_classification.py:1561: UserWarning: Note that pos_label (set to 'G') is ignored when average != 'binary' (got 'weighted'). You may use labels=[pos_label] to specify a single positive class.
  warnings.warn(

2025-10-31 11:16:43,904:WARNING:C:\Users\User\miniconda3\envs\py3_11_9\Lib\site-packages\sklearn\metrics\_classification.py:1509: UndefinedMetricWarning: Precision is ill-defined and being set to 0.0 in labels with no predicted samples. Use `zero_division` parameter to control this behavior.
  _warn_prf(average, modifier, f"{metric.capitalize()} is", len(result))

2025-10-31 11:16:43,911:WARNING:C:\Users\User\miniconda3\envs\py3_11_9\Lib\site-packages\sklearn\metrics\_classification.py:1561: UserWarning: Note that pos_label (set to 'G') is ignored when average != 'binary' (got 'weighted'). You may use labels=[pos_label] to specify a single positive class.
  warnings.warn(

2025-10-31 11:16:43,929:INFO:Calculating mean and std
2025-10-31 11:16:43,930:INFO:Creating metrics dataframe
2025-10-31 11:16:43,931:INFO:Uploading results into container
2025-10-31 11:16:43,931:INFO:Uploading model into container now
2025-10-31 11:16:43,932:INFO:_master_model_container: 14
2025-10-31 11:16:43,932:INFO:_display_container: 2
2025-10-31 11:16:43,932:INFO:DummyClassifier(constant=None, random_state=123, strategy='prior')
2025-10-31 11:16:43,932:INFO:create_model() successfully completed......................................
2025-10-31 11:16:43,985:INFO:SubProcess create_model() end ==================================
2025-10-31 11:16:43,985:INFO:Creating metrics dataframe
2025-10-31 11:16:43,991:WARNING:C:\Users\User\miniconda3\envs\py3_11_9\Lib\site-packages\pycaret\internal\pycaret_experiment\supervised_experiment.py:339: FutureWarning: Styler.applymap has been deprecated. Use Styler.map instead.
  .applymap(highlight_cols, subset=["TT (Sec)"])

2025-10-31 11:16:43,996:INFO:Initializing create_model()
2025-10-31 11:16:43,996:INFO:create_model(self=<pycaret.classification.oop.ClassificationExperiment object at 0x000002AFB4FC8A90>, estimator=LGBMClassifier(boosting_type='gbdt', class_weight=None, colsample_bytree=1.0,
               importance_type='split', learning_rate=0.1, max_depth=-1,
               min_child_samples=20, min_child_weight=0.001, min_split_gain=0.0,
               n_estimators=100, n_jobs=-1, num_leaves=31, objective=None,
               random_state=123, reg_alpha=0.0, reg_lambda=0.0, subsample=1.0,
               subsample_for_bin=200000, subsample_freq=0), fold=StratifiedKFold(n_splits=10, random_state=None, shuffle=False), round=4, cross_validation=False, predict=False, fit_kwargs={}, groups=None, refit=True, probability_threshold=None, experiment_custom_tags=None, verbose=False, system=False, add_to_model_list=True, metrics=None, display=None, model_only=True, return_train_score=False, error_score=0.0, kwargs={})
2025-10-31 11:16:43,996:INFO:Checking exceptions
2025-10-31 11:16:43,997:INFO:Importing libraries
2025-10-31 11:16:43,998:INFO:Copying training dataset
2025-10-31 11:16:44,003:INFO:Defining folds
2025-10-31 11:16:44,004:INFO:Declaring metric variables
2025-10-31 11:16:44,004:INFO:Importing untrained model
2025-10-31 11:16:44,004:INFO:Declaring custom model
2025-10-31 11:16:44,005:INFO:Light Gradient Boosting Machine Imported successfully
2025-10-31 11:16:44,005:INFO:Cross validation set to False
2025-10-31 11:16:44,005:INFO:Fitting Model
2025-10-31 11:16:44,090:INFO:[LightGBM] [Info] Auto-choosing row-wise multi-threading, the overhead of testing was 0.000597 seconds.
2025-10-31 11:16:44,091:INFO:You can set `force_row_wise=true` to remove the overhead.
2025-10-31 11:16:44,091:INFO:And if memory is not enough, you can set `force_col_wise=true`.
2025-10-31 11:16:44,091:INFO:[LightGBM] [Info] Total Bins 687
2025-10-31 11:16:44,091:INFO:[LightGBM] [Info] Number of data points in the train set: 22806, number of used features: 18
2025-10-31 11:16:44,092:INFO:[LightGBM] [Info] Start training from score -1.106271
2025-10-31 11:16:44,092:INFO:[LightGBM] [Info] Start training from score -1.137097
2025-10-31 11:16:44,092:INFO:[LightGBM] [Info] Start training from score -1.618512
2025-10-31 11:16:44,092:INFO:[LightGBM] [Info] Start training from score -2.195647
2025-10-31 11:16:44,092:INFO:[LightGBM] [Info] Start training from score -3.520066
2025-10-31 11:16:44,092:INFO:[LightGBM] [Info] Start training from score -4.904880
2025-10-31 11:16:44,092:INFO:[LightGBM] [Info] Start training from score -6.228116
2025-10-31 11:16:44,763:INFO:LGBMClassifier(boosting_type='gbdt', class_weight=None, colsample_bytree=1.0,
               importance_type='split', learning_rate=0.1, max_depth=-1,
               min_child_samples=20, min_child_weight=0.001, min_split_gain=0.0,
               n_estimators=100, n_jobs=-1, num_leaves=31, objective=None,
               random_state=123, reg_alpha=0.0, reg_lambda=0.0, subsample=1.0,
               subsample_for_bin=200000, subsample_freq=0)
2025-10-31 11:16:44,764:INFO:create_model() successfully completed......................................
2025-10-31 11:16:44,869:INFO:_master_model_container: 14
2025-10-31 11:16:44,869:INFO:_display_container: 2
2025-10-31 11:16:44,870:INFO:LGBMClassifier(boosting_type='gbdt', class_weight=None, colsample_bytree=1.0,
               importance_type='split', learning_rate=0.1, max_depth=-1,
               min_child_samples=20, min_child_weight=0.001, min_split_gain=0.0,
               n_estimators=100, n_jobs=-1, num_leaves=31, objective=None,
               random_state=123, reg_alpha=0.0, reg_lambda=0.0, subsample=1.0,
               subsample_for_bin=200000, subsample_freq=0)
2025-10-31 11:16:44,870:INFO:compare_models() successfully completed......................................
2025-10-31 11:16:52,708:INFO:Initializing tune_model()
2025-10-31 11:16:52,708:INFO:tune_model(self=<pycaret.classification.oop.ClassificationExperiment object at 0x000002AFB4FC8A90>, estimator=LGBMClassifier(boosting_type='gbdt', class_weight=None, colsample_bytree=1.0,
               importance_type='split', learning_rate=0.1, max_depth=-1,
               min_child_samples=20, min_child_weight=0.001, min_split_gain=0.0,
               n_estimators=100, n_jobs=-1, num_leaves=31, objective=None,
               random_state=123, reg_alpha=0.0, reg_lambda=0.0, subsample=1.0,
               subsample_for_bin=200000, subsample_freq=0), fold=None, round=4, n_iter=10, custom_grid=None, optimize=Accuracy, custom_scorer=None, search_library=scikit-learn, search_algorithm=None, early_stopping=False, early_stopping_max_iters=10, choose_better=True, fit_kwargs=None, groups=None, return_tuner=False, verbose=True, tuner_verbose=True, return_train_score=False, kwargs={})
2025-10-31 11:16:52,708:INFO:Checking exceptions
2025-10-31 11:16:52,719:INFO:Copying training dataset
2025-10-31 11:16:52,735:INFO:Checking base model
2025-10-31 11:16:52,735:INFO:Base model : Light Gradient Boosting Machine
2025-10-31 11:16:52,735:INFO:Declaring metric variables
2025-10-31 11:16:52,735:INFO:Defining Hyperparameters
2025-10-31 11:16:52,799:INFO:Tuning with n_jobs=-1
2025-10-31 11:16:52,799:INFO:Initializing RandomizedSearchCV
2025-10-31 11:18:33,708:INFO:best_params: {'actual_estimator__reg_lambda': 0.1, 'actual_estimator__reg_alpha': 0.0001, 'actual_estimator__num_leaves': 10, 'actual_estimator__n_estimators': 180, 'actual_estimator__min_split_gain': 0.7, 'actual_estimator__min_child_samples': 96, 'actual_estimator__learning_rate': 0.05, 'actual_estimator__feature_fraction': 0.9, 'actual_estimator__bagging_freq': 4, 'actual_estimator__bagging_fraction': 0.6}
2025-10-31 11:18:33,709:INFO:Hyperparameter search completed
2025-10-31 11:18:33,709:INFO:SubProcess create_model() called ==================================
2025-10-31 11:18:33,710:INFO:Initializing create_model()
2025-10-31 11:18:33,710:INFO:create_model(self=<pycaret.classification.oop.ClassificationExperiment object at 0x000002AFB4FC8A90>, estimator=LGBMClassifier(boosting_type='gbdt', class_weight=None, colsample_bytree=1.0,
               importance_type='split', learning_rate=0.1, max_depth=-1,
               min_child_samples=20, min_child_weight=0.001, min_split_gain=0.0,
               n_estimators=100, n_jobs=-1, num_leaves=31, objective=None,
               random_state=123, reg_alpha=0.0, reg_lambda=0.0, subsample=1.0,
               subsample_for_bin=200000, subsample_freq=0), fold=StratifiedKFold(n_splits=10, random_state=None, shuffle=False), round=4, cross_validation=True, predict=True, fit_kwargs={}, groups=None, refit=True, probability_threshold=None, experiment_custom_tags=None, verbose=True, system=False, add_to_model_list=True, metrics=None, display=<pycaret.internal.display.display.CommonDisplay object at 0x000002AFB517CFD0>, model_only=True, return_train_score=False, error_score=0.0, kwargs={'reg_lambda': 0.1, 'reg_alpha': 0.0001, 'num_leaves': 10, 'n_estimators': 180, 'min_split_gain': 0.7, 'min_child_samples': 96, 'learning_rate': 0.05, 'feature_fraction': 0.9, 'bagging_freq': 4, 'bagging_fraction': 0.6})
2025-10-31 11:18:33,711:INFO:Checking exceptions
2025-10-31 11:18:33,711:INFO:Importing libraries
2025-10-31 11:18:33,711:INFO:Copying training dataset
2025-10-31 11:18:33,723:INFO:Defining folds
2025-10-31 11:18:33,723:INFO:Declaring metric variables
2025-10-31 11:18:33,727:INFO:Importing untrained model
2025-10-31 11:18:33,727:INFO:Declaring custom model
2025-10-31 11:18:33,733:INFO:Light Gradient Boosting Machine Imported successfully
2025-10-31 11:18:33,741:INFO:Starting cross validation
2025-10-31 11:18:33,742:INFO:Cross validating with StratifiedKFold(n_splits=10, random_state=None, shuffle=False), n_jobs=-1
2025-10-31 11:18:41,152:WARNING:C:\Users\User\miniconda3\envs\py3_11_9\Lib\site-packages\sklearn\metrics\_classification.py:1561: UserWarning: Note that pos_label (set to 'G') is ignored when average != 'binary' (got 'weighted'). You may use labels=[pos_label] to specify a single positive class.
  warnings.warn(

2025-10-31 11:18:41,184:WARNING:C:\Users\User\miniconda3\envs\py3_11_9\Lib\site-packages\sklearn\metrics\_classification.py:1561: UserWarning: Note that pos_label (set to 'G') is ignored when average != 'binary' (got 'weighted'). You may use labels=[pos_label] to specify a single positive class.
  warnings.warn(

2025-10-31 11:18:41,219:WARNING:C:\Users\User\miniconda3\envs\py3_11_9\Lib\site-packages\sklearn\metrics\_classification.py:1509: UndefinedMetricWarning: Precision is ill-defined and being set to 0.0 in labels with no predicted samples. Use `zero_division` parameter to control this behavior.
  _warn_prf(average, modifier, f"{metric.capitalize()} is", len(result))

2025-10-31 11:18:41,230:WARNING:C:\Users\User\miniconda3\envs\py3_11_9\Lib\site-packages\sklearn\metrics\_classification.py:1561: UserWarning: Note that pos_label (set to 'G') is ignored when average != 'binary' (got 'weighted'). You may use labels=[pos_label] to specify a single positive class.
  warnings.warn(

2025-10-31 11:18:41,266:WARNING:C:\Users\User\miniconda3\envs\py3_11_9\Lib\site-packages\sklearn\metrics\_classification.py:1561: UserWarning: Note that pos_label (set to 'G') is ignored when average != 'binary' (got 'weighted'). You may use labels=[pos_label] to specify a single positive class.
  warnings.warn(

2025-10-31 11:18:41,305:WARNING:C:\Users\User\miniconda3\envs\py3_11_9\Lib\site-packages\sklearn\metrics\_classification.py:1561: UserWarning: Note that pos_label (set to 'G') is ignored when average != 'binary' (got 'weighted'). You may use labels=[pos_label] to specify a single positive class.
  warnings.warn(

2025-10-31 11:18:41,322:WARNING:C:\Users\User\miniconda3\envs\py3_11_9\Lib\site-packages\sklearn\metrics\_classification.py:1561: UserWarning: Note that pos_label (set to 'G') is ignored when average != 'binary' (got 'weighted'). You may use labels=[pos_label] to specify a single positive class.
  warnings.warn(

2025-10-31 11:18:41,327:WARNING:C:\Users\User\miniconda3\envs\py3_11_9\Lib\site-packages\sklearn\metrics\_classification.py:1509: UndefinedMetricWarning: Precision is ill-defined and being set to 0.0 in labels with no predicted samples. Use `zero_division` parameter to control this behavior.
  _warn_prf(average, modifier, f"{metric.capitalize()} is", len(result))

2025-10-31 11:18:41,337:WARNING:C:\Users\User\miniconda3\envs\py3_11_9\Lib\site-packages\sklearn\metrics\_classification.py:1561: UserWarning: Note that pos_label (set to 'G') is ignored when average != 'binary' (got 'weighted'). You may use labels=[pos_label] to specify a single positive class.
  warnings.warn(

2025-10-31 11:18:41,347:WARNING:C:\Users\User\miniconda3\envs\py3_11_9\Lib\site-packages\sklearn\metrics\_classification.py:1561: UserWarning: Note that pos_label (set to 'G') is ignored when average != 'binary' (got 'weighted'). You may use labels=[pos_label] to specify a single positive class.
  warnings.warn(

2025-10-31 11:18:41,368:WARNING:C:\Users\User\miniconda3\envs\py3_11_9\Lib\site-packages\sklearn\metrics\_classification.py:1561: UserWarning: Note that pos_label (set to 'G') is ignored when average != 'binary' (got 'weighted'). You may use labels=[pos_label] to specify a single positive class.
  warnings.warn(

2025-10-31 11:18:41,371:WARNING:C:\Users\User\miniconda3\envs\py3_11_9\Lib\site-packages\sklearn\metrics\_classification.py:1561: UserWarning: Note that pos_label (set to 'G') is ignored when average != 'binary' (got 'weighted'). You may use labels=[pos_label] to specify a single positive class.
  warnings.warn(

2025-10-31 11:18:41,394:WARNING:C:\Users\User\miniconda3\envs\py3_11_9\Lib\site-packages\sklearn\metrics\_classification.py:1561: UserWarning: Note that pos_label (set to 'G') is ignored when average != 'binary' (got 'weighted'). You may use labels=[pos_label] to specify a single positive class.
  warnings.warn(

2025-10-31 11:18:41,409:WARNING:C:\Users\User\miniconda3\envs\py3_11_9\Lib\site-packages\sklearn\metrics\_classification.py:1509: UndefinedMetricWarning: Precision is ill-defined and being set to 0.0 in labels with no predicted samples. Use `zero_division` parameter to control this behavior.
  _warn_prf(average, modifier, f"{metric.capitalize()} is", len(result))

2025-10-31 11:18:41,419:WARNING:C:\Users\User\miniconda3\envs\py3_11_9\Lib\site-packages\sklearn\metrics\_classification.py:1561: UserWarning: Note that pos_label (set to 'G') is ignored when average != 'binary' (got 'weighted'). You may use labels=[pos_label] to specify a single positive class.
  warnings.warn(

2025-10-31 11:18:41,735:WARNING:C:\Users\User\miniconda3\envs\py3_11_9\Lib\site-packages\sklearn\metrics\_classification.py:1561: UserWarning: Note that pos_label (set to 'G') is ignored when average != 'binary' (got 'weighted'). You may use labels=[pos_label] to specify a single positive class.
  warnings.warn(

2025-10-31 11:18:41,760:WARNING:C:\Users\User\miniconda3\envs\py3_11_9\Lib\site-packages\sklearn\metrics\_classification.py:1561: UserWarning: Note that pos_label (set to 'G') is ignored when average != 'binary' (got 'weighted'). You may use labels=[pos_label] to specify a single positive class.
  warnings.warn(

2025-10-31 11:18:41,784:WARNING:C:\Users\User\miniconda3\envs\py3_11_9\Lib\site-packages\sklearn\metrics\_classification.py:1509: UndefinedMetricWarning: Precision is ill-defined and being set to 0.0 in labels with no predicted samples. Use `zero_division` parameter to control this behavior.
  _warn_prf(average, modifier, f"{metric.capitalize()} is", len(result))

2025-10-31 11:18:41,799:WARNING:C:\Users\User\miniconda3\envs\py3_11_9\Lib\site-packages\sklearn\metrics\_classification.py:1561: UserWarning: Note that pos_label (set to 'G') is ignored when average != 'binary' (got 'weighted'). You may use labels=[pos_label] to specify a single positive class.
  warnings.warn(

2025-10-31 11:18:41,828:WARNING:C:\Users\User\miniconda3\envs\py3_11_9\Lib\site-packages\sklearn\metrics\_classification.py:1561: UserWarning: Note that pos_label (set to 'G') is ignored when average != 'binary' (got 'weighted'). You may use labels=[pos_label] to specify a single positive class.
  warnings.warn(

2025-10-31 11:18:41,873:WARNING:C:\Users\User\miniconda3\envs\py3_11_9\Lib\site-packages\sklearn\metrics\_classification.py:1561: UserWarning: Note that pos_label (set to 'G') is ignored when average != 'binary' (got 'weighted'). You may use labels=[pos_label] to specify a single positive class.
  warnings.warn(

2025-10-31 11:18:41,887:WARNING:C:\Users\User\miniconda3\envs\py3_11_9\Lib\site-packages\sklearn\metrics\_classification.py:1509: UndefinedMetricWarning: Precision is ill-defined and being set to 0.0 in labels with no predicted samples. Use `zero_division` parameter to control this behavior.
  _warn_prf(average, modifier, f"{metric.capitalize()} is", len(result))

2025-10-31 11:18:41,898:WARNING:C:\Users\User\miniconda3\envs\py3_11_9\Lib\site-packages\sklearn\metrics\_classification.py:1561: UserWarning: Note that pos_label (set to 'G') is ignored when average != 'binary' (got 'weighted'). You may use labels=[pos_label] to specify a single positive class.
  warnings.warn(

2025-10-31 11:18:41,922:WARNING:C:\Users\User\miniconda3\envs\py3_11_9\Lib\site-packages\sklearn\metrics\_classification.py:1561: UserWarning: Note that pos_label (set to 'G') is ignored when average != 'binary' (got 'weighted'). You may use labels=[pos_label] to specify a single positive class.
  warnings.warn(

2025-10-31 11:18:41,944:WARNING:C:\Users\User\miniconda3\envs\py3_11_9\Lib\site-packages\sklearn\metrics\_classification.py:1561: UserWarning: Note that pos_label (set to 'G') is ignored when average != 'binary' (got 'weighted'). You may use labels=[pos_label] to specify a single positive class.
  warnings.warn(

2025-10-31 11:18:41,956:WARNING:C:\Users\User\miniconda3\envs\py3_11_9\Lib\site-packages\sklearn\metrics\_classification.py:1509: UndefinedMetricWarning: Precision is ill-defined and being set to 0.0 in labels with no predicted samples. Use `zero_division` parameter to control this behavior.
  _warn_prf(average, modifier, f"{metric.capitalize()} is", len(result))

2025-10-31 11:18:41,989:WARNING:C:\Users\User\miniconda3\envs\py3_11_9\Lib\site-packages\sklearn\metrics\_classification.py:1561: UserWarning: Note that pos_label (set to 'G') is ignored when average != 'binary' (got 'weighted'). You may use labels=[pos_label] to specify a single positive class.
  warnings.warn(

2025-10-31 11:18:42,157:WARNING:C:\Users\User\miniconda3\envs\py3_11_9\Lib\site-packages\sklearn\metrics\_classification.py:1561: UserWarning: Note that pos_label (set to 'G') is ignored when average != 'binary' (got 'weighted'). You may use labels=[pos_label] to specify a single positive class.
  warnings.warn(

2025-10-31 11:18:42,190:WARNING:C:\Users\User\miniconda3\envs\py3_11_9\Lib\site-packages\sklearn\metrics\_classification.py:1561: UserWarning: Note that pos_label (set to 'G') is ignored when average != 'binary' (got 'weighted'). You may use labels=[pos_label] to specify a single positive class.
  warnings.warn(

2025-10-31 11:18:42,204:WARNING:C:\Users\User\miniconda3\envs\py3_11_9\Lib\site-packages\sklearn\metrics\_classification.py:1509: UndefinedMetricWarning: Precision is ill-defined and being set to 0.0 in labels with no predicted samples. Use `zero_division` parameter to control this behavior.
  _warn_prf(average, modifier, f"{metric.capitalize()} is", len(result))

2025-10-31 11:18:42,216:WARNING:C:\Users\User\miniconda3\envs\py3_11_9\Lib\site-packages\sklearn\metrics\_classification.py:1561: UserWarning: Note that pos_label (set to 'G') is ignored when average != 'binary' (got 'weighted'). You may use labels=[pos_label] to specify a single positive class.
  warnings.warn(

2025-10-31 11:18:42,269:WARNING:C:\Users\User\miniconda3\envs\py3_11_9\Lib\site-packages\sklearn\metrics\_classification.py:1561: UserWarning: Note that pos_label (set to 'G') is ignored when average != 'binary' (got 'weighted'). You may use labels=[pos_label] to specify a single positive class.
  warnings.warn(

2025-10-31 11:18:42,307:WARNING:C:\Users\User\miniconda3\envs\py3_11_9\Lib\site-packages\sklearn\metrics\_classification.py:1561: UserWarning: Note that pos_label (set to 'G') is ignored when average != 'binary' (got 'weighted'). You may use labels=[pos_label] to specify a single positive class.
  warnings.warn(

2025-10-31 11:18:42,320:WARNING:C:\Users\User\miniconda3\envs\py3_11_9\Lib\site-packages\sklearn\metrics\_classification.py:1509: UndefinedMetricWarning: Precision is ill-defined and being set to 0.0 in labels with no predicted samples. Use `zero_division` parameter to control this behavior.
  _warn_prf(average, modifier, f"{metric.capitalize()} is", len(result))

2025-10-31 11:18:42,330:WARNING:C:\Users\User\miniconda3\envs\py3_11_9\Lib\site-packages\sklearn\metrics\_classification.py:1561: UserWarning: Note that pos_label (set to 'G') is ignored when average != 'binary' (got 'weighted'). You may use labels=[pos_label] to specify a single positive class.
  warnings.warn(

2025-10-31 11:18:42,331:WARNING:C:\Users\User\miniconda3\envs\py3_11_9\Lib\site-packages\sklearn\metrics\_classification.py:1561: UserWarning: Note that pos_label (set to 'G') is ignored when average != 'binary' (got 'weighted'). You may use labels=[pos_label] to specify a single positive class.
  warnings.warn(

2025-10-31 11:18:42,351:WARNING:C:\Users\User\miniconda3\envs\py3_11_9\Lib\site-packages\sklearn\metrics\_classification.py:1561: UserWarning: Note that pos_label (set to 'G') is ignored when average != 'binary' (got 'weighted'). You may use labels=[pos_label] to specify a single positive class.
  warnings.warn(

2025-10-31 11:18:42,374:WARNING:C:\Users\User\miniconda3\envs\py3_11_9\Lib\site-packages\sklearn\metrics\_classification.py:1561: UserWarning: Note that pos_label (set to 'G') is ignored when average != 'binary' (got 'weighted'). You may use labels=[pos_label] to specify a single positive class.
  warnings.warn(

2025-10-31 11:18:42,417:INFO:Calculating mean and std
2025-10-31 11:18:42,420:INFO:Creating metrics dataframe
2025-10-31 11:18:42,429:INFO:Finalizing model
2025-10-31 11:18:42,568:INFO:[LightGBM] [Warning] feature_fraction is set=0.9, colsample_bytree=1.0 will be ignored. Current value: feature_fraction=0.9
2025-10-31 11:18:42,568:INFO:[LightGBM] [Warning] bagging_fraction is set=0.6, subsample=1.0 will be ignored. Current value: bagging_fraction=0.6
2025-10-31 11:18:42,568:INFO:[LightGBM] [Warning] bagging_freq is set=4, subsample_freq=0 will be ignored. Current value: bagging_freq=4
2025-10-31 11:18:42,581:INFO:[LightGBM] [Warning] feature_fraction is set=0.9, colsample_bytree=1.0 will be ignored. Current value: feature_fraction=0.9
2025-10-31 11:18:42,581:INFO:[LightGBM] [Warning] bagging_fraction is set=0.6, subsample=1.0 will be ignored. Current value: bagging_fraction=0.6
2025-10-31 11:18:42,581:INFO:[LightGBM] [Warning] bagging_freq is set=4, subsample_freq=0 will be ignored. Current value: bagging_freq=4
2025-10-31 11:18:42,583:INFO:[LightGBM] [Info] Auto-choosing row-wise multi-threading, the overhead of testing was 0.001059 seconds.
2025-10-31 11:18:42,584:INFO:You can set `force_row_wise=true` to remove the overhead.
2025-10-31 11:18:42,584:INFO:And if memory is not enough, you can set `force_col_wise=true`.
2025-10-31 11:18:42,584:INFO:[LightGBM] [Info] Total Bins 685
2025-10-31 11:18:42,584:INFO:[LightGBM] [Info] Number of data points in the train set: 22806, number of used features: 17
2025-10-31 11:18:42,585:INFO:[LightGBM] [Info] Start training from score -1.106271
2025-10-31 11:18:42,585:INFO:[LightGBM] [Info] Start training from score -1.137097
2025-10-31 11:18:42,585:INFO:[LightGBM] [Info] Start training from score -1.618512
2025-10-31 11:18:42,585:INFO:[LightGBM] [Info] Start training from score -2.195647
2025-10-31 11:18:42,586:INFO:[LightGBM] [Info] Start training from score -3.520066
2025-10-31 11:18:42,586:INFO:[LightGBM] [Info] Start training from score -4.904880
2025-10-31 11:18:42,586:INFO:[LightGBM] [Info] Start training from score -6.228116
2025-10-31 11:18:43,025:INFO:[LightGBM] [Warning] No further splits with positive gain, best gain: -inf
2025-10-31 11:18:43,108:INFO:[LightGBM] [Warning] No further splits with positive gain, best gain: -inf
2025-10-31 11:18:43,160:INFO:[LightGBM] [Warning] No further splits with positive gain, best gain: -inf
2025-10-31 11:18:43,248:INFO:[LightGBM] [Warning] No further splits with positive gain, best gain: -inf
2025-10-31 11:18:43,288:INFO:[LightGBM] [Warning] No further splits with positive gain, best gain: -inf
2025-10-31 11:18:43,362:INFO:[LightGBM] [Warning] No further splits with positive gain, best gain: -inf
2025-10-31 11:18:43,367:INFO:[LightGBM] [Warning] No further splits with positive gain, best gain: -inf
2025-10-31 11:18:43,372:INFO:[LightGBM] [Warning] No further splits with positive gain, best gain: -inf
2025-10-31 11:18:43,375:INFO:[LightGBM] [Warning] No further splits with positive gain, best gain: -inf
2025-10-31 11:18:43,395:INFO:[LightGBM] [Warning] No further splits with positive gain, best gain: -inf
2025-10-31 11:18:43,399:INFO:[LightGBM] [Warning] No further splits with positive gain, best gain: -inf
2025-10-31 11:18:43,403:INFO:[LightGBM] [Warning] No further splits with positive gain, best gain: -inf
2025-10-31 11:18:43,406:INFO:[LightGBM] [Warning] No further splits with positive gain, best gain: -inf
2025-10-31 11:18:43,409:INFO:[LightGBM] [Warning] No further splits with positive gain, best gain: -inf
2025-10-31 11:18:43,417:INFO:[LightGBM] [Warning] No further splits with positive gain, best gain: -inf
2025-10-31 11:18:43,420:INFO:[LightGBM] [Warning] No further splits with positive gain, best gain: -inf
2025-10-31 11:18:43,423:INFO:[LightGBM] [Warning] No further splits with positive gain, best gain: -inf
2025-10-31 11:18:43,427:INFO:[LightGBM] [Warning] No further splits with positive gain, best gain: -inf
2025-10-31 11:18:43,435:INFO:[LightGBM] [Warning] No further splits with positive gain, best gain: -inf
2025-10-31 11:18:43,439:INFO:[LightGBM] [Warning] No further splits with positive gain, best gain: -inf
2025-10-31 11:18:43,442:INFO:[LightGBM] [Warning] No further splits with positive gain, best gain: -inf
2025-10-31 11:18:43,446:INFO:[LightGBM] [Warning] No further splits with positive gain, best gain: -inf
2025-10-31 11:18:43,452:INFO:[LightGBM] [Warning] No further splits with positive gain, best gain: -inf
2025-10-31 11:18:43,456:INFO:[LightGBM] [Warning] No further splits with positive gain, best gain: -inf
2025-10-31 11:18:43,476:INFO:[LightGBM] [Warning] No further splits with positive gain, best gain: -inf
2025-10-31 11:18:43,480:INFO:[LightGBM] [Warning] No further splits with positive gain, best gain: -inf
2025-10-31 11:18:43,483:INFO:[LightGBM] [Warning] No further splits with positive gain, best gain: -inf
2025-10-31 11:18:43,484:INFO:[LightGBM] [Warning] No further splits with positive gain, best gain: -inf
2025-10-31 11:18:43,487:INFO:[LightGBM] [Warning] No further splits with positive gain, best gain: -inf
2025-10-31 11:18:43,493:INFO:[LightGBM] [Warning] No further splits with positive gain, best gain: -inf
2025-10-31 11:18:43,498:INFO:[LightGBM] [Warning] No further splits with positive gain, best gain: -inf
2025-10-31 11:18:43,507:INFO:[LightGBM] [Warning] No further splits with positive gain, best gain: -inf
2025-10-31 11:18:43,511:INFO:[LightGBM] [Warning] No further splits with positive gain, best gain: -inf
2025-10-31 11:18:43,515:INFO:[LightGBM] [Warning] No further splits with positive gain, best gain: -inf
2025-10-31 11:18:43,519:INFO:[LightGBM] [Warning] No further splits with positive gain, best gain: -inf
2025-10-31 11:18:43,522:INFO:[LightGBM] [Warning] No further splits with positive gain, best gain: -inf
2025-10-31 11:18:43,535:INFO:[LightGBM] [Warning] No further splits with positive gain, best gain: -inf
2025-10-31 11:18:43,539:INFO:[LightGBM] [Warning] No further splits with positive gain, best gain: -inf
2025-10-31 11:18:43,543:INFO:[LightGBM] [Warning] No further splits with positive gain, best gain: -inf
2025-10-31 11:18:43,548:INFO:[LightGBM] [Warning] No further splits with positive gain, best gain: -inf
2025-10-31 11:18:43,551:INFO:[LightGBM] [Warning] No further splits with positive gain, best gain: -inf
2025-10-31 11:18:43,554:INFO:[LightGBM] [Warning] No further splits with positive gain, best gain: -inf
2025-10-31 11:18:43,570:INFO:[LightGBM] [Warning] No further splits with positive gain, best gain: -inf
2025-10-31 11:18:43,688:INFO:Uploading results into container
2025-10-31 11:18:43,689:INFO:Uploading model into container now
2025-10-31 11:18:43,690:INFO:_master_model_container: 15
2025-10-31 11:18:43,690:INFO:_display_container: 3
2025-10-31 11:18:43,691:INFO:LGBMClassifier(bagging_fraction=0.6, bagging_freq=4, boosting_type='gbdt',
               class_weight=None, colsample_bytree=1.0, feature_fraction=0.9,
               importance_type='split', learning_rate=0.05, max_depth=-1,
               min_child_samples=96, min_child_weight=0.001, min_split_gain=0.7,
               n_estimators=180, n_jobs=-1, num_leaves=10, objective=None,
               random_state=123, reg_alpha=0.0001, reg_lambda=0.1,
               subsample=1.0, subsample_for_bin=200000, subsample_freq=0)
2025-10-31 11:18:43,691:INFO:create_model() successfully completed......................................
2025-10-31 11:18:43,774:INFO:SubProcess create_model() end ==================================
2025-10-31 11:18:43,774:INFO:choose_better activated
2025-10-31 11:18:43,778:INFO:SubProcess create_model() called ==================================
2025-10-31 11:18:43,780:INFO:Initializing create_model()
2025-10-31 11:18:43,780:INFO:create_model(self=<pycaret.classification.oop.ClassificationExperiment object at 0x000002AFB4FC8A90>, estimator=LGBMClassifier(boosting_type='gbdt', class_weight=None, colsample_bytree=1.0,
               importance_type='split', learning_rate=0.1, max_depth=-1,
               min_child_samples=20, min_child_weight=0.001, min_split_gain=0.0,
               n_estimators=100, n_jobs=-1, num_leaves=31, objective=None,
               random_state=123, reg_alpha=0.0, reg_lambda=0.0, subsample=1.0,
               subsample_for_bin=200000, subsample_freq=0), fold=StratifiedKFold(n_splits=10, random_state=None, shuffle=False), round=4, cross_validation=True, predict=True, fit_kwargs={}, groups=None, refit=True, probability_threshold=None, experiment_custom_tags=None, verbose=False, system=False, add_to_model_list=True, metrics=None, display=None, model_only=True, return_train_score=False, error_score=0.0, kwargs={})
2025-10-31 11:18:43,780:INFO:Checking exceptions
2025-10-31 11:18:43,781:INFO:Importing libraries
2025-10-31 11:18:43,782:INFO:Copying training dataset
2025-10-31 11:18:43,794:INFO:Defining folds
2025-10-31 11:18:43,794:INFO:Declaring metric variables
2025-10-31 11:18:43,794:INFO:Importing untrained model
2025-10-31 11:18:43,795:INFO:Declaring custom model
2025-10-31 11:18:43,796:INFO:Light Gradient Boosting Machine Imported successfully
2025-10-31 11:18:43,796:INFO:Starting cross validation
2025-10-31 11:18:43,797:INFO:Cross validating with StratifiedKFold(n_splits=10, random_state=None, shuffle=False), n_jobs=-1
2025-10-31 11:18:52,231:WARNING:C:\Users\User\miniconda3\envs\py3_11_9\Lib\site-packages\sklearn\metrics\_classification.py:1561: UserWarning: Note that pos_label (set to 'G') is ignored when average != 'binary' (got 'weighted'). You may use labels=[pos_label] to specify a single positive class.
  warnings.warn(

2025-10-31 11:18:52,253:WARNING:C:\Users\User\miniconda3\envs\py3_11_9\Lib\site-packages\sklearn\metrics\_classification.py:1561: UserWarning: Note that pos_label (set to 'G') is ignored when average != 'binary' (got 'weighted'). You may use labels=[pos_label] to specify a single positive class.
  warnings.warn(

2025-10-31 11:18:52,264:WARNING:C:\Users\User\miniconda3\envs\py3_11_9\Lib\site-packages\sklearn\metrics\_classification.py:1509: UndefinedMetricWarning: Precision is ill-defined and being set to 0.0 in labels with no predicted samples. Use `zero_division` parameter to control this behavior.
  _warn_prf(average, modifier, f"{metric.capitalize()} is", len(result))

2025-10-31 11:18:52,283:WARNING:C:\Users\User\miniconda3\envs\py3_11_9\Lib\site-packages\sklearn\metrics\_classification.py:1561: UserWarning: Note that pos_label (set to 'G') is ignored when average != 'binary' (got 'weighted'). You may use labels=[pos_label] to specify a single positive class.
  warnings.warn(

2025-10-31 11:18:52,351:WARNING:C:\Users\User\miniconda3\envs\py3_11_9\Lib\site-packages\sklearn\metrics\_classification.py:1561: UserWarning: Note that pos_label (set to 'G') is ignored when average != 'binary' (got 'weighted'). You may use labels=[pos_label] to specify a single positive class.
  warnings.warn(

2025-10-31 11:18:52,373:WARNING:C:\Users\User\miniconda3\envs\py3_11_9\Lib\site-packages\sklearn\metrics\_classification.py:1561: UserWarning: Note that pos_label (set to 'G') is ignored when average != 'binary' (got 'weighted'). You may use labels=[pos_label] to specify a single positive class.
  warnings.warn(

2025-10-31 11:18:52,398:WARNING:C:\Users\User\miniconda3\envs\py3_11_9\Lib\site-packages\sklearn\metrics\_classification.py:1561: UserWarning: Note that pos_label (set to 'G') is ignored when average != 'binary' (got 'weighted'). You may use labels=[pos_label] to specify a single positive class.
  warnings.warn(

2025-10-31 11:18:52,414:WARNING:C:\Users\User\miniconda3\envs\py3_11_9\Lib\site-packages\sklearn\metrics\_classification.py:1561: UserWarning: Note that pos_label (set to 'G') is ignored when average != 'binary' (got 'weighted'). You may use labels=[pos_label] to specify a single positive class.
  warnings.warn(

2025-10-31 11:18:52,450:WARNING:C:\Users\User\miniconda3\envs\py3_11_9\Lib\site-packages\sklearn\metrics\_classification.py:1561: UserWarning: Note that pos_label (set to 'G') is ignored when average != 'binary' (got 'weighted'). You may use labels=[pos_label] to specify a single positive class.
  warnings.warn(

2025-10-31 11:18:52,471:WARNING:C:\Users\User\miniconda3\envs\py3_11_9\Lib\site-packages\sklearn\metrics\_classification.py:1561: UserWarning: Note that pos_label (set to 'G') is ignored when average != 'binary' (got 'weighted'). You may use labels=[pos_label] to specify a single positive class.
  warnings.warn(

2025-10-31 11:18:52,622:WARNING:C:\Users\User\miniconda3\envs\py3_11_9\Lib\site-packages\sklearn\metrics\_classification.py:1561: UserWarning: Note that pos_label (set to 'G') is ignored when average != 'binary' (got 'weighted'). You may use labels=[pos_label] to specify a single positive class.
  warnings.warn(

2025-10-31 11:18:52,654:WARNING:C:\Users\User\miniconda3\envs\py3_11_9\Lib\site-packages\sklearn\metrics\_classification.py:1561: UserWarning: Note that pos_label (set to 'G') is ignored when average != 'binary' (got 'weighted'). You may use labels=[pos_label] to specify a single positive class.
  warnings.warn(

2025-10-31 11:18:52,693:WARNING:C:\Users\User\miniconda3\envs\py3_11_9\Lib\site-packages\sklearn\metrics\_classification.py:1561: UserWarning: Note that pos_label (set to 'G') is ignored when average != 'binary' (got 'weighted'). You may use labels=[pos_label] to specify a single positive class.
  warnings.warn(

2025-10-31 11:18:52,730:WARNING:C:\Users\User\miniconda3\envs\py3_11_9\Lib\site-packages\sklearn\metrics\_classification.py:1561: UserWarning: Note that pos_label (set to 'G') is ignored when average != 'binary' (got 'weighted'). You may use labels=[pos_label] to specify a single positive class.
  warnings.warn(

2025-10-31 11:18:52,756:WARNING:C:\Users\User\miniconda3\envs\py3_11_9\Lib\site-packages\sklearn\metrics\_classification.py:1561: UserWarning: Note that pos_label (set to 'G') is ignored when average != 'binary' (got 'weighted'). You may use labels=[pos_label] to specify a single positive class.
  warnings.warn(

2025-10-31 11:18:52,779:WARNING:C:\Users\User\miniconda3\envs\py3_11_9\Lib\site-packages\sklearn\metrics\_classification.py:1561: UserWarning: Note that pos_label (set to 'G') is ignored when average != 'binary' (got 'weighted'). You may use labels=[pos_label] to specify a single positive class.
  warnings.warn(

2025-10-31 11:18:52,848:WARNING:C:\Users\User\miniconda3\envs\py3_11_9\Lib\site-packages\sklearn\metrics\_classification.py:1561: UserWarning: Note that pos_label (set to 'G') is ignored when average != 'binary' (got 'weighted'). You may use labels=[pos_label] to specify a single positive class.
  warnings.warn(

2025-10-31 11:18:52,868:WARNING:C:\Users\User\miniconda3\envs\py3_11_9\Lib\site-packages\sklearn\metrics\_classification.py:1561: UserWarning: Note that pos_label (set to 'G') is ignored when average != 'binary' (got 'weighted'). You may use labels=[pos_label] to specify a single positive class.
  warnings.warn(

2025-10-31 11:18:52,877:WARNING:C:\Users\User\miniconda3\envs\py3_11_9\Lib\site-packages\sklearn\metrics\_classification.py:1561: UserWarning: Note that pos_label (set to 'G') is ignored when average != 'binary' (got 'weighted'). You may use labels=[pos_label] to specify a single positive class.
  warnings.warn(

2025-10-31 11:18:52,890:WARNING:C:\Users\User\miniconda3\envs\py3_11_9\Lib\site-packages\sklearn\metrics\_classification.py:1561: UserWarning: Note that pos_label (set to 'G') is ignored when average != 'binary' (got 'weighted'). You may use labels=[pos_label] to specify a single positive class.
  warnings.warn(

2025-10-31 11:18:52,899:WARNING:C:\Users\User\miniconda3\envs\py3_11_9\Lib\site-packages\sklearn\metrics\_classification.py:1561: UserWarning: Note that pos_label (set to 'G') is ignored when average != 'binary' (got 'weighted'). You may use labels=[pos_label] to specify a single positive class.
  warnings.warn(

2025-10-31 11:18:52,910:WARNING:C:\Users\User\miniconda3\envs\py3_11_9\Lib\site-packages\sklearn\metrics\_classification.py:1509: UndefinedMetricWarning: Precision is ill-defined and being set to 0.0 in labels with no predicted samples. Use `zero_division` parameter to control this behavior.
  _warn_prf(average, modifier, f"{metric.capitalize()} is", len(result))

2025-10-31 11:18:52,919:WARNING:C:\Users\User\miniconda3\envs\py3_11_9\Lib\site-packages\sklearn\metrics\_classification.py:1561: UserWarning: Note that pos_label (set to 'G') is ignored when average != 'binary' (got 'weighted'). You may use labels=[pos_label] to specify a single positive class.
  warnings.warn(

2025-10-31 11:18:53,336:WARNING:C:\Users\User\miniconda3\envs\py3_11_9\Lib\site-packages\sklearn\metrics\_classification.py:1561: UserWarning: Note that pos_label (set to 'G') is ignored when average != 'binary' (got 'weighted'). You may use labels=[pos_label] to specify a single positive class.
  warnings.warn(

2025-10-31 11:18:53,381:WARNING:C:\Users\User\miniconda3\envs\py3_11_9\Lib\site-packages\sklearn\metrics\_classification.py:1561: UserWarning: Note that pos_label (set to 'G') is ignored when average != 'binary' (got 'weighted'). You may use labels=[pos_label] to specify a single positive class.
  warnings.warn(

2025-10-31 11:18:53,394:WARNING:C:\Users\User\miniconda3\envs\py3_11_9\Lib\site-packages\sklearn\metrics\_classification.py:1509: UndefinedMetricWarning: Precision is ill-defined and being set to 0.0 in labels with no predicted samples. Use `zero_division` parameter to control this behavior.
  _warn_prf(average, modifier, f"{metric.capitalize()} is", len(result))

2025-10-31 11:18:53,406:WARNING:C:\Users\User\miniconda3\envs\py3_11_9\Lib\site-packages\sklearn\metrics\_classification.py:1561: UserWarning: Note that pos_label (set to 'G') is ignored when average != 'binary' (got 'weighted'). You may use labels=[pos_label] to specify a single positive class.
  warnings.warn(

2025-10-31 11:18:53,427:WARNING:C:\Users\User\miniconda3\envs\py3_11_9\Lib\site-packages\sklearn\metrics\_classification.py:1561: UserWarning: Note that pos_label (set to 'G') is ignored when average != 'binary' (got 'weighted'). You may use labels=[pos_label] to specify a single positive class.
  warnings.warn(

2025-10-31 11:18:53,447:WARNING:C:\Users\User\miniconda3\envs\py3_11_9\Lib\site-packages\sklearn\metrics\_classification.py:1561: UserWarning: Note that pos_label (set to 'G') is ignored when average != 'binary' (got 'weighted'). You may use labels=[pos_label] to specify a single positive class.
  warnings.warn(

2025-10-31 11:18:53,459:WARNING:C:\Users\User\miniconda3\envs\py3_11_9\Lib\site-packages\sklearn\metrics\_classification.py:1509: UndefinedMetricWarning: Precision is ill-defined and being set to 0.0 in labels with no predicted samples. Use `zero_division` parameter to control this behavior.
  _warn_prf(average, modifier, f"{metric.capitalize()} is", len(result))

2025-10-31 11:18:53,467:WARNING:C:\Users\User\miniconda3\envs\py3_11_9\Lib\site-packages\sklearn\metrics\_classification.py:1561: UserWarning: Note that pos_label (set to 'G') is ignored when average != 'binary' (got 'weighted'). You may use labels=[pos_label] to specify a single positive class.
  warnings.warn(

2025-10-31 11:18:53,504:WARNING:C:\Users\User\miniconda3\envs\py3_11_9\Lib\site-packages\sklearn\metrics\_classification.py:1561: UserWarning: Note that pos_label (set to 'G') is ignored when average != 'binary' (got 'weighted'). You may use labels=[pos_label] to specify a single positive class.
  warnings.warn(

2025-10-31 11:18:53,522:WARNING:C:\Users\User\miniconda3\envs\py3_11_9\Lib\site-packages\sklearn\metrics\_classification.py:1561: UserWarning: Note that pos_label (set to 'G') is ignored when average != 'binary' (got 'weighted'). You may use labels=[pos_label] to specify a single positive class.
  warnings.warn(

2025-10-31 11:18:53,540:WARNING:C:\Users\User\miniconda3\envs\py3_11_9\Lib\site-packages\sklearn\metrics\_classification.py:1561: UserWarning: Note that pos_label (set to 'G') is ignored when average != 'binary' (got 'weighted'). You may use labels=[pos_label] to specify a single positive class.
  warnings.warn(

2025-10-31 11:18:53,574:INFO:Calculating mean and std
2025-10-31 11:18:53,575:INFO:Creating metrics dataframe
2025-10-31 11:18:53,577:INFO:Finalizing model
2025-10-31 11:18:53,721:INFO:[LightGBM] [Info] Auto-choosing row-wise multi-threading, the overhead of testing was 0.000920 seconds.
2025-10-31 11:18:53,721:INFO:You can set `force_row_wise=true` to remove the overhead.
2025-10-31 11:18:53,721:INFO:And if memory is not enough, you can set `force_col_wise=true`.
2025-10-31 11:18:53,721:INFO:[LightGBM] [Info] Total Bins 687
2025-10-31 11:18:53,721:INFO:[LightGBM] [Info] Number of data points in the train set: 22806, number of used features: 18
2025-10-31 11:18:53,722:INFO:[LightGBM] [Info] Start training from score -1.106271
2025-10-31 11:18:53,722:INFO:[LightGBM] [Info] Start training from score -1.137097
2025-10-31 11:18:53,722:INFO:[LightGBM] [Info] Start training from score -1.618512
2025-10-31 11:18:53,722:INFO:[LightGBM] [Info] Start training from score -2.195647
2025-10-31 11:18:53,722:INFO:[LightGBM] [Info] Start training from score -3.520066
2025-10-31 11:18:53,722:INFO:[LightGBM] [Info] Start training from score -4.904880
2025-10-31 11:18:53,722:INFO:[LightGBM] [Info] Start training from score -6.228116
2025-10-31 11:18:54,671:INFO:Uploading results into container
2025-10-31 11:18:54,672:INFO:Uploading model into container now
2025-10-31 11:18:54,672:INFO:_master_model_container: 16
2025-10-31 11:18:54,673:INFO:_display_container: 4
2025-10-31 11:18:54,674:INFO:LGBMClassifier(boosting_type='gbdt', class_weight=None, colsample_bytree=1.0,
               importance_type='split', learning_rate=0.1, max_depth=-1,
               min_child_samples=20, min_child_weight=0.001, min_split_gain=0.0,
               n_estimators=100, n_jobs=-1, num_leaves=31, objective=None,
               random_state=123, reg_alpha=0.0, reg_lambda=0.0, subsample=1.0,
               subsample_for_bin=200000, subsample_freq=0)
2025-10-31 11:18:54,674:INFO:create_model() successfully completed......................................
2025-10-31 11:18:54,756:INFO:SubProcess create_model() end ==================================
2025-10-31 11:18:54,757:INFO:LGBMClassifier(boosting_type='gbdt', class_weight=None, colsample_bytree=1.0,
               importance_type='split', learning_rate=0.1, max_depth=-1,
               min_child_samples=20, min_child_weight=0.001, min_split_gain=0.0,
               n_estimators=100, n_jobs=-1, num_leaves=31, objective=None,
               random_state=123, reg_alpha=0.0, reg_lambda=0.0, subsample=1.0,
               subsample_for_bin=200000, subsample_freq=0) result for Accuracy is 0.5112
2025-10-31 11:18:54,758:INFO:LGBMClassifier(bagging_fraction=0.6, bagging_freq=4, boosting_type='gbdt',
               class_weight=None, colsample_bytree=1.0, feature_fraction=0.9,
               importance_type='split', learning_rate=0.05, max_depth=-1,
               min_child_samples=96, min_child_weight=0.001, min_split_gain=0.7,
               n_estimators=180, n_jobs=-1, num_leaves=10, objective=None,
               random_state=123, reg_alpha=0.0001, reg_lambda=0.1,
               subsample=1.0, subsample_for_bin=200000, subsample_freq=0) result for Accuracy is 0.5071
2025-10-31 11:18:54,759:INFO:LGBMClassifier(boosting_type='gbdt', class_weight=None, colsample_bytree=1.0,
               importance_type='split', learning_rate=0.1, max_depth=-1,
               min_child_samples=20, min_child_weight=0.001, min_split_gain=0.0,
               n_estimators=100, n_jobs=-1, num_leaves=31, objective=None,
               random_state=123, reg_alpha=0.0, reg_lambda=0.0, subsample=1.0,
               subsample_for_bin=200000, subsample_freq=0) is best model
2025-10-31 11:18:54,759:INFO:choose_better completed
2025-10-31 11:18:54,760:INFO:Original model was better than the tuned model, hence it will be returned. NOTE: The display metrics are for the tuned model (not the original one).
2025-10-31 11:18:54,770:INFO:_master_model_container: 16
2025-10-31 11:18:54,770:INFO:_display_container: 3
2025-10-31 11:18:54,772:INFO:LGBMClassifier(boosting_type='gbdt', class_weight=None, colsample_bytree=1.0,
               importance_type='split', learning_rate=0.1, max_depth=-1,
               min_child_samples=20, min_child_weight=0.001, min_split_gain=0.0,
               n_estimators=100, n_jobs=-1, num_leaves=31, objective=None,
               random_state=123, reg_alpha=0.0, reg_lambda=0.0, subsample=1.0,
               subsample_for_bin=200000, subsample_freq=0)
2025-10-31 11:18:54,772:INFO:tune_model() successfully completed......................................
2025-10-31 11:23:18,563:INFO:Initializing finalize_model()
2025-10-31 11:23:18,563:INFO:finalize_model(self=<pycaret.classification.oop.ClassificationExperiment object at 0x000002AFB4FC8A90>, estimator=LGBMClassifier(boosting_type='gbdt', class_weight=None, colsample_bytree=1.0,
               importance_type='split', learning_rate=0.1, max_depth=-1,
               min_child_samples=20, min_child_weight=0.001, min_split_gain=0.0,
               n_estimators=100, n_jobs=-1, num_leaves=31, objective=None,
               random_state=123, reg_alpha=0.0, reg_lambda=0.0, subsample=1.0,
               subsample_for_bin=200000, subsample_freq=0), fit_kwargs=None, groups=None, model_only=False, experiment_custom_tags=None)
2025-10-31 11:23:18,563:INFO:Finalizing LGBMClassifier(boosting_type='gbdt', class_weight=None, colsample_bytree=1.0,
               importance_type='split', learning_rate=0.1, max_depth=-1,
               min_child_samples=20, min_child_weight=0.001, min_split_gain=0.0,
               n_estimators=100, n_jobs=-1, num_leaves=31, objective=None,
               random_state=123, reg_alpha=0.0, reg_lambda=0.0, subsample=1.0,
               subsample_for_bin=200000, subsample_freq=0)
2025-10-31 11:23:18,568:INFO:Initializing create_model()
2025-10-31 11:23:18,568:INFO:create_model(self=<pycaret.classification.oop.ClassificationExperiment object at 0x000002AFB4FC8A90>, estimator=LGBMClassifier(boosting_type='gbdt', class_weight=None, colsample_bytree=1.0,
               importance_type='split', learning_rate=0.1, max_depth=-1,
               min_child_samples=20, min_child_weight=0.001, min_split_gain=0.0,
               n_estimators=100, n_jobs=-1, num_leaves=31, objective=None,
               random_state=123, reg_alpha=0.0, reg_lambda=0.0, subsample=1.0,
               subsample_for_bin=200000, subsample_freq=0), fold=None, round=4, cross_validation=False, predict=False, fit_kwargs={}, groups=None, refit=True, probability_threshold=None, experiment_custom_tags=None, verbose=False, system=False, add_to_model_list=False, metrics=None, display=None, model_only=False, return_train_score=False, error_score=0.0, kwargs={})
2025-10-31 11:23:18,568:INFO:Checking exceptions
2025-10-31 11:23:18,569:INFO:Importing libraries
2025-10-31 11:23:18,569:INFO:Copying training dataset
2025-10-31 11:23:18,570:INFO:Defining folds
2025-10-31 11:23:18,570:INFO:Declaring metric variables
2025-10-31 11:23:18,570:INFO:Importing untrained model
2025-10-31 11:23:18,570:INFO:Declaring custom model
2025-10-31 11:23:18,570:INFO:Light Gradient Boosting Machine Imported successfully
2025-10-31 11:23:18,571:INFO:Cross validation set to False
2025-10-31 11:23:18,571:INFO:Fitting Model
2025-10-31 11:23:18,678:INFO:[LightGBM] [Info] Auto-choosing row-wise multi-threading, the overhead of testing was 0.000526 seconds.
2025-10-31 11:23:18,678:INFO:You can set `force_row_wise=true` to remove the overhead.
2025-10-31 11:23:18,678:INFO:And if memory is not enough, you can set `force_col_wise=true`.
2025-10-31 11:23:18,678:INFO:[LightGBM] [Info] Total Bins 699
2025-10-31 11:23:18,678:INFO:[LightGBM] [Info] Number of data points in the train set: 32581, number of used features: 18
2025-10-31 11:23:18,678:INFO:[LightGBM] [Info] Start training from score -1.106315
2025-10-31 11:23:18,678:INFO:[LightGBM] [Info] Start training from score -1.137032
2025-10-31 11:23:18,678:INFO:[LightGBM] [Info] Start training from score -1.618410
2025-10-31 11:23:18,678:INFO:[LightGBM] [Info] Start training from score -2.195599
2025-10-31 11:23:18,678:INFO:[LightGBM] [Info] Start training from score -3.520393
2025-10-31 11:23:18,678:INFO:[LightGBM] [Info] Start training from score -4.906688
2025-10-31 11:23:18,678:INFO:[LightGBM] [Info] Start training from score -6.232601
2025-10-31 11:23:19,471:INFO:Pipeline(memory=Memory(location=None),
         steps=[('label_encoding',
                 TransformerWrapperWithInverse(exclude=None, include=None,
                                               transformer=LabelEncoder())),
                ('numerical_imputer',
                 TransformerWrapper(exclude=None,
                                    include=['person_age', 'person_income',
                                             'person_emp_length', 'loan_amnt',
                                             'loan_status',
                                             'loan_percent_income',
                                             'cb_person_cred_hist_length'],
                                    transformer=S...
                 LGBMClassifier(boosting_type='gbdt', class_weight=None,
                                colsample_bytree=1.0, importance_type='split',
                                learning_rate=0.1, max_depth=-1,
                                min_child_samples=20, min_child_weight=0.001,
                                min_split_gain=0.0, n_estimators=100, n_jobs=-1,
                                num_leaves=31, objective=None, random_state=123,
                                reg_alpha=0.0, reg_lambda=0.0, subsample=1.0,
                                subsample_for_bin=200000, subsample_freq=0))],
         verbose=False)
2025-10-31 11:23:19,471:INFO:create_model() successfully completed......................................
2025-10-31 11:23:19,553:INFO:_master_model_container: 16
2025-10-31 11:23:19,553:INFO:_display_container: 3
2025-10-31 11:23:19,564:INFO:Pipeline(memory=Memory(location=None),
         steps=[('label_encoding',
                 TransformerWrapperWithInverse(exclude=None, include=None,
                                               transformer=LabelEncoder())),
                ('numerical_imputer',
                 TransformerWrapper(exclude=None,
                                    include=['person_age', 'person_income',
                                             'person_emp_length', 'loan_amnt',
                                             'loan_status',
                                             'loan_percent_income',
                                             'cb_person_cred_hist_length'],
                                    transformer=S...
                 LGBMClassifier(boosting_type='gbdt', class_weight=None,
                                colsample_bytree=1.0, importance_type='split',
                                learning_rate=0.1, max_depth=-1,
                                min_child_samples=20, min_child_weight=0.001,
                                min_split_gain=0.0, n_estimators=100, n_jobs=-1,
                                num_leaves=31, objective=None, random_state=123,
                                reg_alpha=0.0, reg_lambda=0.0, subsample=1.0,
                                subsample_for_bin=200000, subsample_freq=0))],
         verbose=False)
2025-10-31 11:23:19,564:INFO:finalize_model() successfully completed......................................
2025-10-31 11:23:20,662:INFO:Initializing save_model()
2025-10-31 11:23:20,662:INFO:save_model(model=Pipeline(memory=Memory(location=None),
         steps=[('label_encoding',
                 TransformerWrapperWithInverse(exclude=None, include=None,
                                               transformer=LabelEncoder())),
                ('numerical_imputer',
                 TransformerWrapper(exclude=None,
                                    include=['person_age', 'person_income',
                                             'person_emp_length', 'loan_amnt',
                                             'loan_status',
                                             'loan_percent_income',
                                             'cb_person_cred_hist_length'],
                                    transformer=S...
                 LGBMClassifier(boosting_type='gbdt', class_weight=None,
                                colsample_bytree=1.0, importance_type='split',
                                learning_rate=0.1, max_depth=-1,
                                min_child_samples=20, min_child_weight=0.001,
                                min_split_gain=0.0, n_estimators=100, n_jobs=-1,
                                num_leaves=31, objective=None, random_state=123,
                                reg_alpha=0.0, reg_lambda=0.0, subsample=1.0,
                                subsample_for_bin=200000, subsample_freq=0))],
         verbose=False), model_name=credit_risk_model, prep_pipe_=Pipeline(memory=FastMemory(location=C:\Users\User\AppData\Local\Temp\joblib),
         steps=[('label_encoding',
                 TransformerWrapperWithInverse(exclude=None, include=None,
                                               transformer=LabelEncoder())),
                ('numerical_imputer',
                 TransformerWrapper(exclude=None,
                                    include=['person_age', 'person_income',
                                             'person_emp_length', 'loan_amnt',
                                             'loan_status',
                                             'loan_percent_income',
                                             'cb_...
NaN   -1
dtype: int64}],
                                                               return_df=True,
                                                               verbose=0))),
                ('onehot_encoding',
                 TransformerWrapper(exclude=None,
                                    include=['person_home_ownership',
                                             'loan_intent'],
                                    transformer=OneHotEncoder(cols=['person_home_ownership',
                                                                    'loan_intent'],
                                                              drop_invariant=False,
                                                              handle_missing='return_nan',
                                                              handle_unknown='value',
                                                              return_df=True,
                                                              use_cat_names=True,
                                                              verbose=0)))],
         verbose=False), verbose=True, use_case=MLUsecase.CLASSIFICATION, kwargs={})
2025-10-31 11:23:20,662:INFO:Adding model into prep_pipe
2025-10-31 11:23:20,662:WARNING:Only Model saved as it was a pipeline.
2025-10-31 11:23:20,720:INFO:credit_risk_model.pkl saved in current working directory
2025-10-31 11:23:20,739:INFO:Pipeline(memory=Memory(location=None),
         steps=[('label_encoding',
                 TransformerWrapperWithInverse(exclude=None, include=None,
                                               transformer=LabelEncoder())),
                ('numerical_imputer',
                 TransformerWrapper(exclude=None,
                                    include=['person_age', 'person_income',
                                             'person_emp_length', 'loan_amnt',
                                             'loan_status',
                                             'loan_percent_income',
                                             'cb_person_cred_hist_length'],
                                    transformer=S...
                 LGBMClassifier(boosting_type='gbdt', class_weight=None,
                                colsample_bytree=1.0, importance_type='split',
                                learning_rate=0.1, max_depth=-1,
                                min_child_samples=20, min_child_weight=0.001,
                                min_split_gain=0.0, n_estimators=100, n_jobs=-1,
                                num_leaves=31, objective=None, random_state=123,
                                reg_alpha=0.0, reg_lambda=0.0, subsample=1.0,
                                subsample_for_bin=200000, subsample_freq=0))],
         verbose=False)
2025-10-31 11:23:20,739:INFO:save_model() successfully completed......................................
2025-10-31 11:23:21,617:INFO:Initializing load_model()
2025-10-31 11:23:21,617:INFO:load_model(model_name=credit_risk_model, platform=None, authentication=None, verbose=True)
2025-10-31 11:23:25,063:INFO:Initializing predict_model()
2025-10-31 11:23:25,063:INFO:predict_model(self=<pycaret.classification.oop.ClassificationExperiment object at 0x000002AFB4FC8A90>, estimator=Pipeline(memory=FastMemory(location=C:\Users\User\AppData\Local\Temp\joblib),
         steps=[('label_encoding',
                 TransformerWrapperWithInverse(exclude=None, include=None,
                                               transformer=LabelEncoder())),
                ('numerical_imputer',
                 TransformerWrapper(exclude=None,
                                    include=['person_age', 'person_income',
                                             'person_emp_length', 'loan_amnt',
                                             'loan_status',
                                             'loan_percent_income',
                                             'cb_...
                 LGBMClassifier(boosting_type='gbdt', class_weight=None,
                                colsample_bytree=1.0, importance_type='split',
                                learning_rate=0.1, max_depth=-1,
                                min_child_samples=20, min_child_weight=0.001,
                                min_split_gain=0.0, n_estimators=100, n_jobs=-1,
                                num_leaves=31, objective=None, random_state=123,
                                reg_alpha=0.0, reg_lambda=0.0, subsample=1.0,
                                subsample_for_bin=200000, subsample_freq=0))],
         verbose=False), probability_threshold=None, encoded_labels=False, raw_score=False, round=4, verbose=True, ml_usecase=None, preprocess=True, encode_labels=<function _SupervisedExperiment.predict_model.<locals>.encode_labels at 0x000002AFB4D19300>)
2025-10-31 11:23:25,063:INFO:Checking exceptions
2025-10-31 11:23:25,063:INFO:Preloading libraries
2025-10-31 11:23:25,066:INFO:Set up data.
2025-10-31 11:23:25,070:INFO:Set up index.
2025-10-31 11:23:56,138:INFO:Initializing evaluate_model()
2025-10-31 11:23:56,138:INFO:evaluate_model(self=<pycaret.classification.oop.ClassificationExperiment object at 0x000002AFB4FC8A90>, estimator=LGBMClassifier(boosting_type='gbdt', class_weight=None, colsample_bytree=1.0,
               importance_type='split', learning_rate=0.1, max_depth=-1,
               min_child_samples=20, min_child_weight=0.001, min_split_gain=0.0,
               n_estimators=100, n_jobs=-1, num_leaves=31, objective=None,
               random_state=123, reg_alpha=0.0, reg_lambda=0.0, subsample=1.0,
               subsample_for_bin=200000, subsample_freq=0), fold=None, fit_kwargs=None, plot_kwargs=None, feature_name=None, groups=None)
2025-10-31 11:23:56,148:INFO:Initializing plot_model()
2025-10-31 11:23:56,148:INFO:plot_model(self=<pycaret.classification.oop.ClassificationExperiment object at 0x000002AFB4FC8A90>, estimator=LGBMClassifier(boosting_type='gbdt', class_weight=None, colsample_bytree=1.0,
               importance_type='split', learning_rate=0.1, max_depth=-1,
               min_child_samples=20, min_child_weight=0.001, min_split_gain=0.0,
               n_estimators=100, n_jobs=-1, num_leaves=31, objective=None,
               random_state=123, reg_alpha=0.0, reg_lambda=0.0, subsample=1.0,
               subsample_for_bin=200000, subsample_freq=0), plot=pipeline, scale=1, save=False, fold=StratifiedKFold(n_splits=10, random_state=None, shuffle=False), fit_kwargs={}, plot_kwargs=None, groups=None, feature_name=None, label=False, verbose=False, system=True, display=None, display_format=None)
2025-10-31 11:23:56,148:INFO:Checking exceptions
2025-10-31 11:23:56,148:INFO:Preloading libraries
2025-10-31 11:23:56,222:INFO:Copying training dataset
2025-10-31 11:23:56,222:INFO:Plot type: pipeline
2025-10-31 11:23:56,408:INFO:Visual Rendered Successfully
2025-10-31 11:23:56,490:INFO:plot_model() successfully completed......................................
2025-10-31 11:23:59,979:INFO:Initializing plot_model()
2025-10-31 11:23:59,979:INFO:plot_model(self=<pycaret.classification.oop.ClassificationExperiment object at 0x000002AFB4FC8A90>, estimator=LGBMClassifier(n_jobs=-1, random_state=123), plot=confusion_matrix, scale=1, save=False, fold=StratifiedKFold(n_splits=10, random_state=None, shuffle=False), fit_kwargs={}, plot_kwargs=None, groups=None, feature_name=None, label=False, verbose=False, system=True, display=None, display_format=None)
2025-10-31 11:23:59,979:INFO:Checking exceptions
2025-10-31 11:23:59,985:INFO:Preloading libraries
2025-10-31 11:24:00,046:INFO:Copying training dataset
2025-10-31 11:24:00,046:INFO:Plot type: confusion_matrix
2025-10-31 11:24:00,310:INFO:Fitting Model
2025-10-31 11:24:00,310:INFO:Scoring test/hold-out set
2025-10-31 11:24:00,644:INFO:Visual Rendered Successfully
2025-10-31 11:24:00,734:INFO:plot_model() successfully completed......................................
