2025-10-31 10:54:33,718:WARNING:
'cuml' is a soft dependency and not included in the pycaret installation. Please run: `pip install cuml` to install.
2025-10-31 10:54:33,718:WARNING:
'cuml' is a soft dependency and not included in the pycaret installation. Please run: `pip install cuml` to install.
2025-10-31 10:54:33,718:WARNING:
'cuml' is a soft dependency and not included in the pycaret installation. Please run: `pip install cuml` to install.
2025-10-31 10:54:33,718:WARNING:
'cuml' is a soft dependency and not included in the pycaret installation. Please run: `pip install cuml` to install.
2025-10-31 10:54:35,016:INFO:PyCaret ClassificationExperiment
2025-10-31 10:54:35,016:INFO:Logging name: clf-default-name
2025-10-31 10:54:35,016:INFO:ML Usecase: MLUsecase.CLASSIFICATION
2025-10-31 10:54:35,016:INFO:version 3.3.2
2025-10-31 10:54:35,016:INFO:Initializing setup()
2025-10-31 10:54:35,016:INFO:self.USI: b55c
2025-10-31 10:54:35,016:INFO:self._variable_keys: {'X_train', 'is_multiclass', 'memory', 'html_param', 'X', 'y_test', 'y', 'seed', 'fold_generator', 'X_test', 'fold_shuffle_param', 'n_jobs_param', 'logging_param', 'fold_groups_param', 'data', 'fix_imbalance', 'idx', 'USI', 'exp_id', 'log_plots_param', '_available_plots', 'exp_name_log', 'pipeline', 'gpu_n_jobs_param', 'y_train', 'target_param', '_ml_usecase', 'gpu_param'}
2025-10-31 10:54:35,016:INFO:Checking environment
2025-10-31 10:54:35,016:INFO:python_version: 3.11.9
2025-10-31 10:54:35,016:INFO:python_build: ('main', 'Apr 19 2024 16:40:41')
2025-10-31 10:54:35,016:INFO:machine: AMD64
2025-10-31 10:54:35,016:INFO:platform: Windows-10-10.0.19045-SP0
2025-10-31 10:54:35,024:INFO:Memory: svmem(total=34046668800, available=22203695104, percent=34.8, used=11842973696, free=22203695104)
2025-10-31 10:54:35,024:INFO:Physical Core: 10
2025-10-31 10:54:35,024:INFO:Logical Core: 12
2025-10-31 10:54:35,024:INFO:Checking libraries
2025-10-31 10:54:35,024:INFO:System:
2025-10-31 10:54:35,024:INFO:    python: 3.11.9 | packaged by Anaconda, Inc. | (main, Apr 19 2024, 16:40:41) [MSC v.1916 64 bit (AMD64)]
2025-10-31 10:54:35,024:INFO:executable: C:\Users\User\miniconda3\envs\py3_11_9\python.exe
2025-10-31 10:54:35,024:INFO:   machine: Windows-10-10.0.19045-SP0
2025-10-31 10:54:35,024:INFO:PyCaret required dependencies:
2025-10-31 10:54:35,040:INFO:                 pip: 25.2
2025-10-31 10:54:35,040:INFO:          setuptools: 80.9.0
2025-10-31 10:54:35,040:INFO:             pycaret: 3.3.2
2025-10-31 10:54:35,040:INFO:             IPython: 9.6.0
2025-10-31 10:54:35,040:INFO:          ipywidgets: 8.1.7
2025-10-31 10:54:35,040:INFO:                tqdm: 4.67.1
2025-10-31 10:54:35,040:INFO:               numpy: 1.26.4
2025-10-31 10:54:35,040:INFO:              pandas: 2.1.4
2025-10-31 10:54:35,040:INFO:              jinja2: 3.1.6
2025-10-31 10:54:35,040:INFO:               scipy: 1.11.4
2025-10-31 10:54:35,040:INFO:              joblib: 1.3.2
2025-10-31 10:54:35,040:INFO:             sklearn: 1.4.2
2025-10-31 10:54:35,040:INFO:                pyod: 2.0.5
2025-10-31 10:54:35,040:INFO:            imblearn: 0.14.0
2025-10-31 10:54:35,040:INFO:   category_encoders: 2.7.0
2025-10-31 10:54:35,040:INFO:            lightgbm: 4.6.0
2025-10-31 10:54:35,040:INFO:               numba: 0.62.1
2025-10-31 10:54:35,040:INFO:            requests: 2.32.5
2025-10-31 10:54:35,040:INFO:          matplotlib: 3.7.5
2025-10-31 10:54:35,040:INFO:          scikitplot: 0.3.7
2025-10-31 10:54:35,040:INFO:         yellowbrick: 1.5
2025-10-31 10:54:35,040:INFO:              plotly: 6.3.1
2025-10-31 10:54:35,040:INFO:    plotly-resampler: Not installed
2025-10-31 10:54:35,040:INFO:             kaleido: 1.1.0
2025-10-31 10:54:35,040:INFO:           schemdraw: 0.15
2025-10-31 10:54:35,040:INFO:         statsmodels: 0.14.5
2025-10-31 10:54:35,040:INFO:              sktime: 0.26.0
2025-10-31 10:54:35,040:INFO:               tbats: 1.1.3
2025-10-31 10:54:35,040:INFO:            pmdarima: 2.0.4
2025-10-31 10:54:35,040:INFO:              psutil: 7.1.2
2025-10-31 10:54:35,040:INFO:          markupsafe: 3.0.3
2025-10-31 10:54:35,040:INFO:             pickle5: Not installed
2025-10-31 10:54:35,040:INFO:         cloudpickle: 3.1.1
2025-10-31 10:54:35,041:INFO:         deprecation: 2.1.0
2025-10-31 10:54:35,041:INFO:              xxhash: 3.6.0
2025-10-31 10:54:35,041:INFO:           wurlitzer: Not installed
2025-10-31 10:54:35,041:INFO:PyCaret optional dependencies:
2025-10-31 10:54:35,047:INFO:                shap: Not installed
2025-10-31 10:54:35,047:INFO:           interpret: Not installed
2025-10-31 10:54:35,047:INFO:                umap: Not installed
2025-10-31 10:54:35,047:INFO:     ydata_profiling: Not installed
2025-10-31 10:54:35,047:INFO:  explainerdashboard: Not installed
2025-10-31 10:54:35,047:INFO:             autoviz: Not installed
2025-10-31 10:54:35,047:INFO:           fairlearn: Not installed
2025-10-31 10:54:35,047:INFO:          deepchecks: Not installed
2025-10-31 10:54:35,047:INFO:             xgboost: Not installed
2025-10-31 10:54:35,047:INFO:            catboost: Not installed
2025-10-31 10:54:35,047:INFO:              kmodes: Not installed
2025-10-31 10:54:35,047:INFO:             mlxtend: Not installed
2025-10-31 10:54:35,047:INFO:       statsforecast: Not installed
2025-10-31 10:54:35,047:INFO:        tune_sklearn: Not installed
2025-10-31 10:54:35,047:INFO:                 ray: Not installed
2025-10-31 10:54:35,047:INFO:            hyperopt: Not installed
2025-10-31 10:54:35,047:INFO:              optuna: Not installed
2025-10-31 10:54:35,047:INFO:               skopt: Not installed
2025-10-31 10:54:35,047:INFO:              mlflow: Not installed
2025-10-31 10:54:35,047:INFO:              gradio: Not installed
2025-10-31 10:54:35,047:INFO:             fastapi: Not installed
2025-10-31 10:54:35,047:INFO:             uvicorn: Not installed
2025-10-31 10:54:35,047:INFO:              m2cgen: Not installed
2025-10-31 10:54:35,047:INFO:           evidently: Not installed
2025-10-31 10:54:35,047:INFO:               fugue: Not installed
2025-10-31 10:54:35,047:INFO:           streamlit: Not installed
2025-10-31 10:54:35,047:INFO:             prophet: Not installed
2025-10-31 10:54:35,047:INFO:None
2025-10-31 10:54:35,047:INFO:Set up data.
2025-10-31 10:54:35,051:INFO:Set up folding strategy.
2025-10-31 10:54:35,051:INFO:Set up train/test split.
2025-10-31 10:54:35,053:INFO:Set up index.
2025-10-31 10:54:35,054:INFO:Assigning column types.
2025-10-31 10:54:35,056:INFO:Engine successfully changes for model 'lr' to 'sklearn'.
2025-10-31 10:54:35,075:INFO:Engine for model 'knn' has not been set explicitly, hence returning None.
2025-10-31 10:54:35,075:INFO:Engine for model 'rbfsvm' has not been set explicitly, hence returning None.
2025-10-31 10:54:35,133:WARNING:
'xgboost' is a soft dependency and not included in the pycaret installation. Please run: `pip install xgboost` to install.
Alternately, you can install this by running `pip install pycaret[models]`
2025-10-31 10:54:35,133:WARNING:
'catboost' is a soft dependency and not included in the pycaret installation. Please run: `pip install catboost` to install.
Alternately, you can install this by running `pip install pycaret[models]`
2025-10-31 10:54:35,173:INFO:Engine for model 'knn' has not been set explicitly, hence returning None.
2025-10-31 10:54:35,173:INFO:Engine for model 'rbfsvm' has not been set explicitly, hence returning None.
2025-10-31 10:54:35,189:WARNING:
'xgboost' is a soft dependency and not included in the pycaret installation. Please run: `pip install xgboost` to install.
Alternately, you can install this by running `pip install pycaret[models]`
2025-10-31 10:54:35,189:WARNING:
'catboost' is a soft dependency and not included in the pycaret installation. Please run: `pip install catboost` to install.
Alternately, you can install this by running `pip install pycaret[models]`
2025-10-31 10:54:35,189:INFO:Engine successfully changes for model 'knn' to 'sklearn'.
2025-10-31 10:54:35,220:INFO:Engine for model 'rbfsvm' has not been set explicitly, hence returning None.
2025-10-31 10:54:35,240:WARNING:
'xgboost' is a soft dependency and not included in the pycaret installation. Please run: `pip install xgboost` to install.
Alternately, you can install this by running `pip install pycaret[models]`
2025-10-31 10:54:35,240:WARNING:
'catboost' is a soft dependency and not included in the pycaret installation. Please run: `pip install catboost` to install.
Alternately, you can install this by running `pip install pycaret[models]`
2025-10-31 10:54:35,265:INFO:Engine for model 'rbfsvm' has not been set explicitly, hence returning None.
2025-10-31 10:54:35,273:WARNING:
'xgboost' is a soft dependency and not included in the pycaret installation. Please run: `pip install xgboost` to install.
Alternately, you can install this by running `pip install pycaret[models]`
2025-10-31 10:54:35,273:WARNING:
'catboost' is a soft dependency and not included in the pycaret installation. Please run: `pip install catboost` to install.
Alternately, you can install this by running `pip install pycaret[models]`
2025-10-31 10:54:35,273:INFO:Engine successfully changes for model 'rbfsvm' to 'sklearn'.
2025-10-31 10:54:35,320:WARNING:
'xgboost' is a soft dependency and not included in the pycaret installation. Please run: `pip install xgboost` to install.
Alternately, you can install this by running `pip install pycaret[models]`
2025-10-31 10:54:35,320:WARNING:
'catboost' is a soft dependency and not included in the pycaret installation. Please run: `pip install catboost` to install.
Alternately, you can install this by running `pip install pycaret[models]`
2025-10-31 10:54:35,358:WARNING:
'xgboost' is a soft dependency and not included in the pycaret installation. Please run: `pip install xgboost` to install.
Alternately, you can install this by running `pip install pycaret[models]`
2025-10-31 10:54:35,358:WARNING:
'catboost' is a soft dependency and not included in the pycaret installation. Please run: `pip install catboost` to install.
Alternately, you can install this by running `pip install pycaret[models]`
2025-10-31 10:54:35,358:INFO:Preparing preprocessing pipeline...
2025-10-31 10:54:35,358:INFO:Set up simple imputation.
2025-10-31 10:54:35,373:INFO:Finished creating preprocessing pipeline.
2025-10-31 10:54:35,373:INFO:Pipeline: Pipeline(memory=FastMemory(location=C:\Users\User\AppData\Local\Temp\joblib),
         steps=[('numerical_imputer',
                 TransformerWrapper(exclude=None,
                                    include=['Alcohol', 'Malic', 'Ash',
                                             'Alcalinity', 'Magesium',
                                             'Phenols', 'Flavanoids',
                                             'Nonflavanoids', 'Proanthocyanins',
                                             'Color', 'Hue', 'Dilution',
                                             'Proline'],
                                    transformer=SimpleImputer(add_indicator=False,
                                                              copy=True,
                                                              fill_value=None,
                                                              keep_empty_features=False,
                                                              missing_values=nan,
                                                              strategy='mean'))),
                ('categorical_imputer',
                 TransformerWrapper(exclude=None, include=[],
                                    transformer=SimpleImputer(add_indicator=False,
                                                              copy=True,
                                                              fill_value=None,
                                                              keep_empty_features=False,
                                                              missing_values=nan,
                                                              strategy='most_frequent')))],
         verbose=False)
2025-10-31 10:54:35,373:INFO:Creating final display dataframe.
2025-10-31 10:54:35,405:INFO:Setup _display_container:                     Description             Value
0                    Session id               123
1                        Target             class
2                   Target type        Multiclass
3           Original data shape         (178, 14)
4        Transformed data shape         (178, 14)
5   Transformed train set shape         (124, 14)
6    Transformed test set shape          (54, 14)
7              Numeric features                13
8                    Preprocess              True
9               Imputation type            simple
10           Numeric imputation              mean
11       Categorical imputation              mode
12               Fold Generator   StratifiedKFold
13                  Fold Number                10
14                     CPU Jobs                -1
15                      Use GPU             False
16               Log Experiment             False
17              Experiment Name  clf-default-name
18                          USI              b55c
2025-10-31 10:54:35,467:WARNING:
'xgboost' is a soft dependency and not included in the pycaret installation. Please run: `pip install xgboost` to install.
Alternately, you can install this by running `pip install pycaret[models]`
2025-10-31 10:54:35,467:WARNING:
'catboost' is a soft dependency and not included in the pycaret installation. Please run: `pip install catboost` to install.
Alternately, you can install this by running `pip install pycaret[models]`
2025-10-31 10:54:35,514:WARNING:
'xgboost' is a soft dependency and not included in the pycaret installation. Please run: `pip install xgboost` to install.
Alternately, you can install this by running `pip install pycaret[models]`
2025-10-31 10:54:35,514:WARNING:
'catboost' is a soft dependency and not included in the pycaret installation. Please run: `pip install catboost` to install.
Alternately, you can install this by running `pip install pycaret[models]`
2025-10-31 10:54:35,515:INFO:setup() successfully completed in 0.5s...............
2025-10-31 10:54:46,558:INFO:Initializing compare_models()
2025-10-31 10:54:46,558:INFO:compare_models(self=<pycaret.classification.oop.ClassificationExperiment object at 0x00000161773A0A10>, include=None, exclude=None, fold=None, round=4, cross_validation=True, sort=Accuracy, n_select=1, budget_time=None, turbo=True, errors=ignore, fit_kwargs=None, groups=None, experiment_custom_tags=None, probability_threshold=None, verbose=True, parallel=None, caller_params={'self': <pycaret.classification.oop.ClassificationExperiment object at 0x00000161773A0A10>, 'include': None, 'exclude': None, 'fold': None, 'round': 4, 'cross_validation': True, 'sort': 'Accuracy', 'n_select': 1, 'budget_time': None, 'turbo': True, 'errors': 'ignore', 'fit_kwargs': None, 'groups': None, 'experiment_custom_tags': None, 'probability_threshold': None, 'engine': None, 'verbose': True, 'parallel': None, '__class__': <class 'pycaret.classification.oop.ClassificationExperiment'>})
2025-10-31 10:54:46,558:INFO:Checking exceptions
2025-10-31 10:54:46,558:INFO:Preparing display monitor
2025-10-31 10:54:46,599:INFO:Initializing Logistic Regression
2025-10-31 10:54:46,600:INFO:Total runtime is 1.6681353251139323e-05 minutes
2025-10-31 10:54:46,604:INFO:SubProcess create_model() called ==================================
2025-10-31 10:54:46,604:INFO:Initializing create_model()
2025-10-31 10:54:46,604:INFO:create_model(self=<pycaret.classification.oop.ClassificationExperiment object at 0x00000161773A0A10>, estimator=lr, fold=StratifiedKFold(n_splits=10, random_state=None, shuffle=False), round=4, cross_validation=True, predict=True, fit_kwargs={}, groups=None, refit=False, probability_threshold=None, experiment_custom_tags=None, verbose=False, system=False, add_to_model_list=True, metrics=None, display=<pycaret.internal.display.display.CommonDisplay object at 0x0000016177A28990>, model_only=True, return_train_score=False, error_score=0.0, kwargs={})
2025-10-31 10:54:46,605:INFO:Checking exceptions
2025-10-31 10:54:46,605:INFO:Importing libraries
2025-10-31 10:54:46,605:INFO:Copying training dataset
2025-10-31 10:54:46,609:INFO:Defining folds
2025-10-31 10:54:46,609:INFO:Declaring metric variables
2025-10-31 10:54:46,612:INFO:Importing untrained model
2025-10-31 10:54:46,616:INFO:Logistic Regression Imported successfully
2025-10-31 10:54:46,621:INFO:Starting cross validation
2025-10-31 10:54:46,624:INFO:Cross validating with StratifiedKFold(n_splits=10, random_state=None, shuffle=False), n_jobs=-1
2025-10-31 10:54:51,863:WARNING:C:\Users\User\miniconda3\envs\py3_11_9\Lib\site-packages\sklearn\linear_model\_logistic.py:469: ConvergenceWarning: lbfgs failed to converge (status=1):
STOP: TOTAL NO. of ITERATIONS REACHED LIMIT.

Increase the number of iterations (max_iter) or scale the data as shown in:
    https://scikit-learn.org/stable/modules/preprocessing.html
Please also refer to the documentation for alternative solver options:
    https://scikit-learn.org/stable/modules/linear_model.html#logistic-regression
  n_iter_i = _check_optimize_result(

2025-10-31 10:54:51,876:WARNING:C:\Users\User\miniconda3\envs\py3_11_9\Lib\site-packages\sklearn\linear_model\_logistic.py:469: ConvergenceWarning: lbfgs failed to converge (status=1):
STOP: TOTAL NO. of ITERATIONS REACHED LIMIT.

Increase the number of iterations (max_iter) or scale the data as shown in:
    https://scikit-learn.org/stable/modules/preprocessing.html
Please also refer to the documentation for alternative solver options:
    https://scikit-learn.org/stable/modules/linear_model.html#logistic-regression
  n_iter_i = _check_optimize_result(

2025-10-31 10:54:51,876:WARNING:C:\Users\User\miniconda3\envs\py3_11_9\Lib\site-packages\pycaret\internal\metrics.py:204: FitFailedWarning: Metric 'make_scorer(roc_auc_score, response_method=('decision_function', 'predict_proba'), average=weighted, multi_class=ovr)' failed and error score 0.0 has been returned instead. If this is a custom metric, this usually means that the error is in the metric code. Full exception below:
Traceback (most recent call last):
  File "C:\Users\User\miniconda3\envs\py3_11_9\Lib\site-packages\pycaret\internal\metrics.py", line 196, in _score
    return super()._score(
           ^^^^^^^^^^^^^^^
  File "C:\Users\User\miniconda3\envs\py3_11_9\Lib\site-packages\sklearn\metrics\_scorer.py", line 350, in _score
    return self._sign * self._score_func(y_true, y_pred, **scoring_kwargs)
                        ^^^^^^^^^^^^^^^^^^^^^^^^^^^^^^^^^^^^^^^^^^^^^^^^^^
  File "C:\Users\User\miniconda3\envs\py3_11_9\Lib\site-packages\pycaret\internal\metrics.py", line 144, in __call__
    return self.score_func(y_true, y_pred, **kwargs)
           ^^^^^^^^^^^^^^^^^^^^^^^^^^^^^^^^^^^^^^^^^
  File "C:\Users\User\miniconda3\envs\py3_11_9\Lib\site-packages\sklearn\utils\_param_validation.py", line 213, in wrapper
    return func(*args, **kwargs)
           ^^^^^^^^^^^^^^^^^^^^^
  File "C:\Users\User\miniconda3\envs\py3_11_9\Lib\site-packages\sklearn\metrics\_ranking.py", line 634, in roc_auc_score
    return _multiclass_roc_auc_score(
           ^^^^^^^^^^^^^^^^^^^^^^^^^^
  File "C:\Users\User\miniconda3\envs\py3_11_9\Lib\site-packages\sklearn\metrics\_ranking.py", line 707, in _multiclass_roc_auc_score
    raise ValueError(
ValueError: Target scores need to be probabilities for multiclass roc_auc, i.e. they should sum up to 1.0 over classes

  warnings.warn(

2025-10-31 10:54:51,887:WARNING:C:\Users\User\miniconda3\envs\py3_11_9\Lib\site-packages\pycaret\internal\metrics.py:204: FitFailedWarning: Metric 'make_scorer(roc_auc_score, response_method=('decision_function', 'predict_proba'), average=weighted, multi_class=ovr)' failed and error score 0.0 has been returned instead. If this is a custom metric, this usually means that the error is in the metric code. Full exception below:
Traceback (most recent call last):
  File "C:\Users\User\miniconda3\envs\py3_11_9\Lib\site-packages\pycaret\internal\metrics.py", line 196, in _score
    return super()._score(
           ^^^^^^^^^^^^^^^
  File "C:\Users\User\miniconda3\envs\py3_11_9\Lib\site-packages\sklearn\metrics\_scorer.py", line 350, in _score
    return self._sign * self._score_func(y_true, y_pred, **scoring_kwargs)
                        ^^^^^^^^^^^^^^^^^^^^^^^^^^^^^^^^^^^^^^^^^^^^^^^^^^
  File "C:\Users\User\miniconda3\envs\py3_11_9\Lib\site-packages\pycaret\internal\metrics.py", line 144, in __call__
    return self.score_func(y_true, y_pred, **kwargs)
           ^^^^^^^^^^^^^^^^^^^^^^^^^^^^^^^^^^^^^^^^^
  File "C:\Users\User\miniconda3\envs\py3_11_9\Lib\site-packages\sklearn\utils\_param_validation.py", line 213, in wrapper
    return func(*args, **kwargs)
           ^^^^^^^^^^^^^^^^^^^^^
  File "C:\Users\User\miniconda3\envs\py3_11_9\Lib\site-packages\sklearn\metrics\_ranking.py", line 634, in roc_auc_score
    return _multiclass_roc_auc_score(
           ^^^^^^^^^^^^^^^^^^^^^^^^^^
  File "C:\Users\User\miniconda3\envs\py3_11_9\Lib\site-packages\sklearn\metrics\_ranking.py", line 707, in _multiclass_roc_auc_score
    raise ValueError(
ValueError: Target scores need to be probabilities for multiclass roc_auc, i.e. they should sum up to 1.0 over classes

  warnings.warn(

2025-10-31 10:54:51,935:WARNING:C:\Users\User\miniconda3\envs\py3_11_9\Lib\site-packages\sklearn\linear_model\_logistic.py:469: ConvergenceWarning: lbfgs failed to converge (status=1):
STOP: TOTAL NO. of ITERATIONS REACHED LIMIT.

Increase the number of iterations (max_iter) or scale the data as shown in:
    https://scikit-learn.org/stable/modules/preprocessing.html
Please also refer to the documentation for alternative solver options:
    https://scikit-learn.org/stable/modules/linear_model.html#logistic-regression
  n_iter_i = _check_optimize_result(

2025-10-31 10:54:51,949:WARNING:C:\Users\User\miniconda3\envs\py3_11_9\Lib\site-packages\pycaret\internal\metrics.py:204: FitFailedWarning: Metric 'make_scorer(roc_auc_score, response_method=('decision_function', 'predict_proba'), average=weighted, multi_class=ovr)' failed and error score 0.0 has been returned instead. If this is a custom metric, this usually means that the error is in the metric code. Full exception below:
Traceback (most recent call last):
  File "C:\Users\User\miniconda3\envs\py3_11_9\Lib\site-packages\pycaret\internal\metrics.py", line 196, in _score
    return super()._score(
           ^^^^^^^^^^^^^^^
  File "C:\Users\User\miniconda3\envs\py3_11_9\Lib\site-packages\sklearn\metrics\_scorer.py", line 350, in _score
    return self._sign * self._score_func(y_true, y_pred, **scoring_kwargs)
                        ^^^^^^^^^^^^^^^^^^^^^^^^^^^^^^^^^^^^^^^^^^^^^^^^^^
  File "C:\Users\User\miniconda3\envs\py3_11_9\Lib\site-packages\pycaret\internal\metrics.py", line 144, in __call__
    return self.score_func(y_true, y_pred, **kwargs)
           ^^^^^^^^^^^^^^^^^^^^^^^^^^^^^^^^^^^^^^^^^
  File "C:\Users\User\miniconda3\envs\py3_11_9\Lib\site-packages\sklearn\utils\_param_validation.py", line 213, in wrapper
    return func(*args, **kwargs)
           ^^^^^^^^^^^^^^^^^^^^^
  File "C:\Users\User\miniconda3\envs\py3_11_9\Lib\site-packages\sklearn\metrics\_ranking.py", line 634, in roc_auc_score
    return _multiclass_roc_auc_score(
           ^^^^^^^^^^^^^^^^^^^^^^^^^^
  File "C:\Users\User\miniconda3\envs\py3_11_9\Lib\site-packages\sklearn\metrics\_ranking.py", line 707, in _multiclass_roc_auc_score
    raise ValueError(
ValueError: Target scores need to be probabilities for multiclass roc_auc, i.e. they should sum up to 1.0 over classes

  warnings.warn(

2025-10-31 10:54:51,957:WARNING:C:\Users\User\miniconda3\envs\py3_11_9\Lib\site-packages\sklearn\linear_model\_logistic.py:469: ConvergenceWarning: lbfgs failed to converge (status=1):
STOP: TOTAL NO. of ITERATIONS REACHED LIMIT.

Increase the number of iterations (max_iter) or scale the data as shown in:
    https://scikit-learn.org/stable/modules/preprocessing.html
Please also refer to the documentation for alternative solver options:
    https://scikit-learn.org/stable/modules/linear_model.html#logistic-regression
  n_iter_i = _check_optimize_result(

2025-10-31 10:54:51,976:WARNING:C:\Users\User\miniconda3\envs\py3_11_9\Lib\site-packages\pycaret\internal\metrics.py:204: FitFailedWarning: Metric 'make_scorer(roc_auc_score, response_method=('decision_function', 'predict_proba'), average=weighted, multi_class=ovr)' failed and error score 0.0 has been returned instead. If this is a custom metric, this usually means that the error is in the metric code. Full exception below:
Traceback (most recent call last):
  File "C:\Users\User\miniconda3\envs\py3_11_9\Lib\site-packages\pycaret\internal\metrics.py", line 196, in _score
    return super()._score(
           ^^^^^^^^^^^^^^^
  File "C:\Users\User\miniconda3\envs\py3_11_9\Lib\site-packages\sklearn\metrics\_scorer.py", line 350, in _score
    return self._sign * self._score_func(y_true, y_pred, **scoring_kwargs)
                        ^^^^^^^^^^^^^^^^^^^^^^^^^^^^^^^^^^^^^^^^^^^^^^^^^^
  File "C:\Users\User\miniconda3\envs\py3_11_9\Lib\site-packages\pycaret\internal\metrics.py", line 144, in __call__
    return self.score_func(y_true, y_pred, **kwargs)
           ^^^^^^^^^^^^^^^^^^^^^^^^^^^^^^^^^^^^^^^^^
  File "C:\Users\User\miniconda3\envs\py3_11_9\Lib\site-packages\sklearn\utils\_param_validation.py", line 213, in wrapper
    return func(*args, **kwargs)
           ^^^^^^^^^^^^^^^^^^^^^
  File "C:\Users\User\miniconda3\envs\py3_11_9\Lib\site-packages\sklearn\metrics\_ranking.py", line 634, in roc_auc_score
    return _multiclass_roc_auc_score(
           ^^^^^^^^^^^^^^^^^^^^^^^^^^
  File "C:\Users\User\miniconda3\envs\py3_11_9\Lib\site-packages\sklearn\metrics\_ranking.py", line 707, in _multiclass_roc_auc_score
    raise ValueError(
ValueError: Target scores need to be probabilities for multiclass roc_auc, i.e. they should sum up to 1.0 over classes

  warnings.warn(

2025-10-31 10:54:51,992:WARNING:C:\Users\User\miniconda3\envs\py3_11_9\Lib\site-packages\sklearn\linear_model\_logistic.py:469: ConvergenceWarning: lbfgs failed to converge (status=1):
STOP: TOTAL NO. of ITERATIONS REACHED LIMIT.

Increase the number of iterations (max_iter) or scale the data as shown in:
    https://scikit-learn.org/stable/modules/preprocessing.html
Please also refer to the documentation for alternative solver options:
    https://scikit-learn.org/stable/modules/linear_model.html#logistic-regression
  n_iter_i = _check_optimize_result(

2025-10-31 10:54:52,005:WARNING:C:\Users\User\miniconda3\envs\py3_11_9\Lib\site-packages\sklearn\linear_model\_logistic.py:469: ConvergenceWarning: lbfgs failed to converge (status=1):
STOP: TOTAL NO. of ITERATIONS REACHED LIMIT.

Increase the number of iterations (max_iter) or scale the data as shown in:
    https://scikit-learn.org/stable/modules/preprocessing.html
Please also refer to the documentation for alternative solver options:
    https://scikit-learn.org/stable/modules/linear_model.html#logistic-regression
  n_iter_i = _check_optimize_result(

2025-10-31 10:54:52,013:WARNING:C:\Users\User\miniconda3\envs\py3_11_9\Lib\site-packages\pycaret\internal\metrics.py:204: FitFailedWarning: Metric 'make_scorer(roc_auc_score, response_method=('decision_function', 'predict_proba'), average=weighted, multi_class=ovr)' failed and error score 0.0 has been returned instead. If this is a custom metric, this usually means that the error is in the metric code. Full exception below:
Traceback (most recent call last):
  File "C:\Users\User\miniconda3\envs\py3_11_9\Lib\site-packages\pycaret\internal\metrics.py", line 196, in _score
    return super()._score(
           ^^^^^^^^^^^^^^^
  File "C:\Users\User\miniconda3\envs\py3_11_9\Lib\site-packages\sklearn\metrics\_scorer.py", line 350, in _score
    return self._sign * self._score_func(y_true, y_pred, **scoring_kwargs)
                        ^^^^^^^^^^^^^^^^^^^^^^^^^^^^^^^^^^^^^^^^^^^^^^^^^^
  File "C:\Users\User\miniconda3\envs\py3_11_9\Lib\site-packages\pycaret\internal\metrics.py", line 144, in __call__
    return self.score_func(y_true, y_pred, **kwargs)
           ^^^^^^^^^^^^^^^^^^^^^^^^^^^^^^^^^^^^^^^^^
  File "C:\Users\User\miniconda3\envs\py3_11_9\Lib\site-packages\sklearn\utils\_param_validation.py", line 213, in wrapper
    return func(*args, **kwargs)
           ^^^^^^^^^^^^^^^^^^^^^
  File "C:\Users\User\miniconda3\envs\py3_11_9\Lib\site-packages\sklearn\metrics\_ranking.py", line 634, in roc_auc_score
    return _multiclass_roc_auc_score(
           ^^^^^^^^^^^^^^^^^^^^^^^^^^
  File "C:\Users\User\miniconda3\envs\py3_11_9\Lib\site-packages\sklearn\metrics\_ranking.py", line 707, in _multiclass_roc_auc_score
    raise ValueError(
ValueError: Target scores need to be probabilities for multiclass roc_auc, i.e. they should sum up to 1.0 over classes

  warnings.warn(

2025-10-31 10:54:52,016:WARNING:C:\Users\User\miniconda3\envs\py3_11_9\Lib\site-packages\sklearn\linear_model\_logistic.py:469: ConvergenceWarning: lbfgs failed to converge (status=1):
STOP: TOTAL NO. of ITERATIONS REACHED LIMIT.

Increase the number of iterations (max_iter) or scale the data as shown in:
    https://scikit-learn.org/stable/modules/preprocessing.html
Please also refer to the documentation for alternative solver options:
    https://scikit-learn.org/stable/modules/linear_model.html#logistic-regression
  n_iter_i = _check_optimize_result(

2025-10-31 10:54:52,024:WARNING:C:\Users\User\miniconda3\envs\py3_11_9\Lib\site-packages\pycaret\internal\metrics.py:204: FitFailedWarning: Metric 'make_scorer(roc_auc_score, response_method=('decision_function', 'predict_proba'), average=weighted, multi_class=ovr)' failed and error score 0.0 has been returned instead. If this is a custom metric, this usually means that the error is in the metric code. Full exception below:
Traceback (most recent call last):
  File "C:\Users\User\miniconda3\envs\py3_11_9\Lib\site-packages\pycaret\internal\metrics.py", line 196, in _score
    return super()._score(
           ^^^^^^^^^^^^^^^
  File "C:\Users\User\miniconda3\envs\py3_11_9\Lib\site-packages\sklearn\metrics\_scorer.py", line 350, in _score
    return self._sign * self._score_func(y_true, y_pred, **scoring_kwargs)
                        ^^^^^^^^^^^^^^^^^^^^^^^^^^^^^^^^^^^^^^^^^^^^^^^^^^
  File "C:\Users\User\miniconda3\envs\py3_11_9\Lib\site-packages\pycaret\internal\metrics.py", line 144, in __call__
    return self.score_func(y_true, y_pred, **kwargs)
           ^^^^^^^^^^^^^^^^^^^^^^^^^^^^^^^^^^^^^^^^^
  File "C:\Users\User\miniconda3\envs\py3_11_9\Lib\site-packages\sklearn\utils\_param_validation.py", line 213, in wrapper
    return func(*args, **kwargs)
           ^^^^^^^^^^^^^^^^^^^^^
  File "C:\Users\User\miniconda3\envs\py3_11_9\Lib\site-packages\sklearn\metrics\_ranking.py", line 634, in roc_auc_score
    return _multiclass_roc_auc_score(
           ^^^^^^^^^^^^^^^^^^^^^^^^^^
  File "C:\Users\User\miniconda3\envs\py3_11_9\Lib\site-packages\sklearn\metrics\_ranking.py", line 707, in _multiclass_roc_auc_score
    raise ValueError(
ValueError: Target scores need to be probabilities for multiclass roc_auc, i.e. they should sum up to 1.0 over classes

  warnings.warn(

2025-10-31 10:54:52,035:WARNING:C:\Users\User\miniconda3\envs\py3_11_9\Lib\site-packages\pycaret\internal\metrics.py:204: FitFailedWarning: Metric 'make_scorer(roc_auc_score, response_method=('decision_function', 'predict_proba'), average=weighted, multi_class=ovr)' failed and error score 0.0 has been returned instead. If this is a custom metric, this usually means that the error is in the metric code. Full exception below:
Traceback (most recent call last):
  File "C:\Users\User\miniconda3\envs\py3_11_9\Lib\site-packages\pycaret\internal\metrics.py", line 196, in _score
    return super()._score(
           ^^^^^^^^^^^^^^^
  File "C:\Users\User\miniconda3\envs\py3_11_9\Lib\site-packages\sklearn\metrics\_scorer.py", line 350, in _score
    return self._sign * self._score_func(y_true, y_pred, **scoring_kwargs)
                        ^^^^^^^^^^^^^^^^^^^^^^^^^^^^^^^^^^^^^^^^^^^^^^^^^^
  File "C:\Users\User\miniconda3\envs\py3_11_9\Lib\site-packages\pycaret\internal\metrics.py", line 144, in __call__
    return self.score_func(y_true, y_pred, **kwargs)
           ^^^^^^^^^^^^^^^^^^^^^^^^^^^^^^^^^^^^^^^^^
  File "C:\Users\User\miniconda3\envs\py3_11_9\Lib\site-packages\sklearn\utils\_param_validation.py", line 213, in wrapper
    return func(*args, **kwargs)
           ^^^^^^^^^^^^^^^^^^^^^
  File "C:\Users\User\miniconda3\envs\py3_11_9\Lib\site-packages\sklearn\metrics\_ranking.py", line 634, in roc_auc_score
    return _multiclass_roc_auc_score(
           ^^^^^^^^^^^^^^^^^^^^^^^^^^
  File "C:\Users\User\miniconda3\envs\py3_11_9\Lib\site-packages\sklearn\metrics\_ranking.py", line 707, in _multiclass_roc_auc_score
    raise ValueError(
ValueError: Target scores need to be probabilities for multiclass roc_auc, i.e. they should sum up to 1.0 over classes

  warnings.warn(

2025-10-31 10:54:52,040:WARNING:C:\Users\User\miniconda3\envs\py3_11_9\Lib\site-packages\sklearn\linear_model\_logistic.py:469: ConvergenceWarning: lbfgs failed to converge (status=1):
STOP: TOTAL NO. of ITERATIONS REACHED LIMIT.

Increase the number of iterations (max_iter) or scale the data as shown in:
    https://scikit-learn.org/stable/modules/preprocessing.html
Please also refer to the documentation for alternative solver options:
    https://scikit-learn.org/stable/modules/linear_model.html#logistic-regression
  n_iter_i = _check_optimize_result(

2025-10-31 10:54:52,045:WARNING:C:\Users\User\miniconda3\envs\py3_11_9\Lib\site-packages\sklearn\linear_model\_logistic.py:469: ConvergenceWarning: lbfgs failed to converge (status=1):
STOP: TOTAL NO. of ITERATIONS REACHED LIMIT.

Increase the number of iterations (max_iter) or scale the data as shown in:
    https://scikit-learn.org/stable/modules/preprocessing.html
Please also refer to the documentation for alternative solver options:
    https://scikit-learn.org/stable/modules/linear_model.html#logistic-regression
  n_iter_i = _check_optimize_result(

2025-10-31 10:54:52,056:WARNING:C:\Users\User\miniconda3\envs\py3_11_9\Lib\site-packages\pycaret\internal\metrics.py:204: FitFailedWarning: Metric 'make_scorer(roc_auc_score, response_method=('decision_function', 'predict_proba'), average=weighted, multi_class=ovr)' failed and error score 0.0 has been returned instead. If this is a custom metric, this usually means that the error is in the metric code. Full exception below:
Traceback (most recent call last):
  File "C:\Users\User\miniconda3\envs\py3_11_9\Lib\site-packages\pycaret\internal\metrics.py", line 196, in _score
    return super()._score(
           ^^^^^^^^^^^^^^^
  File "C:\Users\User\miniconda3\envs\py3_11_9\Lib\site-packages\sklearn\metrics\_scorer.py", line 350, in _score
    return self._sign * self._score_func(y_true, y_pred, **scoring_kwargs)
                        ^^^^^^^^^^^^^^^^^^^^^^^^^^^^^^^^^^^^^^^^^^^^^^^^^^
  File "C:\Users\User\miniconda3\envs\py3_11_9\Lib\site-packages\pycaret\internal\metrics.py", line 144, in __call__
    return self.score_func(y_true, y_pred, **kwargs)
           ^^^^^^^^^^^^^^^^^^^^^^^^^^^^^^^^^^^^^^^^^
  File "C:\Users\User\miniconda3\envs\py3_11_9\Lib\site-packages\sklearn\utils\_param_validation.py", line 213, in wrapper
    return func(*args, **kwargs)
           ^^^^^^^^^^^^^^^^^^^^^
  File "C:\Users\User\miniconda3\envs\py3_11_9\Lib\site-packages\sklearn\metrics\_ranking.py", line 634, in roc_auc_score
    return _multiclass_roc_auc_score(
           ^^^^^^^^^^^^^^^^^^^^^^^^^^
  File "C:\Users\User\miniconda3\envs\py3_11_9\Lib\site-packages\sklearn\metrics\_ranking.py", line 707, in _multiclass_roc_auc_score
    raise ValueError(
ValueError: Target scores need to be probabilities for multiclass roc_auc, i.e. they should sum up to 1.0 over classes

  warnings.warn(

2025-10-31 10:54:52,058:WARNING:C:\Users\User\miniconda3\envs\py3_11_9\Lib\site-packages\pycaret\internal\metrics.py:204: FitFailedWarning: Metric 'make_scorer(roc_auc_score, response_method=('decision_function', 'predict_proba'), average=weighted, multi_class=ovr)' failed and error score 0.0 has been returned instead. If this is a custom metric, this usually means that the error is in the metric code. Full exception below:
Traceback (most recent call last):
  File "C:\Users\User\miniconda3\envs\py3_11_9\Lib\site-packages\pycaret\internal\metrics.py", line 196, in _score
    return super()._score(
           ^^^^^^^^^^^^^^^
  File "C:\Users\User\miniconda3\envs\py3_11_9\Lib\site-packages\sklearn\metrics\_scorer.py", line 350, in _score
    return self._sign * self._score_func(y_true, y_pred, **scoring_kwargs)
                        ^^^^^^^^^^^^^^^^^^^^^^^^^^^^^^^^^^^^^^^^^^^^^^^^^^
  File "C:\Users\User\miniconda3\envs\py3_11_9\Lib\site-packages\pycaret\internal\metrics.py", line 144, in __call__
    return self.score_func(y_true, y_pred, **kwargs)
           ^^^^^^^^^^^^^^^^^^^^^^^^^^^^^^^^^^^^^^^^^
  File "C:\Users\User\miniconda3\envs\py3_11_9\Lib\site-packages\sklearn\utils\_param_validation.py", line 213, in wrapper
    return func(*args, **kwargs)
           ^^^^^^^^^^^^^^^^^^^^^
  File "C:\Users\User\miniconda3\envs\py3_11_9\Lib\site-packages\sklearn\metrics\_ranking.py", line 634, in roc_auc_score
    return _multiclass_roc_auc_score(
           ^^^^^^^^^^^^^^^^^^^^^^^^^^
  File "C:\Users\User\miniconda3\envs\py3_11_9\Lib\site-packages\sklearn\metrics\_ranking.py", line 707, in _multiclass_roc_auc_score
    raise ValueError(
ValueError: Target scores need to be probabilities for multiclass roc_auc, i.e. they should sum up to 1.0 over classes

  warnings.warn(

2025-10-31 10:54:52,110:WARNING:C:\Users\User\miniconda3\envs\py3_11_9\Lib\site-packages\sklearn\linear_model\_logistic.py:469: ConvergenceWarning: lbfgs failed to converge (status=1):
STOP: TOTAL NO. of ITERATIONS REACHED LIMIT.

Increase the number of iterations (max_iter) or scale the data as shown in:
    https://scikit-learn.org/stable/modules/preprocessing.html
Please also refer to the documentation for alternative solver options:
    https://scikit-learn.org/stable/modules/linear_model.html#logistic-regression
  n_iter_i = _check_optimize_result(

2025-10-31 10:54:52,119:WARNING:C:\Users\User\miniconda3\envs\py3_11_9\Lib\site-packages\pycaret\internal\metrics.py:204: FitFailedWarning: Metric 'make_scorer(roc_auc_score, response_method=('decision_function', 'predict_proba'), average=weighted, multi_class=ovr)' failed and error score 0.0 has been returned instead. If this is a custom metric, this usually means that the error is in the metric code. Full exception below:
Traceback (most recent call last):
  File "C:\Users\User\miniconda3\envs\py3_11_9\Lib\site-packages\pycaret\internal\metrics.py", line 196, in _score
    return super()._score(
           ^^^^^^^^^^^^^^^
  File "C:\Users\User\miniconda3\envs\py3_11_9\Lib\site-packages\sklearn\metrics\_scorer.py", line 350, in _score
    return self._sign * self._score_func(y_true, y_pred, **scoring_kwargs)
                        ^^^^^^^^^^^^^^^^^^^^^^^^^^^^^^^^^^^^^^^^^^^^^^^^^^
  File "C:\Users\User\miniconda3\envs\py3_11_9\Lib\site-packages\pycaret\internal\metrics.py", line 144, in __call__
    return self.score_func(y_true, y_pred, **kwargs)
           ^^^^^^^^^^^^^^^^^^^^^^^^^^^^^^^^^^^^^^^^^
  File "C:\Users\User\miniconda3\envs\py3_11_9\Lib\site-packages\sklearn\utils\_param_validation.py", line 213, in wrapper
    return func(*args, **kwargs)
           ^^^^^^^^^^^^^^^^^^^^^
  File "C:\Users\User\miniconda3\envs\py3_11_9\Lib\site-packages\sklearn\metrics\_ranking.py", line 634, in roc_auc_score
    return _multiclass_roc_auc_score(
           ^^^^^^^^^^^^^^^^^^^^^^^^^^
  File "C:\Users\User\miniconda3\envs\py3_11_9\Lib\site-packages\sklearn\metrics\_ranking.py", line 707, in _multiclass_roc_auc_score
    raise ValueError(
ValueError: Target scores need to be probabilities for multiclass roc_auc, i.e. they should sum up to 1.0 over classes

  warnings.warn(

2025-10-31 10:54:52,138:INFO:Calculating mean and std
2025-10-31 10:54:52,139:INFO:Creating metrics dataframe
2025-10-31 10:54:52,141:INFO:Uploading results into container
2025-10-31 10:54:52,141:INFO:Uploading model into container now
2025-10-31 10:54:52,141:INFO:_master_model_container: 1
2025-10-31 10:54:52,141:INFO:_display_container: 2
2025-10-31 10:54:52,142:INFO:LogisticRegression(C=1.0, class_weight=None, dual=False, fit_intercept=True,
                   intercept_scaling=1, l1_ratio=None, max_iter=1000,
                   multi_class='auto', n_jobs=None, penalty='l2',
                   random_state=123, solver='lbfgs', tol=0.0001, verbose=0,
                   warm_start=False)
2025-10-31 10:54:52,142:INFO:create_model() successfully completed......................................
2025-10-31 10:54:52,204:INFO:SubProcess create_model() end ==================================
2025-10-31 10:54:52,205:INFO:Creating metrics dataframe
2025-10-31 10:54:52,208:INFO:Initializing K Neighbors Classifier
2025-10-31 10:54:52,208:INFO:Total runtime is 0.09348930915196736 minutes
2025-10-31 10:54:52,211:INFO:SubProcess create_model() called ==================================
2025-10-31 10:54:52,211:INFO:Initializing create_model()
2025-10-31 10:54:52,211:INFO:create_model(self=<pycaret.classification.oop.ClassificationExperiment object at 0x00000161773A0A10>, estimator=knn, fold=StratifiedKFold(n_splits=10, random_state=None, shuffle=False), round=4, cross_validation=True, predict=True, fit_kwargs={}, groups=None, refit=False, probability_threshold=None, experiment_custom_tags=None, verbose=False, system=False, add_to_model_list=True, metrics=None, display=<pycaret.internal.display.display.CommonDisplay object at 0x0000016177A28990>, model_only=True, return_train_score=False, error_score=0.0, kwargs={})
2025-10-31 10:54:52,211:INFO:Checking exceptions
2025-10-31 10:54:52,211:INFO:Importing libraries
2025-10-31 10:54:52,211:INFO:Copying training dataset
2025-10-31 10:54:52,215:INFO:Defining folds
2025-10-31 10:54:52,215:INFO:Declaring metric variables
2025-10-31 10:54:52,216:INFO:Importing untrained model
2025-10-31 10:54:52,217:INFO:K Neighbors Classifier Imported successfully
2025-10-31 10:54:52,223:INFO:Starting cross validation
2025-10-31 10:54:52,224:INFO:Cross validating with StratifiedKFold(n_splits=10, random_state=None, shuffle=False), n_jobs=-1
2025-10-31 10:54:52,321:WARNING:C:\Users\User\miniconda3\envs\py3_11_9\Lib\site-packages\sklearn\metrics\_classification.py:1509: UndefinedMetricWarning: Precision is ill-defined and being set to 0.0 in labels with no predicted samples. Use `zero_division` parameter to control this behavior.
  _warn_prf(average, modifier, f"{metric.capitalize()} is", len(result))

2025-10-31 10:54:52,333:WARNING:C:\Users\User\miniconda3\envs\py3_11_9\Lib\site-packages\sklearn\metrics\_classification.py:1509: UndefinedMetricWarning: Precision is ill-defined and being set to 0.0 in labels with no predicted samples. Use `zero_division` parameter to control this behavior.
  _warn_prf(average, modifier, f"{metric.capitalize()} is", len(result))

2025-10-31 10:54:53,961:INFO:Calculating mean and std
2025-10-31 10:54:53,961:INFO:Creating metrics dataframe
2025-10-31 10:54:53,961:INFO:Uploading results into container
2025-10-31 10:54:53,961:INFO:Uploading model into container now
2025-10-31 10:54:53,961:INFO:_master_model_container: 2
2025-10-31 10:54:53,961:INFO:_display_container: 2
2025-10-31 10:54:53,961:INFO:KNeighborsClassifier(algorithm='auto', leaf_size=30, metric='minkowski',
                     metric_params=None, n_jobs=-1, n_neighbors=5, p=2,
                     weights='uniform')
2025-10-31 10:54:53,961:INFO:create_model() successfully completed......................................
2025-10-31 10:54:54,025:INFO:SubProcess create_model() end ==================================
2025-10-31 10:54:54,025:INFO:Creating metrics dataframe
2025-10-31 10:54:54,040:INFO:Initializing Naive Bayes
2025-10-31 10:54:54,040:INFO:Total runtime is 0.12402746677398681 minutes
2025-10-31 10:54:54,040:INFO:SubProcess create_model() called ==================================
2025-10-31 10:54:54,040:INFO:Initializing create_model()
2025-10-31 10:54:54,040:INFO:create_model(self=<pycaret.classification.oop.ClassificationExperiment object at 0x00000161773A0A10>, estimator=nb, fold=StratifiedKFold(n_splits=10, random_state=None, shuffle=False), round=4, cross_validation=True, predict=True, fit_kwargs={}, groups=None, refit=False, probability_threshold=None, experiment_custom_tags=None, verbose=False, system=False, add_to_model_list=True, metrics=None, display=<pycaret.internal.display.display.CommonDisplay object at 0x0000016177A28990>, model_only=True, return_train_score=False, error_score=0.0, kwargs={})
2025-10-31 10:54:54,040:INFO:Checking exceptions
2025-10-31 10:54:54,040:INFO:Importing libraries
2025-10-31 10:54:54,040:INFO:Copying training dataset
2025-10-31 10:54:54,040:INFO:Defining folds
2025-10-31 10:54:54,040:INFO:Declaring metric variables
2025-10-31 10:54:54,040:INFO:Importing untrained model
2025-10-31 10:54:54,057:INFO:Naive Bayes Imported successfully
2025-10-31 10:54:54,060:INFO:Starting cross validation
2025-10-31 10:54:54,060:INFO:Cross validating with StratifiedKFold(n_splits=10, random_state=None, shuffle=False), n_jobs=-1
2025-10-31 10:54:54,122:INFO:Calculating mean and std
2025-10-31 10:54:54,124:INFO:Creating metrics dataframe
2025-10-31 10:54:54,125:INFO:Uploading results into container
2025-10-31 10:54:54,125:INFO:Uploading model into container now
2025-10-31 10:54:54,126:INFO:_master_model_container: 3
2025-10-31 10:54:54,126:INFO:_display_container: 2
2025-10-31 10:54:54,126:INFO:GaussianNB(priors=None, var_smoothing=1e-09)
2025-10-31 10:54:54,126:INFO:create_model() successfully completed......................................
2025-10-31 10:54:54,185:INFO:SubProcess create_model() end ==================================
2025-10-31 10:54:54,185:INFO:Creating metrics dataframe
2025-10-31 10:54:54,190:INFO:Initializing Decision Tree Classifier
2025-10-31 10:54:54,190:INFO:Total runtime is 0.12651472091674804 minutes
2025-10-31 10:54:54,192:INFO:SubProcess create_model() called ==================================
2025-10-31 10:54:54,192:INFO:Initializing create_model()
2025-10-31 10:54:54,192:INFO:create_model(self=<pycaret.classification.oop.ClassificationExperiment object at 0x00000161773A0A10>, estimator=dt, fold=StratifiedKFold(n_splits=10, random_state=None, shuffle=False), round=4, cross_validation=True, predict=True, fit_kwargs={}, groups=None, refit=False, probability_threshold=None, experiment_custom_tags=None, verbose=False, system=False, add_to_model_list=True, metrics=None, display=<pycaret.internal.display.display.CommonDisplay object at 0x0000016177A28990>, model_only=True, return_train_score=False, error_score=0.0, kwargs={})
2025-10-31 10:54:54,192:INFO:Checking exceptions
2025-10-31 10:54:54,192:INFO:Importing libraries
2025-10-31 10:54:54,192:INFO:Copying training dataset
2025-10-31 10:54:54,192:INFO:Defining folds
2025-10-31 10:54:54,192:INFO:Declaring metric variables
2025-10-31 10:54:54,192:INFO:Importing untrained model
2025-10-31 10:54:54,192:INFO:Decision Tree Classifier Imported successfully
2025-10-31 10:54:54,208:INFO:Starting cross validation
2025-10-31 10:54:54,209:INFO:Cross validating with StratifiedKFold(n_splits=10, random_state=None, shuffle=False), n_jobs=-1
2025-10-31 10:54:54,272:INFO:Calculating mean and std
2025-10-31 10:54:54,273:INFO:Creating metrics dataframe
2025-10-31 10:54:54,273:INFO:Uploading results into container
2025-10-31 10:54:54,273:INFO:Uploading model into container now
2025-10-31 10:54:54,273:INFO:_master_model_container: 4
2025-10-31 10:54:54,273:INFO:_display_container: 2
2025-10-31 10:54:54,273:INFO:DecisionTreeClassifier(ccp_alpha=0.0, class_weight=None, criterion='gini',
                       max_depth=None, max_features=None, max_leaf_nodes=None,
                       min_impurity_decrease=0.0, min_samples_leaf=1,
                       min_samples_split=2, min_weight_fraction_leaf=0.0,
                       monotonic_cst=None, random_state=123, splitter='best')
2025-10-31 10:54:54,273:INFO:create_model() successfully completed......................................
2025-10-31 10:54:54,339:INFO:SubProcess create_model() end ==================================
2025-10-31 10:54:54,339:INFO:Creating metrics dataframe
2025-10-31 10:54:54,342:INFO:Initializing SVM - Linear Kernel
2025-10-31 10:54:54,342:INFO:Total runtime is 0.12904920975367226 minutes
2025-10-31 10:54:54,346:INFO:SubProcess create_model() called ==================================
2025-10-31 10:54:54,347:INFO:Initializing create_model()
2025-10-31 10:54:54,347:INFO:create_model(self=<pycaret.classification.oop.ClassificationExperiment object at 0x00000161773A0A10>, estimator=svm, fold=StratifiedKFold(n_splits=10, random_state=None, shuffle=False), round=4, cross_validation=True, predict=True, fit_kwargs={}, groups=None, refit=False, probability_threshold=None, experiment_custom_tags=None, verbose=False, system=False, add_to_model_list=True, metrics=None, display=<pycaret.internal.display.display.CommonDisplay object at 0x0000016177A28990>, model_only=True, return_train_score=False, error_score=0.0, kwargs={})
2025-10-31 10:54:54,347:INFO:Checking exceptions
2025-10-31 10:54:54,347:INFO:Importing libraries
2025-10-31 10:54:54,347:INFO:Copying training dataset
2025-10-31 10:54:54,350:INFO:Defining folds
2025-10-31 10:54:54,350:INFO:Declaring metric variables
2025-10-31 10:54:54,351:INFO:Importing untrained model
2025-10-31 10:54:54,351:INFO:SVM - Linear Kernel Imported successfully
2025-10-31 10:54:54,359:INFO:Starting cross validation
2025-10-31 10:54:54,359:INFO:Cross validating with StratifiedKFold(n_splits=10, random_state=None, shuffle=False), n_jobs=-1
2025-10-31 10:54:54,411:WARNING:C:\Users\User\miniconda3\envs\py3_11_9\Lib\site-packages\pycaret\internal\metrics.py:204: FitFailedWarning: Metric 'make_scorer(roc_auc_score, response_method=('decision_function', 'predict_proba'), average=weighted, multi_class=ovr)' failed and error score 0.0 has been returned instead. If this is a custom metric, this usually means that the error is in the metric code. Full exception below:
Traceback (most recent call last):
  File "C:\Users\User\miniconda3\envs\py3_11_9\Lib\site-packages\pycaret\internal\metrics.py", line 196, in _score
    return super()._score(
           ^^^^^^^^^^^^^^^
  File "C:\Users\User\miniconda3\envs\py3_11_9\Lib\site-packages\sklearn\metrics\_scorer.py", line 350, in _score
    return self._sign * self._score_func(y_true, y_pred, **scoring_kwargs)
                        ^^^^^^^^^^^^^^^^^^^^^^^^^^^^^^^^^^^^^^^^^^^^^^^^^^
  File "C:\Users\User\miniconda3\envs\py3_11_9\Lib\site-packages\pycaret\internal\metrics.py", line 144, in __call__
    return self.score_func(y_true, y_pred, **kwargs)
           ^^^^^^^^^^^^^^^^^^^^^^^^^^^^^^^^^^^^^^^^^
  File "C:\Users\User\miniconda3\envs\py3_11_9\Lib\site-packages\sklearn\utils\_param_validation.py", line 213, in wrapper
    return func(*args, **kwargs)
           ^^^^^^^^^^^^^^^^^^^^^
  File "C:\Users\User\miniconda3\envs\py3_11_9\Lib\site-packages\sklearn\metrics\_ranking.py", line 634, in roc_auc_score
    return _multiclass_roc_auc_score(
           ^^^^^^^^^^^^^^^^^^^^^^^^^^
  File "C:\Users\User\miniconda3\envs\py3_11_9\Lib\site-packages\sklearn\metrics\_ranking.py", line 707, in _multiclass_roc_auc_score
    raise ValueError(
ValueError: Target scores need to be probabilities for multiclass roc_auc, i.e. they should sum up to 1.0 over classes

  warnings.warn(

2025-10-31 10:54:54,411:WARNING:C:\Users\User\miniconda3\envs\py3_11_9\Lib\site-packages\pycaret\internal\metrics.py:204: FitFailedWarning: Metric 'make_scorer(roc_auc_score, response_method=('decision_function', 'predict_proba'), average=weighted, multi_class=ovr)' failed and error score 0.0 has been returned instead. If this is a custom metric, this usually means that the error is in the metric code. Full exception below:
Traceback (most recent call last):
  File "C:\Users\User\miniconda3\envs\py3_11_9\Lib\site-packages\pycaret\internal\metrics.py", line 196, in _score
    return super()._score(
           ^^^^^^^^^^^^^^^
  File "C:\Users\User\miniconda3\envs\py3_11_9\Lib\site-packages\sklearn\metrics\_scorer.py", line 350, in _score
    return self._sign * self._score_func(y_true, y_pred, **scoring_kwargs)
                        ^^^^^^^^^^^^^^^^^^^^^^^^^^^^^^^^^^^^^^^^^^^^^^^^^^
  File "C:\Users\User\miniconda3\envs\py3_11_9\Lib\site-packages\pycaret\internal\metrics.py", line 144, in __call__
    return self.score_func(y_true, y_pred, **kwargs)
           ^^^^^^^^^^^^^^^^^^^^^^^^^^^^^^^^^^^^^^^^^
  File "C:\Users\User\miniconda3\envs\py3_11_9\Lib\site-packages\sklearn\utils\_param_validation.py", line 213, in wrapper
    return func(*args, **kwargs)
           ^^^^^^^^^^^^^^^^^^^^^
  File "C:\Users\User\miniconda3\envs\py3_11_9\Lib\site-packages\sklearn\metrics\_ranking.py", line 634, in roc_auc_score
    return _multiclass_roc_auc_score(
           ^^^^^^^^^^^^^^^^^^^^^^^^^^
  File "C:\Users\User\miniconda3\envs\py3_11_9\Lib\site-packages\sklearn\metrics\_ranking.py", line 707, in _multiclass_roc_auc_score
    raise ValueError(
ValueError: Target scores need to be probabilities for multiclass roc_auc, i.e. they should sum up to 1.0 over classes

  warnings.warn(

2025-10-31 10:54:54,417:WARNING:C:\Users\User\miniconda3\envs\py3_11_9\Lib\site-packages\sklearn\metrics\_classification.py:1509: UndefinedMetricWarning: Precision is ill-defined and being set to 0.0 in labels with no predicted samples. Use `zero_division` parameter to control this behavior.
  _warn_prf(average, modifier, f"{metric.capitalize()} is", len(result))

2025-10-31 10:54:54,418:WARNING:C:\Users\User\miniconda3\envs\py3_11_9\Lib\site-packages\sklearn\metrics\_classification.py:1509: UndefinedMetricWarning: Precision is ill-defined and being set to 0.0 in labels with no predicted samples. Use `zero_division` parameter to control this behavior.
  _warn_prf(average, modifier, f"{metric.capitalize()} is", len(result))

2025-10-31 10:54:54,425:WARNING:C:\Users\User\miniconda3\envs\py3_11_9\Lib\site-packages\pycaret\internal\metrics.py:204: FitFailedWarning: Metric 'make_scorer(roc_auc_score, response_method=('decision_function', 'predict_proba'), average=weighted, multi_class=ovr)' failed and error score 0.0 has been returned instead. If this is a custom metric, this usually means that the error is in the metric code. Full exception below:
Traceback (most recent call last):
  File "C:\Users\User\miniconda3\envs\py3_11_9\Lib\site-packages\pycaret\internal\metrics.py", line 196, in _score
    return super()._score(
           ^^^^^^^^^^^^^^^
  File "C:\Users\User\miniconda3\envs\py3_11_9\Lib\site-packages\sklearn\metrics\_scorer.py", line 350, in _score
    return self._sign * self._score_func(y_true, y_pred, **scoring_kwargs)
                        ^^^^^^^^^^^^^^^^^^^^^^^^^^^^^^^^^^^^^^^^^^^^^^^^^^
  File "C:\Users\User\miniconda3\envs\py3_11_9\Lib\site-packages\pycaret\internal\metrics.py", line 144, in __call__
    return self.score_func(y_true, y_pred, **kwargs)
           ^^^^^^^^^^^^^^^^^^^^^^^^^^^^^^^^^^^^^^^^^
  File "C:\Users\User\miniconda3\envs\py3_11_9\Lib\site-packages\sklearn\utils\_param_validation.py", line 213, in wrapper
    return func(*args, **kwargs)
           ^^^^^^^^^^^^^^^^^^^^^
  File "C:\Users\User\miniconda3\envs\py3_11_9\Lib\site-packages\sklearn\metrics\_ranking.py", line 634, in roc_auc_score
    return _multiclass_roc_auc_score(
           ^^^^^^^^^^^^^^^^^^^^^^^^^^
  File "C:\Users\User\miniconda3\envs\py3_11_9\Lib\site-packages\sklearn\metrics\_ranking.py", line 707, in _multiclass_roc_auc_score
    raise ValueError(
ValueError: Target scores need to be probabilities for multiclass roc_auc, i.e. they should sum up to 1.0 over classes

  warnings.warn(

2025-10-31 10:54:54,428:WARNING:C:\Users\User\miniconda3\envs\py3_11_9\Lib\site-packages\pycaret\internal\metrics.py:204: FitFailedWarning: Metric 'make_scorer(roc_auc_score, response_method=('decision_function', 'predict_proba'), average=weighted, multi_class=ovr)' failed and error score 0.0 has been returned instead. If this is a custom metric, this usually means that the error is in the metric code. Full exception below:
Traceback (most recent call last):
  File "C:\Users\User\miniconda3\envs\py3_11_9\Lib\site-packages\pycaret\internal\metrics.py", line 196, in _score
    return super()._score(
           ^^^^^^^^^^^^^^^
  File "C:\Users\User\miniconda3\envs\py3_11_9\Lib\site-packages\sklearn\metrics\_scorer.py", line 350, in _score
    return self._sign * self._score_func(y_true, y_pred, **scoring_kwargs)
                        ^^^^^^^^^^^^^^^^^^^^^^^^^^^^^^^^^^^^^^^^^^^^^^^^^^
  File "C:\Users\User\miniconda3\envs\py3_11_9\Lib\site-packages\pycaret\internal\metrics.py", line 144, in __call__
    return self.score_func(y_true, y_pred, **kwargs)
           ^^^^^^^^^^^^^^^^^^^^^^^^^^^^^^^^^^^^^^^^^
  File "C:\Users\User\miniconda3\envs\py3_11_9\Lib\site-packages\sklearn\utils\_param_validation.py", line 213, in wrapper
    return func(*args, **kwargs)
           ^^^^^^^^^^^^^^^^^^^^^
  File "C:\Users\User\miniconda3\envs\py3_11_9\Lib\site-packages\sklearn\metrics\_ranking.py", line 634, in roc_auc_score
    return _multiclass_roc_auc_score(
           ^^^^^^^^^^^^^^^^^^^^^^^^^^
  File "C:\Users\User\miniconda3\envs\py3_11_9\Lib\site-packages\sklearn\metrics\_ranking.py", line 707, in _multiclass_roc_auc_score
    raise ValueError(
ValueError: Target scores need to be probabilities for multiclass roc_auc, i.e. they should sum up to 1.0 over classes

  warnings.warn(

2025-10-31 10:54:54,429:WARNING:C:\Users\User\miniconda3\envs\py3_11_9\Lib\site-packages\pycaret\internal\metrics.py:204: FitFailedWarning: Metric 'make_scorer(roc_auc_score, response_method=('decision_function', 'predict_proba'), average=weighted, multi_class=ovr)' failed and error score 0.0 has been returned instead. If this is a custom metric, this usually means that the error is in the metric code. Full exception below:
Traceback (most recent call last):
  File "C:\Users\User\miniconda3\envs\py3_11_9\Lib\site-packages\pycaret\internal\metrics.py", line 196, in _score
    return super()._score(
           ^^^^^^^^^^^^^^^
  File "C:\Users\User\miniconda3\envs\py3_11_9\Lib\site-packages\sklearn\metrics\_scorer.py", line 350, in _score
    return self._sign * self._score_func(y_true, y_pred, **scoring_kwargs)
                        ^^^^^^^^^^^^^^^^^^^^^^^^^^^^^^^^^^^^^^^^^^^^^^^^^^
  File "C:\Users\User\miniconda3\envs\py3_11_9\Lib\site-packages\pycaret\internal\metrics.py", line 144, in __call__
    return self.score_func(y_true, y_pred, **kwargs)
           ^^^^^^^^^^^^^^^^^^^^^^^^^^^^^^^^^^^^^^^^^
  File "C:\Users\User\miniconda3\envs\py3_11_9\Lib\site-packages\sklearn\utils\_param_validation.py", line 213, in wrapper
    return func(*args, **kwargs)
           ^^^^^^^^^^^^^^^^^^^^^
  File "C:\Users\User\miniconda3\envs\py3_11_9\Lib\site-packages\sklearn\metrics\_ranking.py", line 634, in roc_auc_score
    return _multiclass_roc_auc_score(
           ^^^^^^^^^^^^^^^^^^^^^^^^^^
  File "C:\Users\User\miniconda3\envs\py3_11_9\Lib\site-packages\sklearn\metrics\_ranking.py", line 707, in _multiclass_roc_auc_score
    raise ValueError(
ValueError: Target scores need to be probabilities for multiclass roc_auc, i.e. they should sum up to 1.0 over classes

  warnings.warn(

2025-10-31 10:54:54,430:WARNING:C:\Users\User\miniconda3\envs\py3_11_9\Lib\site-packages\pycaret\internal\metrics.py:204: FitFailedWarning: Metric 'make_scorer(roc_auc_score, response_method=('decision_function', 'predict_proba'), average=weighted, multi_class=ovr)' failed and error score 0.0 has been returned instead. If this is a custom metric, this usually means that the error is in the metric code. Full exception below:
Traceback (most recent call last):
  File "C:\Users\User\miniconda3\envs\py3_11_9\Lib\site-packages\pycaret\internal\metrics.py", line 196, in _score
    return super()._score(
           ^^^^^^^^^^^^^^^
  File "C:\Users\User\miniconda3\envs\py3_11_9\Lib\site-packages\sklearn\metrics\_scorer.py", line 350, in _score
    return self._sign * self._score_func(y_true, y_pred, **scoring_kwargs)
                        ^^^^^^^^^^^^^^^^^^^^^^^^^^^^^^^^^^^^^^^^^^^^^^^^^^
  File "C:\Users\User\miniconda3\envs\py3_11_9\Lib\site-packages\pycaret\internal\metrics.py", line 144, in __call__
    return self.score_func(y_true, y_pred, **kwargs)
           ^^^^^^^^^^^^^^^^^^^^^^^^^^^^^^^^^^^^^^^^^
  File "C:\Users\User\miniconda3\envs\py3_11_9\Lib\site-packages\sklearn\utils\_param_validation.py", line 213, in wrapper
    return func(*args, **kwargs)
           ^^^^^^^^^^^^^^^^^^^^^
  File "C:\Users\User\miniconda3\envs\py3_11_9\Lib\site-packages\sklearn\metrics\_ranking.py", line 634, in roc_auc_score
    return _multiclass_roc_auc_score(
           ^^^^^^^^^^^^^^^^^^^^^^^^^^
  File "C:\Users\User\miniconda3\envs\py3_11_9\Lib\site-packages\sklearn\metrics\_ranking.py", line 707, in _multiclass_roc_auc_score
    raise ValueError(
ValueError: Target scores need to be probabilities for multiclass roc_auc, i.e. they should sum up to 1.0 over classes

  warnings.warn(

2025-10-31 10:54:54,432:WARNING:C:\Users\User\miniconda3\envs\py3_11_9\Lib\site-packages\pycaret\internal\metrics.py:204: FitFailedWarning: Metric 'make_scorer(roc_auc_score, response_method=('decision_function', 'predict_proba'), average=weighted, multi_class=ovr)' failed and error score 0.0 has been returned instead. If this is a custom metric, this usually means that the error is in the metric code. Full exception below:
Traceback (most recent call last):
  File "C:\Users\User\miniconda3\envs\py3_11_9\Lib\site-packages\pycaret\internal\metrics.py", line 196, in _score
    return super()._score(
           ^^^^^^^^^^^^^^^
  File "C:\Users\User\miniconda3\envs\py3_11_9\Lib\site-packages\sklearn\metrics\_scorer.py", line 350, in _score
    return self._sign * self._score_func(y_true, y_pred, **scoring_kwargs)
                        ^^^^^^^^^^^^^^^^^^^^^^^^^^^^^^^^^^^^^^^^^^^^^^^^^^
  File "C:\Users\User\miniconda3\envs\py3_11_9\Lib\site-packages\pycaret\internal\metrics.py", line 144, in __call__
    return self.score_func(y_true, y_pred, **kwargs)
           ^^^^^^^^^^^^^^^^^^^^^^^^^^^^^^^^^^^^^^^^^
  File "C:\Users\User\miniconda3\envs\py3_11_9\Lib\site-packages\sklearn\utils\_param_validation.py", line 213, in wrapper
    return func(*args, **kwargs)
           ^^^^^^^^^^^^^^^^^^^^^
  File "C:\Users\User\miniconda3\envs\py3_11_9\Lib\site-packages\sklearn\metrics\_ranking.py", line 634, in roc_auc_score
    return _multiclass_roc_auc_score(
           ^^^^^^^^^^^^^^^^^^^^^^^^^^
  File "C:\Users\User\miniconda3\envs\py3_11_9\Lib\site-packages\sklearn\metrics\_ranking.py", line 707, in _multiclass_roc_auc_score
    raise ValueError(
ValueError: Target scores need to be probabilities for multiclass roc_auc, i.e. they should sum up to 1.0 over classes

  warnings.warn(

2025-10-31 10:54:54,432:WARNING:C:\Users\User\miniconda3\envs\py3_11_9\Lib\site-packages\pycaret\internal\metrics.py:204: FitFailedWarning: Metric 'make_scorer(roc_auc_score, response_method=('decision_function', 'predict_proba'), average=weighted, multi_class=ovr)' failed and error score 0.0 has been returned instead. If this is a custom metric, this usually means that the error is in the metric code. Full exception below:
Traceback (most recent call last):
  File "C:\Users\User\miniconda3\envs\py3_11_9\Lib\site-packages\pycaret\internal\metrics.py", line 196, in _score
    return super()._score(
           ^^^^^^^^^^^^^^^
  File "C:\Users\User\miniconda3\envs\py3_11_9\Lib\site-packages\sklearn\metrics\_scorer.py", line 350, in _score
    return self._sign * self._score_func(y_true, y_pred, **scoring_kwargs)
                        ^^^^^^^^^^^^^^^^^^^^^^^^^^^^^^^^^^^^^^^^^^^^^^^^^^
  File "C:\Users\User\miniconda3\envs\py3_11_9\Lib\site-packages\pycaret\internal\metrics.py", line 144, in __call__
    return self.score_func(y_true, y_pred, **kwargs)
           ^^^^^^^^^^^^^^^^^^^^^^^^^^^^^^^^^^^^^^^^^
  File "C:\Users\User\miniconda3\envs\py3_11_9\Lib\site-packages\sklearn\utils\_param_validation.py", line 213, in wrapper
    return func(*args, **kwargs)
           ^^^^^^^^^^^^^^^^^^^^^
  File "C:\Users\User\miniconda3\envs\py3_11_9\Lib\site-packages\sklearn\metrics\_ranking.py", line 634, in roc_auc_score
    return _multiclass_roc_auc_score(
           ^^^^^^^^^^^^^^^^^^^^^^^^^^
  File "C:\Users\User\miniconda3\envs\py3_11_9\Lib\site-packages\sklearn\metrics\_ranking.py", line 707, in _multiclass_roc_auc_score
    raise ValueError(
ValueError: Target scores need to be probabilities for multiclass roc_auc, i.e. they should sum up to 1.0 over classes

  warnings.warn(

2025-10-31 10:54:54,434:WARNING:C:\Users\User\miniconda3\envs\py3_11_9\Lib\site-packages\pycaret\internal\metrics.py:204: FitFailedWarning: Metric 'make_scorer(roc_auc_score, response_method=('decision_function', 'predict_proba'), average=weighted, multi_class=ovr)' failed and error score 0.0 has been returned instead. If this is a custom metric, this usually means that the error is in the metric code. Full exception below:
Traceback (most recent call last):
  File "C:\Users\User\miniconda3\envs\py3_11_9\Lib\site-packages\pycaret\internal\metrics.py", line 196, in _score
    return super()._score(
           ^^^^^^^^^^^^^^^
  File "C:\Users\User\miniconda3\envs\py3_11_9\Lib\site-packages\sklearn\metrics\_scorer.py", line 350, in _score
    return self._sign * self._score_func(y_true, y_pred, **scoring_kwargs)
                        ^^^^^^^^^^^^^^^^^^^^^^^^^^^^^^^^^^^^^^^^^^^^^^^^^^
  File "C:\Users\User\miniconda3\envs\py3_11_9\Lib\site-packages\pycaret\internal\metrics.py", line 144, in __call__
    return self.score_func(y_true, y_pred, **kwargs)
           ^^^^^^^^^^^^^^^^^^^^^^^^^^^^^^^^^^^^^^^^^
  File "C:\Users\User\miniconda3\envs\py3_11_9\Lib\site-packages\sklearn\utils\_param_validation.py", line 213, in wrapper
    return func(*args, **kwargs)
           ^^^^^^^^^^^^^^^^^^^^^
  File "C:\Users\User\miniconda3\envs\py3_11_9\Lib\site-packages\sklearn\metrics\_ranking.py", line 634, in roc_auc_score
    return _multiclass_roc_auc_score(
           ^^^^^^^^^^^^^^^^^^^^^^^^^^
  File "C:\Users\User\miniconda3\envs\py3_11_9\Lib\site-packages\sklearn\metrics\_ranking.py", line 707, in _multiclass_roc_auc_score
    raise ValueError(
ValueError: Target scores need to be probabilities for multiclass roc_auc, i.e. they should sum up to 1.0 over classes

  warnings.warn(

2025-10-31 10:54:54,435:WARNING:C:\Users\User\miniconda3\envs\py3_11_9\Lib\site-packages\pycaret\internal\metrics.py:204: FitFailedWarning: Metric 'make_scorer(roc_auc_score, response_method=('decision_function', 'predict_proba'), average=weighted, multi_class=ovr)' failed and error score 0.0 has been returned instead. If this is a custom metric, this usually means that the error is in the metric code. Full exception below:
Traceback (most recent call last):
  File "C:\Users\User\miniconda3\envs\py3_11_9\Lib\site-packages\pycaret\internal\metrics.py", line 196, in _score
    return super()._score(
           ^^^^^^^^^^^^^^^
  File "C:\Users\User\miniconda3\envs\py3_11_9\Lib\site-packages\sklearn\metrics\_scorer.py", line 350, in _score
    return self._sign * self._score_func(y_true, y_pred, **scoring_kwargs)
                        ^^^^^^^^^^^^^^^^^^^^^^^^^^^^^^^^^^^^^^^^^^^^^^^^^^
  File "C:\Users\User\miniconda3\envs\py3_11_9\Lib\site-packages\pycaret\internal\metrics.py", line 144, in __call__
    return self.score_func(y_true, y_pred, **kwargs)
           ^^^^^^^^^^^^^^^^^^^^^^^^^^^^^^^^^^^^^^^^^
  File "C:\Users\User\miniconda3\envs\py3_11_9\Lib\site-packages\sklearn\utils\_param_validation.py", line 213, in wrapper
    return func(*args, **kwargs)
           ^^^^^^^^^^^^^^^^^^^^^
  File "C:\Users\User\miniconda3\envs\py3_11_9\Lib\site-packages\sklearn\metrics\_ranking.py", line 634, in roc_auc_score
    return _multiclass_roc_auc_score(
           ^^^^^^^^^^^^^^^^^^^^^^^^^^
  File "C:\Users\User\miniconda3\envs\py3_11_9\Lib\site-packages\sklearn\metrics\_ranking.py", line 707, in _multiclass_roc_auc_score
    raise ValueError(
ValueError: Target scores need to be probabilities for multiclass roc_auc, i.e. they should sum up to 1.0 over classes

  warnings.warn(

2025-10-31 10:54:54,436:WARNING:C:\Users\User\miniconda3\envs\py3_11_9\Lib\site-packages\sklearn\metrics\_classification.py:1509: UndefinedMetricWarning: Precision is ill-defined and being set to 0.0 in labels with no predicted samples. Use `zero_division` parameter to control this behavior.
  _warn_prf(average, modifier, f"{metric.capitalize()} is", len(result))

2025-10-31 10:54:54,438:WARNING:C:\Users\User\miniconda3\envs\py3_11_9\Lib\site-packages\sklearn\metrics\_classification.py:1509: UndefinedMetricWarning: Precision is ill-defined and being set to 0.0 in labels with no predicted samples. Use `zero_division` parameter to control this behavior.
  _warn_prf(average, modifier, f"{metric.capitalize()} is", len(result))

2025-10-31 10:54:54,440:WARNING:C:\Users\User\miniconda3\envs\py3_11_9\Lib\site-packages\sklearn\metrics\_classification.py:1509: UndefinedMetricWarning: Precision is ill-defined and being set to 0.0 in labels with no predicted samples. Use `zero_division` parameter to control this behavior.
  _warn_prf(average, modifier, f"{metric.capitalize()} is", len(result))

2025-10-31 10:54:54,442:WARNING:C:\Users\User\miniconda3\envs\py3_11_9\Lib\site-packages\sklearn\metrics\_classification.py:1509: UndefinedMetricWarning: Precision is ill-defined and being set to 0.0 in labels with no predicted samples. Use `zero_division` parameter to control this behavior.
  _warn_prf(average, modifier, f"{metric.capitalize()} is", len(result))

2025-10-31 10:54:54,443:WARNING:C:\Users\User\miniconda3\envs\py3_11_9\Lib\site-packages\sklearn\metrics\_classification.py:1509: UndefinedMetricWarning: Precision is ill-defined and being set to 0.0 in labels with no predicted samples. Use `zero_division` parameter to control this behavior.
  _warn_prf(average, modifier, f"{metric.capitalize()} is", len(result))

2025-10-31 10:54:54,444:WARNING:C:\Users\User\miniconda3\envs\py3_11_9\Lib\site-packages\sklearn\metrics\_classification.py:1509: UndefinedMetricWarning: Precision is ill-defined and being set to 0.0 in labels with no predicted samples. Use `zero_division` parameter to control this behavior.
  _warn_prf(average, modifier, f"{metric.capitalize()} is", len(result))

2025-10-31 10:54:54,444:WARNING:C:\Users\User\miniconda3\envs\py3_11_9\Lib\site-packages\sklearn\metrics\_classification.py:1509: UndefinedMetricWarning: Precision is ill-defined and being set to 0.0 in labels with no predicted samples. Use `zero_division` parameter to control this behavior.
  _warn_prf(average, modifier, f"{metric.capitalize()} is", len(result))

2025-10-31 10:54:54,452:INFO:Calculating mean and std
2025-10-31 10:54:54,453:INFO:Creating metrics dataframe
2025-10-31 10:54:54,455:INFO:Uploading results into container
2025-10-31 10:54:54,455:INFO:Uploading model into container now
2025-10-31 10:54:54,455:INFO:_master_model_container: 5
2025-10-31 10:54:54,456:INFO:_display_container: 2
2025-10-31 10:54:54,456:INFO:SGDClassifier(alpha=0.0001, average=False, class_weight=None,
              early_stopping=False, epsilon=0.1, eta0=0.001, fit_intercept=True,
              l1_ratio=0.15, learning_rate='optimal', loss='hinge',
              max_iter=1000, n_iter_no_change=5, n_jobs=-1, penalty='l2',
              power_t=0.5, random_state=123, shuffle=True, tol=0.001,
              validation_fraction=0.1, verbose=0, warm_start=False)
2025-10-31 10:54:54,456:INFO:create_model() successfully completed......................................
2025-10-31 10:54:54,508:INFO:SubProcess create_model() end ==================================
2025-10-31 10:54:54,508:INFO:Creating metrics dataframe
2025-10-31 10:54:54,508:INFO:Initializing Ridge Classifier
2025-10-31 10:54:54,521:INFO:Total runtime is 0.13203183809916177 minutes
2025-10-31 10:54:54,523:INFO:SubProcess create_model() called ==================================
2025-10-31 10:54:54,523:INFO:Initializing create_model()
2025-10-31 10:54:54,523:INFO:create_model(self=<pycaret.classification.oop.ClassificationExperiment object at 0x00000161773A0A10>, estimator=ridge, fold=StratifiedKFold(n_splits=10, random_state=None, shuffle=False), round=4, cross_validation=True, predict=True, fit_kwargs={}, groups=None, refit=False, probability_threshold=None, experiment_custom_tags=None, verbose=False, system=False, add_to_model_list=True, metrics=None, display=<pycaret.internal.display.display.CommonDisplay object at 0x0000016177A28990>, model_only=True, return_train_score=False, error_score=0.0, kwargs={})
2025-10-31 10:54:54,523:INFO:Checking exceptions
2025-10-31 10:54:54,523:INFO:Importing libraries
2025-10-31 10:54:54,523:INFO:Copying training dataset
2025-10-31 10:54:54,526:INFO:Defining folds
2025-10-31 10:54:54,526:INFO:Declaring metric variables
2025-10-31 10:54:54,527:INFO:Importing untrained model
2025-10-31 10:54:54,527:INFO:Ridge Classifier Imported successfully
2025-10-31 10:54:54,527:INFO:Starting cross validation
2025-10-31 10:54:54,527:INFO:Cross validating with StratifiedKFold(n_splits=10, random_state=None, shuffle=False), n_jobs=-1
2025-10-31 10:54:54,560:WARNING:C:\Users\User\miniconda3\envs\py3_11_9\Lib\site-packages\pycaret\internal\metrics.py:204: FitFailedWarning: Metric 'make_scorer(roc_auc_score, response_method=('decision_function', 'predict_proba'), average=weighted, multi_class=ovr)' failed and error score 0.0 has been returned instead. If this is a custom metric, this usually means that the error is in the metric code. Full exception below:
Traceback (most recent call last):
  File "C:\Users\User\miniconda3\envs\py3_11_9\Lib\site-packages\pycaret\internal\metrics.py", line 196, in _score
    return super()._score(
           ^^^^^^^^^^^^^^^
  File "C:\Users\User\miniconda3\envs\py3_11_9\Lib\site-packages\sklearn\metrics\_scorer.py", line 350, in _score
    return self._sign * self._score_func(y_true, y_pred, **scoring_kwargs)
                        ^^^^^^^^^^^^^^^^^^^^^^^^^^^^^^^^^^^^^^^^^^^^^^^^^^
  File "C:\Users\User\miniconda3\envs\py3_11_9\Lib\site-packages\pycaret\internal\metrics.py", line 144, in __call__
    return self.score_func(y_true, y_pred, **kwargs)
           ^^^^^^^^^^^^^^^^^^^^^^^^^^^^^^^^^^^^^^^^^
  File "C:\Users\User\miniconda3\envs\py3_11_9\Lib\site-packages\sklearn\utils\_param_validation.py", line 213, in wrapper
    return func(*args, **kwargs)
           ^^^^^^^^^^^^^^^^^^^^^
  File "C:\Users\User\miniconda3\envs\py3_11_9\Lib\site-packages\sklearn\metrics\_ranking.py", line 634, in roc_auc_score
    return _multiclass_roc_auc_score(
           ^^^^^^^^^^^^^^^^^^^^^^^^^^
  File "C:\Users\User\miniconda3\envs\py3_11_9\Lib\site-packages\sklearn\metrics\_ranking.py", line 707, in _multiclass_roc_auc_score
    raise ValueError(
ValueError: Target scores need to be probabilities for multiclass roc_auc, i.e. they should sum up to 1.0 over classes

  warnings.warn(

2025-10-31 10:54:54,576:WARNING:C:\Users\User\miniconda3\envs\py3_11_9\Lib\site-packages\pycaret\internal\metrics.py:204: FitFailedWarning: Metric 'make_scorer(roc_auc_score, response_method=('decision_function', 'predict_proba'), average=weighted, multi_class=ovr)' failed and error score 0.0 has been returned instead. If this is a custom metric, this usually means that the error is in the metric code. Full exception below:
Traceback (most recent call last):
  File "C:\Users\User\miniconda3\envs\py3_11_9\Lib\site-packages\pycaret\internal\metrics.py", line 196, in _score
    return super()._score(
           ^^^^^^^^^^^^^^^
  File "C:\Users\User\miniconda3\envs\py3_11_9\Lib\site-packages\sklearn\metrics\_scorer.py", line 350, in _score
    return self._sign * self._score_func(y_true, y_pred, **scoring_kwargs)
                        ^^^^^^^^^^^^^^^^^^^^^^^^^^^^^^^^^^^^^^^^^^^^^^^^^^
  File "C:\Users\User\miniconda3\envs\py3_11_9\Lib\site-packages\pycaret\internal\metrics.py", line 144, in __call__
    return self.score_func(y_true, y_pred, **kwargs)
           ^^^^^^^^^^^^^^^^^^^^^^^^^^^^^^^^^^^^^^^^^
  File "C:\Users\User\miniconda3\envs\py3_11_9\Lib\site-packages\sklearn\utils\_param_validation.py", line 213, in wrapper
    return func(*args, **kwargs)
           ^^^^^^^^^^^^^^^^^^^^^
  File "C:\Users\User\miniconda3\envs\py3_11_9\Lib\site-packages\sklearn\metrics\_ranking.py", line 634, in roc_auc_score
    return _multiclass_roc_auc_score(
           ^^^^^^^^^^^^^^^^^^^^^^^^^^
  File "C:\Users\User\miniconda3\envs\py3_11_9\Lib\site-packages\sklearn\metrics\_ranking.py", line 707, in _multiclass_roc_auc_score
    raise ValueError(
ValueError: Target scores need to be probabilities for multiclass roc_auc, i.e. they should sum up to 1.0 over classes

  warnings.warn(

2025-10-31 10:54:54,577:WARNING:C:\Users\User\miniconda3\envs\py3_11_9\Lib\site-packages\pycaret\internal\metrics.py:204: FitFailedWarning: Metric 'make_scorer(roc_auc_score, response_method=('decision_function', 'predict_proba'), average=weighted, multi_class=ovr)' failed and error score 0.0 has been returned instead. If this is a custom metric, this usually means that the error is in the metric code. Full exception below:
Traceback (most recent call last):
  File "C:\Users\User\miniconda3\envs\py3_11_9\Lib\site-packages\pycaret\internal\metrics.py", line 196, in _score
    return super()._score(
           ^^^^^^^^^^^^^^^
  File "C:\Users\User\miniconda3\envs\py3_11_9\Lib\site-packages\sklearn\metrics\_scorer.py", line 350, in _score
    return self._sign * self._score_func(y_true, y_pred, **scoring_kwargs)
                        ^^^^^^^^^^^^^^^^^^^^^^^^^^^^^^^^^^^^^^^^^^^^^^^^^^
  File "C:\Users\User\miniconda3\envs\py3_11_9\Lib\site-packages\pycaret\internal\metrics.py", line 144, in __call__
    return self.score_func(y_true, y_pred, **kwargs)
           ^^^^^^^^^^^^^^^^^^^^^^^^^^^^^^^^^^^^^^^^^
  File "C:\Users\User\miniconda3\envs\py3_11_9\Lib\site-packages\sklearn\utils\_param_validation.py", line 213, in wrapper
    return func(*args, **kwargs)
           ^^^^^^^^^^^^^^^^^^^^^
  File "C:\Users\User\miniconda3\envs\py3_11_9\Lib\site-packages\sklearn\metrics\_ranking.py", line 634, in roc_auc_score
    return _multiclass_roc_auc_score(
           ^^^^^^^^^^^^^^^^^^^^^^^^^^
  File "C:\Users\User\miniconda3\envs\py3_11_9\Lib\site-packages\sklearn\metrics\_ranking.py", line 707, in _multiclass_roc_auc_score
    raise ValueError(
ValueError: Target scores need to be probabilities for multiclass roc_auc, i.e. they should sum up to 1.0 over classes

  warnings.warn(

2025-10-31 10:54:54,578:WARNING:C:\Users\User\miniconda3\envs\py3_11_9\Lib\site-packages\pycaret\internal\metrics.py:204: FitFailedWarning: Metric 'make_scorer(roc_auc_score, response_method=('decision_function', 'predict_proba'), average=weighted, multi_class=ovr)' failed and error score 0.0 has been returned instead. If this is a custom metric, this usually means that the error is in the metric code. Full exception below:
Traceback (most recent call last):
  File "C:\Users\User\miniconda3\envs\py3_11_9\Lib\site-packages\pycaret\internal\metrics.py", line 196, in _score
    return super()._score(
           ^^^^^^^^^^^^^^^
  File "C:\Users\User\miniconda3\envs\py3_11_9\Lib\site-packages\sklearn\metrics\_scorer.py", line 350, in _score
    return self._sign * self._score_func(y_true, y_pred, **scoring_kwargs)
                        ^^^^^^^^^^^^^^^^^^^^^^^^^^^^^^^^^^^^^^^^^^^^^^^^^^
  File "C:\Users\User\miniconda3\envs\py3_11_9\Lib\site-packages\pycaret\internal\metrics.py", line 144, in __call__
    return self.score_func(y_true, y_pred, **kwargs)
           ^^^^^^^^^^^^^^^^^^^^^^^^^^^^^^^^^^^^^^^^^
  File "C:\Users\User\miniconda3\envs\py3_11_9\Lib\site-packages\sklearn\utils\_param_validation.py", line 213, in wrapper
    return func(*args, **kwargs)
           ^^^^^^^^^^^^^^^^^^^^^
  File "C:\Users\User\miniconda3\envs\py3_11_9\Lib\site-packages\sklearn\metrics\_ranking.py", line 634, in roc_auc_score
    return _multiclass_roc_auc_score(
           ^^^^^^^^^^^^^^^^^^^^^^^^^^
  File "C:\Users\User\miniconda3\envs\py3_11_9\Lib\site-packages\sklearn\metrics\_ranking.py", line 707, in _multiclass_roc_auc_score
    raise ValueError(
ValueError: Target scores need to be probabilities for multiclass roc_auc, i.e. they should sum up to 1.0 over classes

  warnings.warn(

2025-10-31 10:54:54,580:WARNING:C:\Users\User\miniconda3\envs\py3_11_9\Lib\site-packages\pycaret\internal\metrics.py:204: FitFailedWarning: Metric 'make_scorer(roc_auc_score, response_method=('decision_function', 'predict_proba'), average=weighted, multi_class=ovr)' failed and error score 0.0 has been returned instead. If this is a custom metric, this usually means that the error is in the metric code. Full exception below:
Traceback (most recent call last):
  File "C:\Users\User\miniconda3\envs\py3_11_9\Lib\site-packages\pycaret\internal\metrics.py", line 196, in _score
    return super()._score(
           ^^^^^^^^^^^^^^^
  File "C:\Users\User\miniconda3\envs\py3_11_9\Lib\site-packages\sklearn\metrics\_scorer.py", line 350, in _score
    return self._sign * self._score_func(y_true, y_pred, **scoring_kwargs)
                        ^^^^^^^^^^^^^^^^^^^^^^^^^^^^^^^^^^^^^^^^^^^^^^^^^^
  File "C:\Users\User\miniconda3\envs\py3_11_9\Lib\site-packages\pycaret\internal\metrics.py", line 144, in __call__
    return self.score_func(y_true, y_pred, **kwargs)
           ^^^^^^^^^^^^^^^^^^^^^^^^^^^^^^^^^^^^^^^^^
  File "C:\Users\User\miniconda3\envs\py3_11_9\Lib\site-packages\sklearn\utils\_param_validation.py", line 213, in wrapper
    return func(*args, **kwargs)
           ^^^^^^^^^^^^^^^^^^^^^
  File "C:\Users\User\miniconda3\envs\py3_11_9\Lib\site-packages\sklearn\metrics\_ranking.py", line 634, in roc_auc_score
    return _multiclass_roc_auc_score(
           ^^^^^^^^^^^^^^^^^^^^^^^^^^
  File "C:\Users\User\miniconda3\envs\py3_11_9\Lib\site-packages\sklearn\metrics\_ranking.py", line 707, in _multiclass_roc_auc_score
    raise ValueError(
ValueError: Target scores need to be probabilities for multiclass roc_auc, i.e. they should sum up to 1.0 over classes

  warnings.warn(

2025-10-31 10:54:54,585:WARNING:C:\Users\User\miniconda3\envs\py3_11_9\Lib\site-packages\pycaret\internal\metrics.py:204: FitFailedWarning: Metric 'make_scorer(roc_auc_score, response_method=('decision_function', 'predict_proba'), average=weighted, multi_class=ovr)' failed and error score 0.0 has been returned instead. If this is a custom metric, this usually means that the error is in the metric code. Full exception below:
Traceback (most recent call last):
  File "C:\Users\User\miniconda3\envs\py3_11_9\Lib\site-packages\pycaret\internal\metrics.py", line 196, in _score
    return super()._score(
           ^^^^^^^^^^^^^^^
  File "C:\Users\User\miniconda3\envs\py3_11_9\Lib\site-packages\sklearn\metrics\_scorer.py", line 350, in _score
    return self._sign * self._score_func(y_true, y_pred, **scoring_kwargs)
                        ^^^^^^^^^^^^^^^^^^^^^^^^^^^^^^^^^^^^^^^^^^^^^^^^^^
  File "C:\Users\User\miniconda3\envs\py3_11_9\Lib\site-packages\pycaret\internal\metrics.py", line 144, in __call__
    return self.score_func(y_true, y_pred, **kwargs)
           ^^^^^^^^^^^^^^^^^^^^^^^^^^^^^^^^^^^^^^^^^
  File "C:\Users\User\miniconda3\envs\py3_11_9\Lib\site-packages\sklearn\utils\_param_validation.py", line 213, in wrapper
    return func(*args, **kwargs)
           ^^^^^^^^^^^^^^^^^^^^^
  File "C:\Users\User\miniconda3\envs\py3_11_9\Lib\site-packages\sklearn\metrics\_ranking.py", line 634, in roc_auc_score
    return _multiclass_roc_auc_score(
           ^^^^^^^^^^^^^^^^^^^^^^^^^^
  File "C:\Users\User\miniconda3\envs\py3_11_9\Lib\site-packages\sklearn\metrics\_ranking.py", line 707, in _multiclass_roc_auc_score
    raise ValueError(
ValueError: Target scores need to be probabilities for multiclass roc_auc, i.e. they should sum up to 1.0 over classes

  warnings.warn(

2025-10-31 10:54:54,586:WARNING:C:\Users\User\miniconda3\envs\py3_11_9\Lib\site-packages\pycaret\internal\metrics.py:204: FitFailedWarning: Metric 'make_scorer(roc_auc_score, response_method=('decision_function', 'predict_proba'), average=weighted, multi_class=ovr)' failed and error score 0.0 has been returned instead. If this is a custom metric, this usually means that the error is in the metric code. Full exception below:
Traceback (most recent call last):
  File "C:\Users\User\miniconda3\envs\py3_11_9\Lib\site-packages\pycaret\internal\metrics.py", line 196, in _score
    return super()._score(
           ^^^^^^^^^^^^^^^
  File "C:\Users\User\miniconda3\envs\py3_11_9\Lib\site-packages\sklearn\metrics\_scorer.py", line 350, in _score
    return self._sign * self._score_func(y_true, y_pred, **scoring_kwargs)
                        ^^^^^^^^^^^^^^^^^^^^^^^^^^^^^^^^^^^^^^^^^^^^^^^^^^
  File "C:\Users\User\miniconda3\envs\py3_11_9\Lib\site-packages\pycaret\internal\metrics.py", line 144, in __call__
    return self.score_func(y_true, y_pred, **kwargs)
           ^^^^^^^^^^^^^^^^^^^^^^^^^^^^^^^^^^^^^^^^^
  File "C:\Users\User\miniconda3\envs\py3_11_9\Lib\site-packages\sklearn\utils\_param_validation.py", line 213, in wrapper
    return func(*args, **kwargs)
           ^^^^^^^^^^^^^^^^^^^^^
  File "C:\Users\User\miniconda3\envs\py3_11_9\Lib\site-packages\sklearn\metrics\_ranking.py", line 634, in roc_auc_score
    return _multiclass_roc_auc_score(
           ^^^^^^^^^^^^^^^^^^^^^^^^^^
  File "C:\Users\User\miniconda3\envs\py3_11_9\Lib\site-packages\sklearn\metrics\_ranking.py", line 707, in _multiclass_roc_auc_score
    raise ValueError(
ValueError: Target scores need to be probabilities for multiclass roc_auc, i.e. they should sum up to 1.0 over classes

  warnings.warn(

2025-10-31 10:54:54,587:WARNING:C:\Users\User\miniconda3\envs\py3_11_9\Lib\site-packages\pycaret\internal\metrics.py:204: FitFailedWarning: Metric 'make_scorer(roc_auc_score, response_method=('decision_function', 'predict_proba'), average=weighted, multi_class=ovr)' failed and error score 0.0 has been returned instead. If this is a custom metric, this usually means that the error is in the metric code. Full exception below:
Traceback (most recent call last):
  File "C:\Users\User\miniconda3\envs\py3_11_9\Lib\site-packages\pycaret\internal\metrics.py", line 196, in _score
    return super()._score(
           ^^^^^^^^^^^^^^^
  File "C:\Users\User\miniconda3\envs\py3_11_9\Lib\site-packages\sklearn\metrics\_scorer.py", line 350, in _score
    return self._sign * self._score_func(y_true, y_pred, **scoring_kwargs)
                        ^^^^^^^^^^^^^^^^^^^^^^^^^^^^^^^^^^^^^^^^^^^^^^^^^^
  File "C:\Users\User\miniconda3\envs\py3_11_9\Lib\site-packages\pycaret\internal\metrics.py", line 144, in __call__
    return self.score_func(y_true, y_pred, **kwargs)
           ^^^^^^^^^^^^^^^^^^^^^^^^^^^^^^^^^^^^^^^^^
  File "C:\Users\User\miniconda3\envs\py3_11_9\Lib\site-packages\sklearn\utils\_param_validation.py", line 213, in wrapper
    return func(*args, **kwargs)
           ^^^^^^^^^^^^^^^^^^^^^
  File "C:\Users\User\miniconda3\envs\py3_11_9\Lib\site-packages\sklearn\metrics\_ranking.py", line 634, in roc_auc_score
    return _multiclass_roc_auc_score(
           ^^^^^^^^^^^^^^^^^^^^^^^^^^
  File "C:\Users\User\miniconda3\envs\py3_11_9\Lib\site-packages\sklearn\metrics\_ranking.py", line 707, in _multiclass_roc_auc_score
    raise ValueError(
ValueError: Target scores need to be probabilities for multiclass roc_auc, i.e. they should sum up to 1.0 over classes

  warnings.warn(

2025-10-31 10:54:54,602:INFO:Calculating mean and std
2025-10-31 10:54:54,603:INFO:Creating metrics dataframe
2025-10-31 10:54:54,604:INFO:Uploading results into container
2025-10-31 10:54:54,604:INFO:Uploading model into container now
2025-10-31 10:54:54,604:INFO:_master_model_container: 6
2025-10-31 10:54:54,605:INFO:_display_container: 2
2025-10-31 10:54:54,605:INFO:RidgeClassifier(alpha=1.0, class_weight=None, copy_X=True, fit_intercept=True,
                max_iter=None, positive=False, random_state=123, solver='auto',
                tol=0.0001)
2025-10-31 10:54:54,605:INFO:create_model() successfully completed......................................
2025-10-31 10:54:54,659:INFO:SubProcess create_model() end ==================================
2025-10-31 10:54:54,659:INFO:Creating metrics dataframe
2025-10-31 10:54:54,664:INFO:Initializing Random Forest Classifier
2025-10-31 10:54:54,664:INFO:Total runtime is 0.1344215154647827 minutes
2025-10-31 10:54:54,666:INFO:SubProcess create_model() called ==================================
2025-10-31 10:54:54,666:INFO:Initializing create_model()
2025-10-31 10:54:54,666:INFO:create_model(self=<pycaret.classification.oop.ClassificationExperiment object at 0x00000161773A0A10>, estimator=rf, fold=StratifiedKFold(n_splits=10, random_state=None, shuffle=False), round=4, cross_validation=True, predict=True, fit_kwargs={}, groups=None, refit=False, probability_threshold=None, experiment_custom_tags=None, verbose=False, system=False, add_to_model_list=True, metrics=None, display=<pycaret.internal.display.display.CommonDisplay object at 0x0000016177A28990>, model_only=True, return_train_score=False, error_score=0.0, kwargs={})
2025-10-31 10:54:54,666:INFO:Checking exceptions
2025-10-31 10:54:54,667:INFO:Importing libraries
2025-10-31 10:54:54,667:INFO:Copying training dataset
2025-10-31 10:54:54,668:INFO:Defining folds
2025-10-31 10:54:54,669:INFO:Declaring metric variables
2025-10-31 10:54:54,671:INFO:Importing untrained model
2025-10-31 10:54:54,674:INFO:Random Forest Classifier Imported successfully
2025-10-31 10:54:54,676:INFO:Starting cross validation
2025-10-31 10:54:54,676:INFO:Cross validating with StratifiedKFold(n_splits=10, random_state=None, shuffle=False), n_jobs=-1
2025-10-31 10:54:55,085:INFO:Calculating mean and std
2025-10-31 10:54:55,085:INFO:Creating metrics dataframe
2025-10-31 10:54:55,085:INFO:Uploading results into container
2025-10-31 10:54:55,085:INFO:Uploading model into container now
2025-10-31 10:54:55,091:INFO:_master_model_container: 7
2025-10-31 10:54:55,091:INFO:_display_container: 2
2025-10-31 10:54:55,092:INFO:RandomForestClassifier(bootstrap=True, ccp_alpha=0.0, class_weight=None,
                       criterion='gini', max_depth=None, max_features='sqrt',
                       max_leaf_nodes=None, max_samples=None,
                       min_impurity_decrease=0.0, min_samples_leaf=1,
                       min_samples_split=2, min_weight_fraction_leaf=0.0,
                       monotonic_cst=None, n_estimators=100, n_jobs=-1,
                       oob_score=False, random_state=123, verbose=0,
                       warm_start=False)
2025-10-31 10:54:55,092:INFO:create_model() successfully completed......................................
2025-10-31 10:54:55,153:INFO:SubProcess create_model() end ==================================
2025-10-31 10:54:55,153:INFO:Creating metrics dataframe
2025-10-31 10:54:55,158:INFO:Initializing Quadratic Discriminant Analysis
2025-10-31 10:54:55,158:INFO:Total runtime is 0.14264660278956096 minutes
2025-10-31 10:54:55,160:INFO:SubProcess create_model() called ==================================
2025-10-31 10:54:55,160:INFO:Initializing create_model()
2025-10-31 10:54:55,160:INFO:create_model(self=<pycaret.classification.oop.ClassificationExperiment object at 0x00000161773A0A10>, estimator=qda, fold=StratifiedKFold(n_splits=10, random_state=None, shuffle=False), round=4, cross_validation=True, predict=True, fit_kwargs={}, groups=None, refit=False, probability_threshold=None, experiment_custom_tags=None, verbose=False, system=False, add_to_model_list=True, metrics=None, display=<pycaret.internal.display.display.CommonDisplay object at 0x0000016177A28990>, model_only=True, return_train_score=False, error_score=0.0, kwargs={})
2025-10-31 10:54:55,160:INFO:Checking exceptions
2025-10-31 10:54:55,161:INFO:Importing libraries
2025-10-31 10:54:55,161:INFO:Copying training dataset
2025-10-31 10:54:55,163:INFO:Defining folds
2025-10-31 10:54:55,163:INFO:Declaring metric variables
2025-10-31 10:54:55,164:INFO:Importing untrained model
2025-10-31 10:54:55,164:INFO:Quadratic Discriminant Analysis Imported successfully
2025-10-31 10:54:55,174:INFO:Starting cross validation
2025-10-31 10:54:55,175:INFO:Cross validating with StratifiedKFold(n_splits=10, random_state=None, shuffle=False), n_jobs=-1
2025-10-31 10:54:55,203:WARNING:C:\Users\User\miniconda3\envs\py3_11_9\Lib\site-packages\pycaret\internal\metrics.py:204: FitFailedWarning: Metric 'make_scorer(roc_auc_score, response_method=('decision_function', 'predict_proba'), average=weighted, multi_class=ovr)' failed and error score 0.0 has been returned instead. If this is a custom metric, this usually means that the error is in the metric code. Full exception below:
Traceback (most recent call last):
  File "C:\Users\User\miniconda3\envs\py3_11_9\Lib\site-packages\pycaret\internal\metrics.py", line 196, in _score
    return super()._score(
           ^^^^^^^^^^^^^^^
  File "C:\Users\User\miniconda3\envs\py3_11_9\Lib\site-packages\sklearn\metrics\_scorer.py", line 350, in _score
    return self._sign * self._score_func(y_true, y_pred, **scoring_kwargs)
                        ^^^^^^^^^^^^^^^^^^^^^^^^^^^^^^^^^^^^^^^^^^^^^^^^^^
  File "C:\Users\User\miniconda3\envs\py3_11_9\Lib\site-packages\pycaret\internal\metrics.py", line 144, in __call__
    return self.score_func(y_true, y_pred, **kwargs)
           ^^^^^^^^^^^^^^^^^^^^^^^^^^^^^^^^^^^^^^^^^
  File "C:\Users\User\miniconda3\envs\py3_11_9\Lib\site-packages\sklearn\utils\_param_validation.py", line 213, in wrapper
    return func(*args, **kwargs)
           ^^^^^^^^^^^^^^^^^^^^^
  File "C:\Users\User\miniconda3\envs\py3_11_9\Lib\site-packages\sklearn\metrics\_ranking.py", line 634, in roc_auc_score
    return _multiclass_roc_auc_score(
           ^^^^^^^^^^^^^^^^^^^^^^^^^^
  File "C:\Users\User\miniconda3\envs\py3_11_9\Lib\site-packages\sklearn\metrics\_ranking.py", line 707, in _multiclass_roc_auc_score
    raise ValueError(
ValueError: Target scores need to be probabilities for multiclass roc_auc, i.e. they should sum up to 1.0 over classes

  warnings.warn(

2025-10-31 10:54:55,207:WARNING:C:\Users\User\miniconda3\envs\py3_11_9\Lib\site-packages\pycaret\internal\metrics.py:204: FitFailedWarning: Metric 'make_scorer(roc_auc_score, response_method=('decision_function', 'predict_proba'), average=weighted, multi_class=ovr)' failed and error score 0.0 has been returned instead. If this is a custom metric, this usually means that the error is in the metric code. Full exception below:
Traceback (most recent call last):
  File "C:\Users\User\miniconda3\envs\py3_11_9\Lib\site-packages\pycaret\internal\metrics.py", line 196, in _score
    return super()._score(
           ^^^^^^^^^^^^^^^
  File "C:\Users\User\miniconda3\envs\py3_11_9\Lib\site-packages\sklearn\metrics\_scorer.py", line 350, in _score
    return self._sign * self._score_func(y_true, y_pred, **scoring_kwargs)
                        ^^^^^^^^^^^^^^^^^^^^^^^^^^^^^^^^^^^^^^^^^^^^^^^^^^
  File "C:\Users\User\miniconda3\envs\py3_11_9\Lib\site-packages\pycaret\internal\metrics.py", line 144, in __call__
    return self.score_func(y_true, y_pred, **kwargs)
           ^^^^^^^^^^^^^^^^^^^^^^^^^^^^^^^^^^^^^^^^^
  File "C:\Users\User\miniconda3\envs\py3_11_9\Lib\site-packages\sklearn\utils\_param_validation.py", line 213, in wrapper
    return func(*args, **kwargs)
           ^^^^^^^^^^^^^^^^^^^^^
  File "C:\Users\User\miniconda3\envs\py3_11_9\Lib\site-packages\sklearn\metrics\_ranking.py", line 634, in roc_auc_score
    return _multiclass_roc_auc_score(
           ^^^^^^^^^^^^^^^^^^^^^^^^^^
  File "C:\Users\User\miniconda3\envs\py3_11_9\Lib\site-packages\sklearn\metrics\_ranking.py", line 707, in _multiclass_roc_auc_score
    raise ValueError(
ValueError: Target scores need to be probabilities for multiclass roc_auc, i.e. they should sum up to 1.0 over classes

  warnings.warn(

2025-10-31 10:54:55,209:WARNING:C:\Users\User\miniconda3\envs\py3_11_9\Lib\site-packages\pycaret\internal\metrics.py:204: FitFailedWarning: Metric 'make_scorer(roc_auc_score, response_method=('decision_function', 'predict_proba'), average=weighted, multi_class=ovr)' failed and error score 0.0 has been returned instead. If this is a custom metric, this usually means that the error is in the metric code. Full exception below:
Traceback (most recent call last):
  File "C:\Users\User\miniconda3\envs\py3_11_9\Lib\site-packages\pycaret\internal\metrics.py", line 196, in _score
    return super()._score(
           ^^^^^^^^^^^^^^^
  File "C:\Users\User\miniconda3\envs\py3_11_9\Lib\site-packages\sklearn\metrics\_scorer.py", line 350, in _score
    return self._sign * self._score_func(y_true, y_pred, **scoring_kwargs)
                        ^^^^^^^^^^^^^^^^^^^^^^^^^^^^^^^^^^^^^^^^^^^^^^^^^^
  File "C:\Users\User\miniconda3\envs\py3_11_9\Lib\site-packages\pycaret\internal\metrics.py", line 144, in __call__
    return self.score_func(y_true, y_pred, **kwargs)
           ^^^^^^^^^^^^^^^^^^^^^^^^^^^^^^^^^^^^^^^^^
  File "C:\Users\User\miniconda3\envs\py3_11_9\Lib\site-packages\sklearn\utils\_param_validation.py", line 213, in wrapper
    return func(*args, **kwargs)
           ^^^^^^^^^^^^^^^^^^^^^
  File "C:\Users\User\miniconda3\envs\py3_11_9\Lib\site-packages\sklearn\metrics\_ranking.py", line 634, in roc_auc_score
    return _multiclass_roc_auc_score(
           ^^^^^^^^^^^^^^^^^^^^^^^^^^
  File "C:\Users\User\miniconda3\envs\py3_11_9\Lib\site-packages\sklearn\metrics\_ranking.py", line 707, in _multiclass_roc_auc_score
    raise ValueError(
ValueError: Target scores need to be probabilities for multiclass roc_auc, i.e. they should sum up to 1.0 over classes

  warnings.warn(

2025-10-31 10:54:55,213:WARNING:C:\Users\User\miniconda3\envs\py3_11_9\Lib\site-packages\pycaret\internal\metrics.py:204: FitFailedWarning: Metric 'make_scorer(roc_auc_score, response_method=('decision_function', 'predict_proba'), average=weighted, multi_class=ovr)' failed and error score 0.0 has been returned instead. If this is a custom metric, this usually means that the error is in the metric code. Full exception below:
Traceback (most recent call last):
  File "C:\Users\User\miniconda3\envs\py3_11_9\Lib\site-packages\pycaret\internal\metrics.py", line 196, in _score
    return super()._score(
           ^^^^^^^^^^^^^^^
  File "C:\Users\User\miniconda3\envs\py3_11_9\Lib\site-packages\sklearn\metrics\_scorer.py", line 350, in _score
    return self._sign * self._score_func(y_true, y_pred, **scoring_kwargs)
                        ^^^^^^^^^^^^^^^^^^^^^^^^^^^^^^^^^^^^^^^^^^^^^^^^^^
  File "C:\Users\User\miniconda3\envs\py3_11_9\Lib\site-packages\pycaret\internal\metrics.py", line 144, in __call__
    return self.score_func(y_true, y_pred, **kwargs)
           ^^^^^^^^^^^^^^^^^^^^^^^^^^^^^^^^^^^^^^^^^
  File "C:\Users\User\miniconda3\envs\py3_11_9\Lib\site-packages\sklearn\utils\_param_validation.py", line 213, in wrapper
    return func(*args, **kwargs)
           ^^^^^^^^^^^^^^^^^^^^^
  File "C:\Users\User\miniconda3\envs\py3_11_9\Lib\site-packages\sklearn\metrics\_ranking.py", line 634, in roc_auc_score
    return _multiclass_roc_auc_score(
           ^^^^^^^^^^^^^^^^^^^^^^^^^^
  File "C:\Users\User\miniconda3\envs\py3_11_9\Lib\site-packages\sklearn\metrics\_ranking.py", line 707, in _multiclass_roc_auc_score
    raise ValueError(
ValueError: Target scores need to be probabilities for multiclass roc_auc, i.e. they should sum up to 1.0 over classes

  warnings.warn(

2025-10-31 10:54:55,214:WARNING:C:\Users\User\miniconda3\envs\py3_11_9\Lib\site-packages\pycaret\internal\metrics.py:204: FitFailedWarning: Metric 'make_scorer(roc_auc_score, response_method=('decision_function', 'predict_proba'), average=weighted, multi_class=ovr)' failed and error score 0.0 has been returned instead. If this is a custom metric, this usually means that the error is in the metric code. Full exception below:
Traceback (most recent call last):
  File "C:\Users\User\miniconda3\envs\py3_11_9\Lib\site-packages\pycaret\internal\metrics.py", line 196, in _score
    return super()._score(
           ^^^^^^^^^^^^^^^
  File "C:\Users\User\miniconda3\envs\py3_11_9\Lib\site-packages\sklearn\metrics\_scorer.py", line 350, in _score
    return self._sign * self._score_func(y_true, y_pred, **scoring_kwargs)
                        ^^^^^^^^^^^^^^^^^^^^^^^^^^^^^^^^^^^^^^^^^^^^^^^^^^
  File "C:\Users\User\miniconda3\envs\py3_11_9\Lib\site-packages\pycaret\internal\metrics.py", line 144, in __call__
    return self.score_func(y_true, y_pred, **kwargs)
           ^^^^^^^^^^^^^^^^^^^^^^^^^^^^^^^^^^^^^^^^^
  File "C:\Users\User\miniconda3\envs\py3_11_9\Lib\site-packages\sklearn\utils\_param_validation.py", line 213, in wrapper
    return func(*args, **kwargs)
           ^^^^^^^^^^^^^^^^^^^^^
  File "C:\Users\User\miniconda3\envs\py3_11_9\Lib\site-packages\sklearn\metrics\_ranking.py", line 634, in roc_auc_score
    return _multiclass_roc_auc_score(
           ^^^^^^^^^^^^^^^^^^^^^^^^^^
  File "C:\Users\User\miniconda3\envs\py3_11_9\Lib\site-packages\sklearn\metrics\_ranking.py", line 707, in _multiclass_roc_auc_score
    raise ValueError(
ValueError: Target scores need to be probabilities for multiclass roc_auc, i.e. they should sum up to 1.0 over classes

  warnings.warn(

2025-10-31 10:54:55,216:WARNING:C:\Users\User\miniconda3\envs\py3_11_9\Lib\site-packages\pycaret\internal\metrics.py:204: FitFailedWarning: Metric 'make_scorer(roc_auc_score, response_method=('decision_function', 'predict_proba'), average=weighted, multi_class=ovr)' failed and error score 0.0 has been returned instead. If this is a custom metric, this usually means that the error is in the metric code. Full exception below:
Traceback (most recent call last):
  File "C:\Users\User\miniconda3\envs\py3_11_9\Lib\site-packages\pycaret\internal\metrics.py", line 196, in _score
    return super()._score(
           ^^^^^^^^^^^^^^^
  File "C:\Users\User\miniconda3\envs\py3_11_9\Lib\site-packages\sklearn\metrics\_scorer.py", line 350, in _score
    return self._sign * self._score_func(y_true, y_pred, **scoring_kwargs)
                        ^^^^^^^^^^^^^^^^^^^^^^^^^^^^^^^^^^^^^^^^^^^^^^^^^^
  File "C:\Users\User\miniconda3\envs\py3_11_9\Lib\site-packages\pycaret\internal\metrics.py", line 144, in __call__
    return self.score_func(y_true, y_pred, **kwargs)
           ^^^^^^^^^^^^^^^^^^^^^^^^^^^^^^^^^^^^^^^^^
  File "C:\Users\User\miniconda3\envs\py3_11_9\Lib\site-packages\sklearn\utils\_param_validation.py", line 213, in wrapper
    return func(*args, **kwargs)
           ^^^^^^^^^^^^^^^^^^^^^
  File "C:\Users\User\miniconda3\envs\py3_11_9\Lib\site-packages\sklearn\metrics\_ranking.py", line 634, in roc_auc_score
    return _multiclass_roc_auc_score(
           ^^^^^^^^^^^^^^^^^^^^^^^^^^
  File "C:\Users\User\miniconda3\envs\py3_11_9\Lib\site-packages\sklearn\metrics\_ranking.py", line 707, in _multiclass_roc_auc_score
    raise ValueError(
ValueError: Target scores need to be probabilities for multiclass roc_auc, i.e. they should sum up to 1.0 over classes

  warnings.warn(

2025-10-31 10:54:55,217:WARNING:C:\Users\User\miniconda3\envs\py3_11_9\Lib\site-packages\pycaret\internal\metrics.py:204: FitFailedWarning: Metric 'make_scorer(roc_auc_score, response_method=('decision_function', 'predict_proba'), average=weighted, multi_class=ovr)' failed and error score 0.0 has been returned instead. If this is a custom metric, this usually means that the error is in the metric code. Full exception below:
Traceback (most recent call last):
  File "C:\Users\User\miniconda3\envs\py3_11_9\Lib\site-packages\pycaret\internal\metrics.py", line 196, in _score
    return super()._score(
           ^^^^^^^^^^^^^^^
  File "C:\Users\User\miniconda3\envs\py3_11_9\Lib\site-packages\sklearn\metrics\_scorer.py", line 350, in _score
    return self._sign * self._score_func(y_true, y_pred, **scoring_kwargs)
                        ^^^^^^^^^^^^^^^^^^^^^^^^^^^^^^^^^^^^^^^^^^^^^^^^^^
  File "C:\Users\User\miniconda3\envs\py3_11_9\Lib\site-packages\pycaret\internal\metrics.py", line 144, in __call__
    return self.score_func(y_true, y_pred, **kwargs)
           ^^^^^^^^^^^^^^^^^^^^^^^^^^^^^^^^^^^^^^^^^
  File "C:\Users\User\miniconda3\envs\py3_11_9\Lib\site-packages\sklearn\utils\_param_validation.py", line 213, in wrapper
    return func(*args, **kwargs)
           ^^^^^^^^^^^^^^^^^^^^^
  File "C:\Users\User\miniconda3\envs\py3_11_9\Lib\site-packages\sklearn\metrics\_ranking.py", line 634, in roc_auc_score
    return _multiclass_roc_auc_score(
           ^^^^^^^^^^^^^^^^^^^^^^^^^^
  File "C:\Users\User\miniconda3\envs\py3_11_9\Lib\site-packages\sklearn\metrics\_ranking.py", line 707, in _multiclass_roc_auc_score
    raise ValueError(
ValueError: Target scores need to be probabilities for multiclass roc_auc, i.e. they should sum up to 1.0 over classes

  warnings.warn(

2025-10-31 10:54:55,221:WARNING:C:\Users\User\miniconda3\envs\py3_11_9\Lib\site-packages\pycaret\internal\metrics.py:204: FitFailedWarning: Metric 'make_scorer(roc_auc_score, response_method=('decision_function', 'predict_proba'), average=weighted, multi_class=ovr)' failed and error score 0.0 has been returned instead. If this is a custom metric, this usually means that the error is in the metric code. Full exception below:
Traceback (most recent call last):
  File "C:\Users\User\miniconda3\envs\py3_11_9\Lib\site-packages\pycaret\internal\metrics.py", line 196, in _score
    return super()._score(
           ^^^^^^^^^^^^^^^
  File "C:\Users\User\miniconda3\envs\py3_11_9\Lib\site-packages\sklearn\metrics\_scorer.py", line 350, in _score
    return self._sign * self._score_func(y_true, y_pred, **scoring_kwargs)
                        ^^^^^^^^^^^^^^^^^^^^^^^^^^^^^^^^^^^^^^^^^^^^^^^^^^
  File "C:\Users\User\miniconda3\envs\py3_11_9\Lib\site-packages\pycaret\internal\metrics.py", line 144, in __call__
    return self.score_func(y_true, y_pred, **kwargs)
           ^^^^^^^^^^^^^^^^^^^^^^^^^^^^^^^^^^^^^^^^^
  File "C:\Users\User\miniconda3\envs\py3_11_9\Lib\site-packages\sklearn\utils\_param_validation.py", line 213, in wrapper
    return func(*args, **kwargs)
           ^^^^^^^^^^^^^^^^^^^^^
  File "C:\Users\User\miniconda3\envs\py3_11_9\Lib\site-packages\sklearn\metrics\_ranking.py", line 634, in roc_auc_score
    return _multiclass_roc_auc_score(
           ^^^^^^^^^^^^^^^^^^^^^^^^^^
  File "C:\Users\User\miniconda3\envs\py3_11_9\Lib\site-packages\sklearn\metrics\_ranking.py", line 707, in _multiclass_roc_auc_score
    raise ValueError(
ValueError: Target scores need to be probabilities for multiclass roc_auc, i.e. they should sum up to 1.0 over classes

  warnings.warn(

2025-10-31 10:54:55,224:WARNING:C:\Users\User\miniconda3\envs\py3_11_9\Lib\site-packages\pycaret\internal\metrics.py:204: FitFailedWarning: Metric 'make_scorer(roc_auc_score, response_method=('decision_function', 'predict_proba'), average=weighted, multi_class=ovr)' failed and error score 0.0 has been returned instead. If this is a custom metric, this usually means that the error is in the metric code. Full exception below:
Traceback (most recent call last):
  File "C:\Users\User\miniconda3\envs\py3_11_9\Lib\site-packages\pycaret\internal\metrics.py", line 196, in _score
    return super()._score(
           ^^^^^^^^^^^^^^^
  File "C:\Users\User\miniconda3\envs\py3_11_9\Lib\site-packages\sklearn\metrics\_scorer.py", line 350, in _score
    return self._sign * self._score_func(y_true, y_pred, **scoring_kwargs)
                        ^^^^^^^^^^^^^^^^^^^^^^^^^^^^^^^^^^^^^^^^^^^^^^^^^^
  File "C:\Users\User\miniconda3\envs\py3_11_9\Lib\site-packages\pycaret\internal\metrics.py", line 144, in __call__
    return self.score_func(y_true, y_pred, **kwargs)
           ^^^^^^^^^^^^^^^^^^^^^^^^^^^^^^^^^^^^^^^^^
  File "C:\Users\User\miniconda3\envs\py3_11_9\Lib\site-packages\sklearn\utils\_param_validation.py", line 213, in wrapper
    return func(*args, **kwargs)
           ^^^^^^^^^^^^^^^^^^^^^
  File "C:\Users\User\miniconda3\envs\py3_11_9\Lib\site-packages\sklearn\metrics\_ranking.py", line 634, in roc_auc_score
    return _multiclass_roc_auc_score(
           ^^^^^^^^^^^^^^^^^^^^^^^^^^
  File "C:\Users\User\miniconda3\envs\py3_11_9\Lib\site-packages\sklearn\metrics\_ranking.py", line 707, in _multiclass_roc_auc_score
    raise ValueError(
ValueError: Target scores need to be probabilities for multiclass roc_auc, i.e. they should sum up to 1.0 over classes

  warnings.warn(

2025-10-31 10:54:55,232:WARNING:C:\Users\User\miniconda3\envs\py3_11_9\Lib\site-packages\pycaret\internal\metrics.py:204: FitFailedWarning: Metric 'make_scorer(roc_auc_score, response_method=('decision_function', 'predict_proba'), average=weighted, multi_class=ovr)' failed and error score 0.0 has been returned instead. If this is a custom metric, this usually means that the error is in the metric code. Full exception below:
Traceback (most recent call last):
  File "C:\Users\User\miniconda3\envs\py3_11_9\Lib\site-packages\pycaret\internal\metrics.py", line 196, in _score
    return super()._score(
           ^^^^^^^^^^^^^^^
  File "C:\Users\User\miniconda3\envs\py3_11_9\Lib\site-packages\sklearn\metrics\_scorer.py", line 350, in _score
    return self._sign * self._score_func(y_true, y_pred, **scoring_kwargs)
                        ^^^^^^^^^^^^^^^^^^^^^^^^^^^^^^^^^^^^^^^^^^^^^^^^^^
  File "C:\Users\User\miniconda3\envs\py3_11_9\Lib\site-packages\pycaret\internal\metrics.py", line 144, in __call__
    return self.score_func(y_true, y_pred, **kwargs)
           ^^^^^^^^^^^^^^^^^^^^^^^^^^^^^^^^^^^^^^^^^
  File "C:\Users\User\miniconda3\envs\py3_11_9\Lib\site-packages\sklearn\utils\_param_validation.py", line 213, in wrapper
    return func(*args, **kwargs)
           ^^^^^^^^^^^^^^^^^^^^^
  File "C:\Users\User\miniconda3\envs\py3_11_9\Lib\site-packages\sklearn\metrics\_ranking.py", line 634, in roc_auc_score
    return _multiclass_roc_auc_score(
           ^^^^^^^^^^^^^^^^^^^^^^^^^^
  File "C:\Users\User\miniconda3\envs\py3_11_9\Lib\site-packages\sklearn\metrics\_ranking.py", line 707, in _multiclass_roc_auc_score
    raise ValueError(
ValueError: Target scores need to be probabilities for multiclass roc_auc, i.e. they should sum up to 1.0 over classes

  warnings.warn(

2025-10-31 10:54:55,245:INFO:Calculating mean and std
2025-10-31 10:54:55,246:INFO:Creating metrics dataframe
2025-10-31 10:54:55,248:INFO:Uploading results into container
2025-10-31 10:54:55,248:INFO:Uploading model into container now
2025-10-31 10:54:55,249:INFO:_master_model_container: 8
2025-10-31 10:54:55,249:INFO:_display_container: 2
2025-10-31 10:54:55,249:INFO:QuadraticDiscriminantAnalysis(priors=None, reg_param=0.0,
                              store_covariance=False, tol=0.0001)
2025-10-31 10:54:55,249:INFO:create_model() successfully completed......................................
2025-10-31 10:54:55,308:INFO:SubProcess create_model() end ==================================
2025-10-31 10:54:55,308:INFO:Creating metrics dataframe
2025-10-31 10:54:55,313:INFO:Initializing Ada Boost Classifier
2025-10-31 10:54:55,313:INFO:Total runtime is 0.1452413558959961 minutes
2025-10-31 10:54:55,315:INFO:SubProcess create_model() called ==================================
2025-10-31 10:54:55,316:INFO:Initializing create_model()
2025-10-31 10:54:55,316:INFO:create_model(self=<pycaret.classification.oop.ClassificationExperiment object at 0x00000161773A0A10>, estimator=ada, fold=StratifiedKFold(n_splits=10, random_state=None, shuffle=False), round=4, cross_validation=True, predict=True, fit_kwargs={}, groups=None, refit=False, probability_threshold=None, experiment_custom_tags=None, verbose=False, system=False, add_to_model_list=True, metrics=None, display=<pycaret.internal.display.display.CommonDisplay object at 0x0000016177A28990>, model_only=True, return_train_score=False, error_score=0.0, kwargs={})
2025-10-31 10:54:55,316:INFO:Checking exceptions
2025-10-31 10:54:55,316:INFO:Importing libraries
2025-10-31 10:54:55,316:INFO:Copying training dataset
2025-10-31 10:54:55,319:INFO:Defining folds
2025-10-31 10:54:55,319:INFO:Declaring metric variables
2025-10-31 10:54:55,321:INFO:Importing untrained model
2025-10-31 10:54:55,329:INFO:Ada Boost Classifier Imported successfully
2025-10-31 10:54:55,348:INFO:Starting cross validation
2025-10-31 10:54:55,349:INFO:Cross validating with StratifiedKFold(n_splits=10, random_state=None, shuffle=False), n_jobs=-1
2025-10-31 10:54:55,374:WARNING:C:\Users\User\miniconda3\envs\py3_11_9\Lib\site-packages\sklearn\ensemble\_weight_boosting.py:519: FutureWarning: The SAMME.R algorithm (the default) is deprecated and will be removed in 1.6. Use the SAMME algorithm to circumvent this warning.
  warnings.warn(

2025-10-31 10:54:55,376:WARNING:C:\Users\User\miniconda3\envs\py3_11_9\Lib\site-packages\sklearn\ensemble\_weight_boosting.py:519: FutureWarning: The SAMME.R algorithm (the default) is deprecated and will be removed in 1.6. Use the SAMME algorithm to circumvent this warning.
  warnings.warn(

2025-10-31 10:54:55,381:WARNING:C:\Users\User\miniconda3\envs\py3_11_9\Lib\site-packages\sklearn\ensemble\_weight_boosting.py:519: FutureWarning: The SAMME.R algorithm (the default) is deprecated and will be removed in 1.6. Use the SAMME algorithm to circumvent this warning.
  warnings.warn(

2025-10-31 10:54:55,381:WARNING:C:\Users\User\miniconda3\envs\py3_11_9\Lib\site-packages\sklearn\ensemble\_weight_boosting.py:519: FutureWarning: The SAMME.R algorithm (the default) is deprecated and will be removed in 1.6. Use the SAMME algorithm to circumvent this warning.
  warnings.warn(

2025-10-31 10:54:55,381:WARNING:C:\Users\User\miniconda3\envs\py3_11_9\Lib\site-packages\sklearn\ensemble\_weight_boosting.py:519: FutureWarning: The SAMME.R algorithm (the default) is deprecated and will be removed in 1.6. Use the SAMME algorithm to circumvent this warning.
  warnings.warn(

2025-10-31 10:54:55,381:WARNING:C:\Users\User\miniconda3\envs\py3_11_9\Lib\site-packages\sklearn\ensemble\_weight_boosting.py:519: FutureWarning: The SAMME.R algorithm (the default) is deprecated and will be removed in 1.6. Use the SAMME algorithm to circumvent this warning.
  warnings.warn(

2025-10-31 10:54:55,381:WARNING:C:\Users\User\miniconda3\envs\py3_11_9\Lib\site-packages\sklearn\ensemble\_weight_boosting.py:519: FutureWarning: The SAMME.R algorithm (the default) is deprecated and will be removed in 1.6. Use the SAMME algorithm to circumvent this warning.
  warnings.warn(

2025-10-31 10:54:55,391:WARNING:C:\Users\User\miniconda3\envs\py3_11_9\Lib\site-packages\sklearn\ensemble\_weight_boosting.py:519: FutureWarning: The SAMME.R algorithm (the default) is deprecated and will be removed in 1.6. Use the SAMME algorithm to circumvent this warning.
  warnings.warn(

2025-10-31 10:54:55,392:WARNING:C:\Users\User\miniconda3\envs\py3_11_9\Lib\site-packages\sklearn\ensemble\_weight_boosting.py:519: FutureWarning: The SAMME.R algorithm (the default) is deprecated and will be removed in 1.6. Use the SAMME algorithm to circumvent this warning.
  warnings.warn(

2025-10-31 10:54:55,395:WARNING:C:\Users\User\miniconda3\envs\py3_11_9\Lib\site-packages\sklearn\ensemble\_weight_boosting.py:519: FutureWarning: The SAMME.R algorithm (the default) is deprecated and will be removed in 1.6. Use the SAMME algorithm to circumvent this warning.
  warnings.warn(

2025-10-31 10:54:55,551:WARNING:C:\Users\User\miniconda3\envs\py3_11_9\Lib\site-packages\pycaret\internal\metrics.py:204: FitFailedWarning: Metric 'make_scorer(roc_auc_score, response_method=('decision_function', 'predict_proba'), average=weighted, multi_class=ovr)' failed and error score 0.0 has been returned instead. If this is a custom metric, this usually means that the error is in the metric code. Full exception below:
Traceback (most recent call last):
  File "C:\Users\User\miniconda3\envs\py3_11_9\Lib\site-packages\pycaret\internal\metrics.py", line 196, in _score
    return super()._score(
           ^^^^^^^^^^^^^^^
  File "C:\Users\User\miniconda3\envs\py3_11_9\Lib\site-packages\sklearn\metrics\_scorer.py", line 350, in _score
    return self._sign * self._score_func(y_true, y_pred, **scoring_kwargs)
                        ^^^^^^^^^^^^^^^^^^^^^^^^^^^^^^^^^^^^^^^^^^^^^^^^^^
  File "C:\Users\User\miniconda3\envs\py3_11_9\Lib\site-packages\pycaret\internal\metrics.py", line 144, in __call__
    return self.score_func(y_true, y_pred, **kwargs)
           ^^^^^^^^^^^^^^^^^^^^^^^^^^^^^^^^^^^^^^^^^
  File "C:\Users\User\miniconda3\envs\py3_11_9\Lib\site-packages\sklearn\utils\_param_validation.py", line 213, in wrapper
    return func(*args, **kwargs)
           ^^^^^^^^^^^^^^^^^^^^^
  File "C:\Users\User\miniconda3\envs\py3_11_9\Lib\site-packages\sklearn\metrics\_ranking.py", line 634, in roc_auc_score
    return _multiclass_roc_auc_score(
           ^^^^^^^^^^^^^^^^^^^^^^^^^^
  File "C:\Users\User\miniconda3\envs\py3_11_9\Lib\site-packages\sklearn\metrics\_ranking.py", line 707, in _multiclass_roc_auc_score
    raise ValueError(
ValueError: Target scores need to be probabilities for multiclass roc_auc, i.e. they should sum up to 1.0 over classes

  warnings.warn(

2025-10-31 10:54:55,555:WARNING:C:\Users\User\miniconda3\envs\py3_11_9\Lib\site-packages\pycaret\internal\metrics.py:204: FitFailedWarning: Metric 'make_scorer(roc_auc_score, response_method=('decision_function', 'predict_proba'), average=weighted, multi_class=ovr)' failed and error score 0.0 has been returned instead. If this is a custom metric, this usually means that the error is in the metric code. Full exception below:
Traceback (most recent call last):
  File "C:\Users\User\miniconda3\envs\py3_11_9\Lib\site-packages\pycaret\internal\metrics.py", line 196, in _score
    return super()._score(
           ^^^^^^^^^^^^^^^
  File "C:\Users\User\miniconda3\envs\py3_11_9\Lib\site-packages\sklearn\metrics\_scorer.py", line 350, in _score
    return self._sign * self._score_func(y_true, y_pred, **scoring_kwargs)
                        ^^^^^^^^^^^^^^^^^^^^^^^^^^^^^^^^^^^^^^^^^^^^^^^^^^
  File "C:\Users\User\miniconda3\envs\py3_11_9\Lib\site-packages\pycaret\internal\metrics.py", line 144, in __call__
    return self.score_func(y_true, y_pred, **kwargs)
           ^^^^^^^^^^^^^^^^^^^^^^^^^^^^^^^^^^^^^^^^^
  File "C:\Users\User\miniconda3\envs\py3_11_9\Lib\site-packages\sklearn\utils\_param_validation.py", line 213, in wrapper
    return func(*args, **kwargs)
           ^^^^^^^^^^^^^^^^^^^^^
  File "C:\Users\User\miniconda3\envs\py3_11_9\Lib\site-packages\sklearn\metrics\_ranking.py", line 634, in roc_auc_score
    return _multiclass_roc_auc_score(
           ^^^^^^^^^^^^^^^^^^^^^^^^^^
  File "C:\Users\User\miniconda3\envs\py3_11_9\Lib\site-packages\sklearn\metrics\_ranking.py", line 707, in _multiclass_roc_auc_score
    raise ValueError(
ValueError: Target scores need to be probabilities for multiclass roc_auc, i.e. they should sum up to 1.0 over classes

  warnings.warn(

2025-10-31 10:54:55,555:WARNING:C:\Users\User\miniconda3\envs\py3_11_9\Lib\site-packages\pycaret\internal\metrics.py:204: FitFailedWarning: Metric 'make_scorer(roc_auc_score, response_method=('decision_function', 'predict_proba'), average=weighted, multi_class=ovr)' failed and error score 0.0 has been returned instead. If this is a custom metric, this usually means that the error is in the metric code. Full exception below:
Traceback (most recent call last):
  File "C:\Users\User\miniconda3\envs\py3_11_9\Lib\site-packages\pycaret\internal\metrics.py", line 196, in _score
    return super()._score(
           ^^^^^^^^^^^^^^^
  File "C:\Users\User\miniconda3\envs\py3_11_9\Lib\site-packages\sklearn\metrics\_scorer.py", line 350, in _score
    return self._sign * self._score_func(y_true, y_pred, **scoring_kwargs)
                        ^^^^^^^^^^^^^^^^^^^^^^^^^^^^^^^^^^^^^^^^^^^^^^^^^^
  File "C:\Users\User\miniconda3\envs\py3_11_9\Lib\site-packages\pycaret\internal\metrics.py", line 144, in __call__
    return self.score_func(y_true, y_pred, **kwargs)
           ^^^^^^^^^^^^^^^^^^^^^^^^^^^^^^^^^^^^^^^^^
  File "C:\Users\User\miniconda3\envs\py3_11_9\Lib\site-packages\sklearn\utils\_param_validation.py", line 213, in wrapper
    return func(*args, **kwargs)
           ^^^^^^^^^^^^^^^^^^^^^
  File "C:\Users\User\miniconda3\envs\py3_11_9\Lib\site-packages\sklearn\metrics\_ranking.py", line 634, in roc_auc_score
    return _multiclass_roc_auc_score(
           ^^^^^^^^^^^^^^^^^^^^^^^^^^
  File "C:\Users\User\miniconda3\envs\py3_11_9\Lib\site-packages\sklearn\metrics\_ranking.py", line 707, in _multiclass_roc_auc_score
    raise ValueError(
ValueError: Target scores need to be probabilities for multiclass roc_auc, i.e. they should sum up to 1.0 over classes

  warnings.warn(

2025-10-31 10:54:55,563:WARNING:C:\Users\User\miniconda3\envs\py3_11_9\Lib\site-packages\pycaret\internal\metrics.py:204: FitFailedWarning: Metric 'make_scorer(roc_auc_score, response_method=('decision_function', 'predict_proba'), average=weighted, multi_class=ovr)' failed and error score 0.0 has been returned instead. If this is a custom metric, this usually means that the error is in the metric code. Full exception below:
Traceback (most recent call last):
  File "C:\Users\User\miniconda3\envs\py3_11_9\Lib\site-packages\pycaret\internal\metrics.py", line 196, in _score
    return super()._score(
           ^^^^^^^^^^^^^^^
  File "C:\Users\User\miniconda3\envs\py3_11_9\Lib\site-packages\sklearn\metrics\_scorer.py", line 350, in _score
    return self._sign * self._score_func(y_true, y_pred, **scoring_kwargs)
                        ^^^^^^^^^^^^^^^^^^^^^^^^^^^^^^^^^^^^^^^^^^^^^^^^^^
  File "C:\Users\User\miniconda3\envs\py3_11_9\Lib\site-packages\pycaret\internal\metrics.py", line 144, in __call__
    return self.score_func(y_true, y_pred, **kwargs)
           ^^^^^^^^^^^^^^^^^^^^^^^^^^^^^^^^^^^^^^^^^
  File "C:\Users\User\miniconda3\envs\py3_11_9\Lib\site-packages\sklearn\utils\_param_validation.py", line 213, in wrapper
    return func(*args, **kwargs)
           ^^^^^^^^^^^^^^^^^^^^^
  File "C:\Users\User\miniconda3\envs\py3_11_9\Lib\site-packages\sklearn\metrics\_ranking.py", line 634, in roc_auc_score
    return _multiclass_roc_auc_score(
           ^^^^^^^^^^^^^^^^^^^^^^^^^^
  File "C:\Users\User\miniconda3\envs\py3_11_9\Lib\site-packages\sklearn\metrics\_ranking.py", line 707, in _multiclass_roc_auc_score
    raise ValueError(
ValueError: Target scores need to be probabilities for multiclass roc_auc, i.e. they should sum up to 1.0 over classes

  warnings.warn(

2025-10-31 10:54:55,566:WARNING:C:\Users\User\miniconda3\envs\py3_11_9\Lib\site-packages\pycaret\internal\metrics.py:204: FitFailedWarning: Metric 'make_scorer(roc_auc_score, response_method=('decision_function', 'predict_proba'), average=weighted, multi_class=ovr)' failed and error score 0.0 has been returned instead. If this is a custom metric, this usually means that the error is in the metric code. Full exception below:
Traceback (most recent call last):
  File "C:\Users\User\miniconda3\envs\py3_11_9\Lib\site-packages\pycaret\internal\metrics.py", line 196, in _score
    return super()._score(
           ^^^^^^^^^^^^^^^
  File "C:\Users\User\miniconda3\envs\py3_11_9\Lib\site-packages\sklearn\metrics\_scorer.py", line 350, in _score
    return self._sign * self._score_func(y_true, y_pred, **scoring_kwargs)
                        ^^^^^^^^^^^^^^^^^^^^^^^^^^^^^^^^^^^^^^^^^^^^^^^^^^
  File "C:\Users\User\miniconda3\envs\py3_11_9\Lib\site-packages\pycaret\internal\metrics.py", line 144, in __call__
    return self.score_func(y_true, y_pred, **kwargs)
           ^^^^^^^^^^^^^^^^^^^^^^^^^^^^^^^^^^^^^^^^^
  File "C:\Users\User\miniconda3\envs\py3_11_9\Lib\site-packages\sklearn\utils\_param_validation.py", line 213, in wrapper
    return func(*args, **kwargs)
           ^^^^^^^^^^^^^^^^^^^^^
  File "C:\Users\User\miniconda3\envs\py3_11_9\Lib\site-packages\sklearn\metrics\_ranking.py", line 634, in roc_auc_score
    return _multiclass_roc_auc_score(
           ^^^^^^^^^^^^^^^^^^^^^^^^^^
  File "C:\Users\User\miniconda3\envs\py3_11_9\Lib\site-packages\sklearn\metrics\_ranking.py", line 707, in _multiclass_roc_auc_score
    raise ValueError(
ValueError: Target scores need to be probabilities for multiclass roc_auc, i.e. they should sum up to 1.0 over classes

  warnings.warn(

2025-10-31 10:54:55,569:WARNING:C:\Users\User\miniconda3\envs\py3_11_9\Lib\site-packages\pycaret\internal\metrics.py:204: FitFailedWarning: Metric 'make_scorer(roc_auc_score, response_method=('decision_function', 'predict_proba'), average=weighted, multi_class=ovr)' failed and error score 0.0 has been returned instead. If this is a custom metric, this usually means that the error is in the metric code. Full exception below:
Traceback (most recent call last):
  File "C:\Users\User\miniconda3\envs\py3_11_9\Lib\site-packages\pycaret\internal\metrics.py", line 196, in _score
    return super()._score(
           ^^^^^^^^^^^^^^^
  File "C:\Users\User\miniconda3\envs\py3_11_9\Lib\site-packages\sklearn\metrics\_scorer.py", line 350, in _score
    return self._sign * self._score_func(y_true, y_pred, **scoring_kwargs)
                        ^^^^^^^^^^^^^^^^^^^^^^^^^^^^^^^^^^^^^^^^^^^^^^^^^^
  File "C:\Users\User\miniconda3\envs\py3_11_9\Lib\site-packages\pycaret\internal\metrics.py", line 144, in __call__
    return self.score_func(y_true, y_pred, **kwargs)
           ^^^^^^^^^^^^^^^^^^^^^^^^^^^^^^^^^^^^^^^^^
  File "C:\Users\User\miniconda3\envs\py3_11_9\Lib\site-packages\sklearn\utils\_param_validation.py", line 213, in wrapper
    return func(*args, **kwargs)
           ^^^^^^^^^^^^^^^^^^^^^
  File "C:\Users\User\miniconda3\envs\py3_11_9\Lib\site-packages\sklearn\metrics\_ranking.py", line 634, in roc_auc_score
    return _multiclass_roc_auc_score(
           ^^^^^^^^^^^^^^^^^^^^^^^^^^
  File "C:\Users\User\miniconda3\envs\py3_11_9\Lib\site-packages\sklearn\metrics\_ranking.py", line 707, in _multiclass_roc_auc_score
    raise ValueError(
ValueError: Target scores need to be probabilities for multiclass roc_auc, i.e. they should sum up to 1.0 over classes

  warnings.warn(

2025-10-31 10:54:55,578:WARNING:C:\Users\User\miniconda3\envs\py3_11_9\Lib\site-packages\pycaret\internal\metrics.py:204: FitFailedWarning: Metric 'make_scorer(roc_auc_score, response_method=('decision_function', 'predict_proba'), average=weighted, multi_class=ovr)' failed and error score 0.0 has been returned instead. If this is a custom metric, this usually means that the error is in the metric code. Full exception below:
Traceback (most recent call last):
  File "C:\Users\User\miniconda3\envs\py3_11_9\Lib\site-packages\pycaret\internal\metrics.py", line 196, in _score
    return super()._score(
           ^^^^^^^^^^^^^^^
  File "C:\Users\User\miniconda3\envs\py3_11_9\Lib\site-packages\sklearn\metrics\_scorer.py", line 350, in _score
    return self._sign * self._score_func(y_true, y_pred, **scoring_kwargs)
                        ^^^^^^^^^^^^^^^^^^^^^^^^^^^^^^^^^^^^^^^^^^^^^^^^^^
  File "C:\Users\User\miniconda3\envs\py3_11_9\Lib\site-packages\pycaret\internal\metrics.py", line 144, in __call__
    return self.score_func(y_true, y_pred, **kwargs)
           ^^^^^^^^^^^^^^^^^^^^^^^^^^^^^^^^^^^^^^^^^
  File "C:\Users\User\miniconda3\envs\py3_11_9\Lib\site-packages\sklearn\utils\_param_validation.py", line 213, in wrapper
    return func(*args, **kwargs)
           ^^^^^^^^^^^^^^^^^^^^^
  File "C:\Users\User\miniconda3\envs\py3_11_9\Lib\site-packages\sklearn\metrics\_ranking.py", line 634, in roc_auc_score
    return _multiclass_roc_auc_score(
           ^^^^^^^^^^^^^^^^^^^^^^^^^^
  File "C:\Users\User\miniconda3\envs\py3_11_9\Lib\site-packages\sklearn\metrics\_ranking.py", line 707, in _multiclass_roc_auc_score
    raise ValueError(
ValueError: Target scores need to be probabilities for multiclass roc_auc, i.e. they should sum up to 1.0 over classes

  warnings.warn(

2025-10-31 10:54:55,584:WARNING:C:\Users\User\miniconda3\envs\py3_11_9\Lib\site-packages\pycaret\internal\metrics.py:204: FitFailedWarning: Metric 'make_scorer(roc_auc_score, response_method=('decision_function', 'predict_proba'), average=weighted, multi_class=ovr)' failed and error score 0.0 has been returned instead. If this is a custom metric, this usually means that the error is in the metric code. Full exception below:
Traceback (most recent call last):
  File "C:\Users\User\miniconda3\envs\py3_11_9\Lib\site-packages\pycaret\internal\metrics.py", line 196, in _score
    return super()._score(
           ^^^^^^^^^^^^^^^
  File "C:\Users\User\miniconda3\envs\py3_11_9\Lib\site-packages\sklearn\metrics\_scorer.py", line 350, in _score
    return self._sign * self._score_func(y_true, y_pred, **scoring_kwargs)
                        ^^^^^^^^^^^^^^^^^^^^^^^^^^^^^^^^^^^^^^^^^^^^^^^^^^
  File "C:\Users\User\miniconda3\envs\py3_11_9\Lib\site-packages\pycaret\internal\metrics.py", line 144, in __call__
    return self.score_func(y_true, y_pred, **kwargs)
           ^^^^^^^^^^^^^^^^^^^^^^^^^^^^^^^^^^^^^^^^^
  File "C:\Users\User\miniconda3\envs\py3_11_9\Lib\site-packages\sklearn\utils\_param_validation.py", line 213, in wrapper
    return func(*args, **kwargs)
           ^^^^^^^^^^^^^^^^^^^^^
  File "C:\Users\User\miniconda3\envs\py3_11_9\Lib\site-packages\sklearn\metrics\_ranking.py", line 634, in roc_auc_score
    return _multiclass_roc_auc_score(
           ^^^^^^^^^^^^^^^^^^^^^^^^^^
  File "C:\Users\User\miniconda3\envs\py3_11_9\Lib\site-packages\sklearn\metrics\_ranking.py", line 707, in _multiclass_roc_auc_score
    raise ValueError(
ValueError: Target scores need to be probabilities for multiclass roc_auc, i.e. they should sum up to 1.0 over classes

  warnings.warn(

2025-10-31 10:54:55,585:WARNING:C:\Users\User\miniconda3\envs\py3_11_9\Lib\site-packages\pycaret\internal\metrics.py:204: FitFailedWarning: Metric 'make_scorer(roc_auc_score, response_method=('decision_function', 'predict_proba'), average=weighted, multi_class=ovr)' failed and error score 0.0 has been returned instead. If this is a custom metric, this usually means that the error is in the metric code. Full exception below:
Traceback (most recent call last):
  File "C:\Users\User\miniconda3\envs\py3_11_9\Lib\site-packages\pycaret\internal\metrics.py", line 196, in _score
    return super()._score(
           ^^^^^^^^^^^^^^^
  File "C:\Users\User\miniconda3\envs\py3_11_9\Lib\site-packages\sklearn\metrics\_scorer.py", line 350, in _score
    return self._sign * self._score_func(y_true, y_pred, **scoring_kwargs)
                        ^^^^^^^^^^^^^^^^^^^^^^^^^^^^^^^^^^^^^^^^^^^^^^^^^^
  File "C:\Users\User\miniconda3\envs\py3_11_9\Lib\site-packages\pycaret\internal\metrics.py", line 144, in __call__
    return self.score_func(y_true, y_pred, **kwargs)
           ^^^^^^^^^^^^^^^^^^^^^^^^^^^^^^^^^^^^^^^^^
  File "C:\Users\User\miniconda3\envs\py3_11_9\Lib\site-packages\sklearn\utils\_param_validation.py", line 213, in wrapper
    return func(*args, **kwargs)
           ^^^^^^^^^^^^^^^^^^^^^
  File "C:\Users\User\miniconda3\envs\py3_11_9\Lib\site-packages\sklearn\metrics\_ranking.py", line 634, in roc_auc_score
    return _multiclass_roc_auc_score(
           ^^^^^^^^^^^^^^^^^^^^^^^^^^
  File "C:\Users\User\miniconda3\envs\py3_11_9\Lib\site-packages\sklearn\metrics\_ranking.py", line 707, in _multiclass_roc_auc_score
    raise ValueError(
ValueError: Target scores need to be probabilities for multiclass roc_auc, i.e. they should sum up to 1.0 over classes

  warnings.warn(

2025-10-31 10:54:55,586:WARNING:C:\Users\User\miniconda3\envs\py3_11_9\Lib\site-packages\pycaret\internal\metrics.py:204: FitFailedWarning: Metric 'make_scorer(roc_auc_score, response_method=('decision_function', 'predict_proba'), average=weighted, multi_class=ovr)' failed and error score 0.0 has been returned instead. If this is a custom metric, this usually means that the error is in the metric code. Full exception below:
Traceback (most recent call last):
  File "C:\Users\User\miniconda3\envs\py3_11_9\Lib\site-packages\pycaret\internal\metrics.py", line 196, in _score
    return super()._score(
           ^^^^^^^^^^^^^^^
  File "C:\Users\User\miniconda3\envs\py3_11_9\Lib\site-packages\sklearn\metrics\_scorer.py", line 350, in _score
    return self._sign * self._score_func(y_true, y_pred, **scoring_kwargs)
                        ^^^^^^^^^^^^^^^^^^^^^^^^^^^^^^^^^^^^^^^^^^^^^^^^^^
  File "C:\Users\User\miniconda3\envs\py3_11_9\Lib\site-packages\pycaret\internal\metrics.py", line 144, in __call__
    return self.score_func(y_true, y_pred, **kwargs)
           ^^^^^^^^^^^^^^^^^^^^^^^^^^^^^^^^^^^^^^^^^
  File "C:\Users\User\miniconda3\envs\py3_11_9\Lib\site-packages\sklearn\utils\_param_validation.py", line 213, in wrapper
    return func(*args, **kwargs)
           ^^^^^^^^^^^^^^^^^^^^^
  File "C:\Users\User\miniconda3\envs\py3_11_9\Lib\site-packages\sklearn\metrics\_ranking.py", line 634, in roc_auc_score
    return _multiclass_roc_auc_score(
           ^^^^^^^^^^^^^^^^^^^^^^^^^^
  File "C:\Users\User\miniconda3\envs\py3_11_9\Lib\site-packages\sklearn\metrics\_ranking.py", line 707, in _multiclass_roc_auc_score
    raise ValueError(
ValueError: Target scores need to be probabilities for multiclass roc_auc, i.e. they should sum up to 1.0 over classes

  warnings.warn(

2025-10-31 10:54:55,608:INFO:Calculating mean and std
2025-10-31 10:54:55,610:INFO:Creating metrics dataframe
2025-10-31 10:54:55,610:INFO:Uploading results into container
2025-10-31 10:54:55,610:INFO:Uploading model into container now
2025-10-31 10:54:55,610:INFO:_master_model_container: 9
2025-10-31 10:54:55,610:INFO:_display_container: 2
2025-10-31 10:54:55,610:INFO:AdaBoostClassifier(algorithm='SAMME.R', estimator=None, learning_rate=1.0,
                   n_estimators=50, random_state=123)
2025-10-31 10:54:55,610:INFO:create_model() successfully completed......................................
2025-10-31 10:54:55,656:INFO:SubProcess create_model() end ==================================
2025-10-31 10:54:55,656:INFO:Creating metrics dataframe
2025-10-31 10:54:55,674:INFO:Initializing Gradient Boosting Classifier
2025-10-31 10:54:55,674:INFO:Total runtime is 0.15126027266184489 minutes
2025-10-31 10:54:55,677:INFO:SubProcess create_model() called ==================================
2025-10-31 10:54:55,677:INFO:Initializing create_model()
2025-10-31 10:54:55,677:INFO:create_model(self=<pycaret.classification.oop.ClassificationExperiment object at 0x00000161773A0A10>, estimator=gbc, fold=StratifiedKFold(n_splits=10, random_state=None, shuffle=False), round=4, cross_validation=True, predict=True, fit_kwargs={}, groups=None, refit=False, probability_threshold=None, experiment_custom_tags=None, verbose=False, system=False, add_to_model_list=True, metrics=None, display=<pycaret.internal.display.display.CommonDisplay object at 0x0000016177A28990>, model_only=True, return_train_score=False, error_score=0.0, kwargs={})
2025-10-31 10:54:55,677:INFO:Checking exceptions
2025-10-31 10:54:55,677:INFO:Importing libraries
2025-10-31 10:54:55,677:INFO:Copying training dataset
2025-10-31 10:54:55,680:INFO:Defining folds
2025-10-31 10:54:55,680:INFO:Declaring metric variables
2025-10-31 10:54:55,682:INFO:Importing untrained model
2025-10-31 10:54:55,684:INFO:Gradient Boosting Classifier Imported successfully
2025-10-31 10:54:55,689:INFO:Starting cross validation
2025-10-31 10:54:55,689:INFO:Cross validating with StratifiedKFold(n_splits=10, random_state=None, shuffle=False), n_jobs=-1
2025-10-31 10:54:56,315:WARNING:C:\Users\User\miniconda3\envs\py3_11_9\Lib\site-packages\pycaret\internal\metrics.py:204: FitFailedWarning: Metric 'make_scorer(roc_auc_score, response_method=('decision_function', 'predict_proba'), average=weighted, multi_class=ovr)' failed and error score 0.0 has been returned instead. If this is a custom metric, this usually means that the error is in the metric code. Full exception below:
Traceback (most recent call last):
  File "C:\Users\User\miniconda3\envs\py3_11_9\Lib\site-packages\pycaret\internal\metrics.py", line 196, in _score
    return super()._score(
           ^^^^^^^^^^^^^^^
  File "C:\Users\User\miniconda3\envs\py3_11_9\Lib\site-packages\sklearn\metrics\_scorer.py", line 350, in _score
    return self._sign * self._score_func(y_true, y_pred, **scoring_kwargs)
                        ^^^^^^^^^^^^^^^^^^^^^^^^^^^^^^^^^^^^^^^^^^^^^^^^^^
  File "C:\Users\User\miniconda3\envs\py3_11_9\Lib\site-packages\pycaret\internal\metrics.py", line 144, in __call__
    return self.score_func(y_true, y_pred, **kwargs)
           ^^^^^^^^^^^^^^^^^^^^^^^^^^^^^^^^^^^^^^^^^
  File "C:\Users\User\miniconda3\envs\py3_11_9\Lib\site-packages\sklearn\utils\_param_validation.py", line 213, in wrapper
    return func(*args, **kwargs)
           ^^^^^^^^^^^^^^^^^^^^^
  File "C:\Users\User\miniconda3\envs\py3_11_9\Lib\site-packages\sklearn\metrics\_ranking.py", line 634, in roc_auc_score
    return _multiclass_roc_auc_score(
           ^^^^^^^^^^^^^^^^^^^^^^^^^^
  File "C:\Users\User\miniconda3\envs\py3_11_9\Lib\site-packages\sklearn\metrics\_ranking.py", line 707, in _multiclass_roc_auc_score
    raise ValueError(
ValueError: Target scores need to be probabilities for multiclass roc_auc, i.e. they should sum up to 1.0 over classes

  warnings.warn(

2025-10-31 10:54:56,315:WARNING:C:\Users\User\miniconda3\envs\py3_11_9\Lib\site-packages\pycaret\internal\metrics.py:204: FitFailedWarning: Metric 'make_scorer(roc_auc_score, response_method=('decision_function', 'predict_proba'), average=weighted, multi_class=ovr)' failed and error score 0.0 has been returned instead. If this is a custom metric, this usually means that the error is in the metric code. Full exception below:
Traceback (most recent call last):
  File "C:\Users\User\miniconda3\envs\py3_11_9\Lib\site-packages\pycaret\internal\metrics.py", line 196, in _score
    return super()._score(
           ^^^^^^^^^^^^^^^
  File "C:\Users\User\miniconda3\envs\py3_11_9\Lib\site-packages\sklearn\metrics\_scorer.py", line 350, in _score
    return self._sign * self._score_func(y_true, y_pred, **scoring_kwargs)
                        ^^^^^^^^^^^^^^^^^^^^^^^^^^^^^^^^^^^^^^^^^^^^^^^^^^
  File "C:\Users\User\miniconda3\envs\py3_11_9\Lib\site-packages\pycaret\internal\metrics.py", line 144, in __call__
    return self.score_func(y_true, y_pred, **kwargs)
           ^^^^^^^^^^^^^^^^^^^^^^^^^^^^^^^^^^^^^^^^^
  File "C:\Users\User\miniconda3\envs\py3_11_9\Lib\site-packages\sklearn\utils\_param_validation.py", line 213, in wrapper
    return func(*args, **kwargs)
           ^^^^^^^^^^^^^^^^^^^^^
  File "C:\Users\User\miniconda3\envs\py3_11_9\Lib\site-packages\sklearn\metrics\_ranking.py", line 634, in roc_auc_score
    return _multiclass_roc_auc_score(
           ^^^^^^^^^^^^^^^^^^^^^^^^^^
  File "C:\Users\User\miniconda3\envs\py3_11_9\Lib\site-packages\sklearn\metrics\_ranking.py", line 707, in _multiclass_roc_auc_score
    raise ValueError(
ValueError: Target scores need to be probabilities for multiclass roc_auc, i.e. they should sum up to 1.0 over classes

  warnings.warn(

2025-10-31 10:54:56,325:WARNING:C:\Users\User\miniconda3\envs\py3_11_9\Lib\site-packages\pycaret\internal\metrics.py:204: FitFailedWarning: Metric 'make_scorer(roc_auc_score, response_method=('decision_function', 'predict_proba'), average=weighted, multi_class=ovr)' failed and error score 0.0 has been returned instead. If this is a custom metric, this usually means that the error is in the metric code. Full exception below:
Traceback (most recent call last):
  File "C:\Users\User\miniconda3\envs\py3_11_9\Lib\site-packages\pycaret\internal\metrics.py", line 196, in _score
    return super()._score(
           ^^^^^^^^^^^^^^^
  File "C:\Users\User\miniconda3\envs\py3_11_9\Lib\site-packages\sklearn\metrics\_scorer.py", line 350, in _score
    return self._sign * self._score_func(y_true, y_pred, **scoring_kwargs)
                        ^^^^^^^^^^^^^^^^^^^^^^^^^^^^^^^^^^^^^^^^^^^^^^^^^^
  File "C:\Users\User\miniconda3\envs\py3_11_9\Lib\site-packages\pycaret\internal\metrics.py", line 144, in __call__
    return self.score_func(y_true, y_pred, **kwargs)
           ^^^^^^^^^^^^^^^^^^^^^^^^^^^^^^^^^^^^^^^^^
  File "C:\Users\User\miniconda3\envs\py3_11_9\Lib\site-packages\sklearn\utils\_param_validation.py", line 213, in wrapper
    return func(*args, **kwargs)
           ^^^^^^^^^^^^^^^^^^^^^
  File "C:\Users\User\miniconda3\envs\py3_11_9\Lib\site-packages\sklearn\metrics\_ranking.py", line 634, in roc_auc_score
    return _multiclass_roc_auc_score(
           ^^^^^^^^^^^^^^^^^^^^^^^^^^
  File "C:\Users\User\miniconda3\envs\py3_11_9\Lib\site-packages\sklearn\metrics\_ranking.py", line 707, in _multiclass_roc_auc_score
    raise ValueError(
ValueError: Target scores need to be probabilities for multiclass roc_auc, i.e. they should sum up to 1.0 over classes

  warnings.warn(

2025-10-31 10:54:56,336:WARNING:C:\Users\User\miniconda3\envs\py3_11_9\Lib\site-packages\pycaret\internal\metrics.py:204: FitFailedWarning: Metric 'make_scorer(roc_auc_score, response_method=('decision_function', 'predict_proba'), average=weighted, multi_class=ovr)' failed and error score 0.0 has been returned instead. If this is a custom metric, this usually means that the error is in the metric code. Full exception below:
Traceback (most recent call last):
  File "C:\Users\User\miniconda3\envs\py3_11_9\Lib\site-packages\pycaret\internal\metrics.py", line 196, in _score
    return super()._score(
           ^^^^^^^^^^^^^^^
  File "C:\Users\User\miniconda3\envs\py3_11_9\Lib\site-packages\sklearn\metrics\_scorer.py", line 350, in _score
    return self._sign * self._score_func(y_true, y_pred, **scoring_kwargs)
                        ^^^^^^^^^^^^^^^^^^^^^^^^^^^^^^^^^^^^^^^^^^^^^^^^^^
  File "C:\Users\User\miniconda3\envs\py3_11_9\Lib\site-packages\pycaret\internal\metrics.py", line 144, in __call__
    return self.score_func(y_true, y_pred, **kwargs)
           ^^^^^^^^^^^^^^^^^^^^^^^^^^^^^^^^^^^^^^^^^
  File "C:\Users\User\miniconda3\envs\py3_11_9\Lib\site-packages\sklearn\utils\_param_validation.py", line 213, in wrapper
    return func(*args, **kwargs)
           ^^^^^^^^^^^^^^^^^^^^^
  File "C:\Users\User\miniconda3\envs\py3_11_9\Lib\site-packages\sklearn\metrics\_ranking.py", line 634, in roc_auc_score
    return _multiclass_roc_auc_score(
           ^^^^^^^^^^^^^^^^^^^^^^^^^^
  File "C:\Users\User\miniconda3\envs\py3_11_9\Lib\site-packages\sklearn\metrics\_ranking.py", line 707, in _multiclass_roc_auc_score
    raise ValueError(
ValueError: Target scores need to be probabilities for multiclass roc_auc, i.e. they should sum up to 1.0 over classes

  warnings.warn(

2025-10-31 10:54:56,340:WARNING:C:\Users\User\miniconda3\envs\py3_11_9\Lib\site-packages\pycaret\internal\metrics.py:204: FitFailedWarning: Metric 'make_scorer(roc_auc_score, response_method=('decision_function', 'predict_proba'), average=weighted, multi_class=ovr)' failed and error score 0.0 has been returned instead. If this is a custom metric, this usually means that the error is in the metric code. Full exception below:
Traceback (most recent call last):
  File "C:\Users\User\miniconda3\envs\py3_11_9\Lib\site-packages\pycaret\internal\metrics.py", line 196, in _score
    return super()._score(
           ^^^^^^^^^^^^^^^
  File "C:\Users\User\miniconda3\envs\py3_11_9\Lib\site-packages\sklearn\metrics\_scorer.py", line 350, in _score
    return self._sign * self._score_func(y_true, y_pred, **scoring_kwargs)
                        ^^^^^^^^^^^^^^^^^^^^^^^^^^^^^^^^^^^^^^^^^^^^^^^^^^
  File "C:\Users\User\miniconda3\envs\py3_11_9\Lib\site-packages\pycaret\internal\metrics.py", line 144, in __call__
    return self.score_func(y_true, y_pred, **kwargs)
           ^^^^^^^^^^^^^^^^^^^^^^^^^^^^^^^^^^^^^^^^^
  File "C:\Users\User\miniconda3\envs\py3_11_9\Lib\site-packages\sklearn\utils\_param_validation.py", line 213, in wrapper
    return func(*args, **kwargs)
           ^^^^^^^^^^^^^^^^^^^^^
  File "C:\Users\User\miniconda3\envs\py3_11_9\Lib\site-packages\sklearn\metrics\_ranking.py", line 634, in roc_auc_score
    return _multiclass_roc_auc_score(
           ^^^^^^^^^^^^^^^^^^^^^^^^^^
  File "C:\Users\User\miniconda3\envs\py3_11_9\Lib\site-packages\sklearn\metrics\_ranking.py", line 707, in _multiclass_roc_auc_score
    raise ValueError(
ValueError: Target scores need to be probabilities for multiclass roc_auc, i.e. they should sum up to 1.0 over classes

  warnings.warn(

2025-10-31 10:54:56,341:WARNING:C:\Users\User\miniconda3\envs\py3_11_9\Lib\site-packages\pycaret\internal\metrics.py:204: FitFailedWarning: Metric 'make_scorer(roc_auc_score, response_method=('decision_function', 'predict_proba'), average=weighted, multi_class=ovr)' failed and error score 0.0 has been returned instead. If this is a custom metric, this usually means that the error is in the metric code. Full exception below:
Traceback (most recent call last):
  File "C:\Users\User\miniconda3\envs\py3_11_9\Lib\site-packages\pycaret\internal\metrics.py", line 196, in _score
    return super()._score(
           ^^^^^^^^^^^^^^^
  File "C:\Users\User\miniconda3\envs\py3_11_9\Lib\site-packages\sklearn\metrics\_scorer.py", line 350, in _score
    return self._sign * self._score_func(y_true, y_pred, **scoring_kwargs)
                        ^^^^^^^^^^^^^^^^^^^^^^^^^^^^^^^^^^^^^^^^^^^^^^^^^^
  File "C:\Users\User\miniconda3\envs\py3_11_9\Lib\site-packages\pycaret\internal\metrics.py", line 144, in __call__
    return self.score_func(y_true, y_pred, **kwargs)
           ^^^^^^^^^^^^^^^^^^^^^^^^^^^^^^^^^^^^^^^^^
  File "C:\Users\User\miniconda3\envs\py3_11_9\Lib\site-packages\sklearn\utils\_param_validation.py", line 213, in wrapper
    return func(*args, **kwargs)
           ^^^^^^^^^^^^^^^^^^^^^
  File "C:\Users\User\miniconda3\envs\py3_11_9\Lib\site-packages\sklearn\metrics\_ranking.py", line 634, in roc_auc_score
    return _multiclass_roc_auc_score(
           ^^^^^^^^^^^^^^^^^^^^^^^^^^
  File "C:\Users\User\miniconda3\envs\py3_11_9\Lib\site-packages\sklearn\metrics\_ranking.py", line 707, in _multiclass_roc_auc_score
    raise ValueError(
ValueError: Target scores need to be probabilities for multiclass roc_auc, i.e. they should sum up to 1.0 over classes

  warnings.warn(

2025-10-31 10:54:56,345:WARNING:C:\Users\User\miniconda3\envs\py3_11_9\Lib\site-packages\pycaret\internal\metrics.py:204: FitFailedWarning: Metric 'make_scorer(roc_auc_score, response_method=('decision_function', 'predict_proba'), average=weighted, multi_class=ovr)' failed and error score 0.0 has been returned instead. If this is a custom metric, this usually means that the error is in the metric code. Full exception below:
Traceback (most recent call last):
  File "C:\Users\User\miniconda3\envs\py3_11_9\Lib\site-packages\pycaret\internal\metrics.py", line 196, in _score
    return super()._score(
           ^^^^^^^^^^^^^^^
  File "C:\Users\User\miniconda3\envs\py3_11_9\Lib\site-packages\sklearn\metrics\_scorer.py", line 350, in _score
    return self._sign * self._score_func(y_true, y_pred, **scoring_kwargs)
                        ^^^^^^^^^^^^^^^^^^^^^^^^^^^^^^^^^^^^^^^^^^^^^^^^^^
  File "C:\Users\User\miniconda3\envs\py3_11_9\Lib\site-packages\pycaret\internal\metrics.py", line 144, in __call__
    return self.score_func(y_true, y_pred, **kwargs)
           ^^^^^^^^^^^^^^^^^^^^^^^^^^^^^^^^^^^^^^^^^
  File "C:\Users\User\miniconda3\envs\py3_11_9\Lib\site-packages\sklearn\utils\_param_validation.py", line 213, in wrapper
    return func(*args, **kwargs)
           ^^^^^^^^^^^^^^^^^^^^^
  File "C:\Users\User\miniconda3\envs\py3_11_9\Lib\site-packages\sklearn\metrics\_ranking.py", line 634, in roc_auc_score
    return _multiclass_roc_auc_score(
           ^^^^^^^^^^^^^^^^^^^^^^^^^^
  File "C:\Users\User\miniconda3\envs\py3_11_9\Lib\site-packages\sklearn\metrics\_ranking.py", line 707, in _multiclass_roc_auc_score
    raise ValueError(
ValueError: Target scores need to be probabilities for multiclass roc_auc, i.e. they should sum up to 1.0 over classes

  warnings.warn(

2025-10-31 10:54:56,362:WARNING:C:\Users\User\miniconda3\envs\py3_11_9\Lib\site-packages\pycaret\internal\metrics.py:204: FitFailedWarning: Metric 'make_scorer(roc_auc_score, response_method=('decision_function', 'predict_proba'), average=weighted, multi_class=ovr)' failed and error score 0.0 has been returned instead. If this is a custom metric, this usually means that the error is in the metric code. Full exception below:
Traceback (most recent call last):
  File "C:\Users\User\miniconda3\envs\py3_11_9\Lib\site-packages\pycaret\internal\metrics.py", line 196, in _score
    return super()._score(
           ^^^^^^^^^^^^^^^
  File "C:\Users\User\miniconda3\envs\py3_11_9\Lib\site-packages\sklearn\metrics\_scorer.py", line 350, in _score
    return self._sign * self._score_func(y_true, y_pred, **scoring_kwargs)
                        ^^^^^^^^^^^^^^^^^^^^^^^^^^^^^^^^^^^^^^^^^^^^^^^^^^
  File "C:\Users\User\miniconda3\envs\py3_11_9\Lib\site-packages\pycaret\internal\metrics.py", line 144, in __call__
    return self.score_func(y_true, y_pred, **kwargs)
           ^^^^^^^^^^^^^^^^^^^^^^^^^^^^^^^^^^^^^^^^^
  File "C:\Users\User\miniconda3\envs\py3_11_9\Lib\site-packages\sklearn\utils\_param_validation.py", line 213, in wrapper
    return func(*args, **kwargs)
           ^^^^^^^^^^^^^^^^^^^^^
  File "C:\Users\User\miniconda3\envs\py3_11_9\Lib\site-packages\sklearn\metrics\_ranking.py", line 634, in roc_auc_score
    return _multiclass_roc_auc_score(
           ^^^^^^^^^^^^^^^^^^^^^^^^^^
  File "C:\Users\User\miniconda3\envs\py3_11_9\Lib\site-packages\sklearn\metrics\_ranking.py", line 707, in _multiclass_roc_auc_score
    raise ValueError(
ValueError: Target scores need to be probabilities for multiclass roc_auc, i.e. they should sum up to 1.0 over classes

  warnings.warn(

2025-10-31 10:54:56,367:WARNING:C:\Users\User\miniconda3\envs\py3_11_9\Lib\site-packages\pycaret\internal\metrics.py:204: FitFailedWarning: Metric 'make_scorer(roc_auc_score, response_method=('decision_function', 'predict_proba'), average=weighted, multi_class=ovr)' failed and error score 0.0 has been returned instead. If this is a custom metric, this usually means that the error is in the metric code. Full exception below:
Traceback (most recent call last):
  File "C:\Users\User\miniconda3\envs\py3_11_9\Lib\site-packages\pycaret\internal\metrics.py", line 196, in _score
    return super()._score(
           ^^^^^^^^^^^^^^^
  File "C:\Users\User\miniconda3\envs\py3_11_9\Lib\site-packages\sklearn\metrics\_scorer.py", line 350, in _score
    return self._sign * self._score_func(y_true, y_pred, **scoring_kwargs)
                        ^^^^^^^^^^^^^^^^^^^^^^^^^^^^^^^^^^^^^^^^^^^^^^^^^^
  File "C:\Users\User\miniconda3\envs\py3_11_9\Lib\site-packages\pycaret\internal\metrics.py", line 144, in __call__
    return self.score_func(y_true, y_pred, **kwargs)
           ^^^^^^^^^^^^^^^^^^^^^^^^^^^^^^^^^^^^^^^^^
  File "C:\Users\User\miniconda3\envs\py3_11_9\Lib\site-packages\sklearn\utils\_param_validation.py", line 213, in wrapper
    return func(*args, **kwargs)
           ^^^^^^^^^^^^^^^^^^^^^
  File "C:\Users\User\miniconda3\envs\py3_11_9\Lib\site-packages\sklearn\metrics\_ranking.py", line 634, in roc_auc_score
    return _multiclass_roc_auc_score(
           ^^^^^^^^^^^^^^^^^^^^^^^^^^
  File "C:\Users\User\miniconda3\envs\py3_11_9\Lib\site-packages\sklearn\metrics\_ranking.py", line 707, in _multiclass_roc_auc_score
    raise ValueError(
ValueError: Target scores need to be probabilities for multiclass roc_auc, i.e. they should sum up to 1.0 over classes

  warnings.warn(

2025-10-31 10:54:56,369:WARNING:C:\Users\User\miniconda3\envs\py3_11_9\Lib\site-packages\pycaret\internal\metrics.py:204: FitFailedWarning: Metric 'make_scorer(roc_auc_score, response_method=('decision_function', 'predict_proba'), average=weighted, multi_class=ovr)' failed and error score 0.0 has been returned instead. If this is a custom metric, this usually means that the error is in the metric code. Full exception below:
Traceback (most recent call last):
  File "C:\Users\User\miniconda3\envs\py3_11_9\Lib\site-packages\pycaret\internal\metrics.py", line 196, in _score
    return super()._score(
           ^^^^^^^^^^^^^^^
  File "C:\Users\User\miniconda3\envs\py3_11_9\Lib\site-packages\sklearn\metrics\_scorer.py", line 350, in _score
    return self._sign * self._score_func(y_true, y_pred, **scoring_kwargs)
                        ^^^^^^^^^^^^^^^^^^^^^^^^^^^^^^^^^^^^^^^^^^^^^^^^^^
  File "C:\Users\User\miniconda3\envs\py3_11_9\Lib\site-packages\pycaret\internal\metrics.py", line 144, in __call__
    return self.score_func(y_true, y_pred, **kwargs)
           ^^^^^^^^^^^^^^^^^^^^^^^^^^^^^^^^^^^^^^^^^
  File "C:\Users\User\miniconda3\envs\py3_11_9\Lib\site-packages\sklearn\utils\_param_validation.py", line 213, in wrapper
    return func(*args, **kwargs)
           ^^^^^^^^^^^^^^^^^^^^^
  File "C:\Users\User\miniconda3\envs\py3_11_9\Lib\site-packages\sklearn\metrics\_ranking.py", line 634, in roc_auc_score
    return _multiclass_roc_auc_score(
           ^^^^^^^^^^^^^^^^^^^^^^^^^^
  File "C:\Users\User\miniconda3\envs\py3_11_9\Lib\site-packages\sklearn\metrics\_ranking.py", line 707, in _multiclass_roc_auc_score
    raise ValueError(
ValueError: Target scores need to be probabilities for multiclass roc_auc, i.e. they should sum up to 1.0 over classes

  warnings.warn(

2025-10-31 10:54:56,377:INFO:Calculating mean and std
2025-10-31 10:54:56,378:INFO:Creating metrics dataframe
2025-10-31 10:54:56,379:INFO:Uploading results into container
2025-10-31 10:54:56,380:INFO:Uploading model into container now
2025-10-31 10:54:56,380:INFO:_master_model_container: 10
2025-10-31 10:54:56,380:INFO:_display_container: 2
2025-10-31 10:54:56,380:INFO:GradientBoostingClassifier(ccp_alpha=0.0, criterion='friedman_mse', init=None,
                           learning_rate=0.1, loss='log_loss', max_depth=3,
                           max_features=None, max_leaf_nodes=None,
                           min_impurity_decrease=0.0, min_samples_leaf=1,
                           min_samples_split=2, min_weight_fraction_leaf=0.0,
                           n_estimators=100, n_iter_no_change=None,
                           random_state=123, subsample=1.0, tol=0.0001,
                           validation_fraction=0.1, verbose=0,
                           warm_start=False)
2025-10-31 10:54:56,380:INFO:create_model() successfully completed......................................
2025-10-31 10:54:56,447:INFO:SubProcess create_model() end ==================================
2025-10-31 10:54:56,447:INFO:Creating metrics dataframe
2025-10-31 10:54:56,447:INFO:Initializing Linear Discriminant Analysis
2025-10-31 10:54:56,447:INFO:Total runtime is 0.1641398827234904 minutes
2025-10-31 10:54:56,455:INFO:SubProcess create_model() called ==================================
2025-10-31 10:54:56,455:INFO:Initializing create_model()
2025-10-31 10:54:56,455:INFO:create_model(self=<pycaret.classification.oop.ClassificationExperiment object at 0x00000161773A0A10>, estimator=lda, fold=StratifiedKFold(n_splits=10, random_state=None, shuffle=False), round=4, cross_validation=True, predict=True, fit_kwargs={}, groups=None, refit=False, probability_threshold=None, experiment_custom_tags=None, verbose=False, system=False, add_to_model_list=True, metrics=None, display=<pycaret.internal.display.display.CommonDisplay object at 0x0000016177A28990>, model_only=True, return_train_score=False, error_score=0.0, kwargs={})
2025-10-31 10:54:56,455:INFO:Checking exceptions
2025-10-31 10:54:56,455:INFO:Importing libraries
2025-10-31 10:54:56,455:INFO:Copying training dataset
2025-10-31 10:54:56,457:INFO:Defining folds
2025-10-31 10:54:56,457:INFO:Declaring metric variables
2025-10-31 10:54:56,460:INFO:Importing untrained model
2025-10-31 10:54:56,462:INFO:Linear Discriminant Analysis Imported successfully
2025-10-31 10:54:56,468:INFO:Starting cross validation
2025-10-31 10:54:56,469:INFO:Cross validating with StratifiedKFold(n_splits=10, random_state=None, shuffle=False), n_jobs=-1
2025-10-31 10:54:56,492:WARNING:C:\Users\User\miniconda3\envs\py3_11_9\Lib\site-packages\pycaret\internal\metrics.py:204: FitFailedWarning: Metric 'make_scorer(roc_auc_score, response_method=('decision_function', 'predict_proba'), average=weighted, multi_class=ovr)' failed and error score 0.0 has been returned instead. If this is a custom metric, this usually means that the error is in the metric code. Full exception below:
Traceback (most recent call last):
  File "C:\Users\User\miniconda3\envs\py3_11_9\Lib\site-packages\pycaret\internal\metrics.py", line 196, in _score
    return super()._score(
           ^^^^^^^^^^^^^^^
  File "C:\Users\User\miniconda3\envs\py3_11_9\Lib\site-packages\sklearn\metrics\_scorer.py", line 350, in _score
    return self._sign * self._score_func(y_true, y_pred, **scoring_kwargs)
                        ^^^^^^^^^^^^^^^^^^^^^^^^^^^^^^^^^^^^^^^^^^^^^^^^^^
  File "C:\Users\User\miniconda3\envs\py3_11_9\Lib\site-packages\pycaret\internal\metrics.py", line 144, in __call__
    return self.score_func(y_true, y_pred, **kwargs)
           ^^^^^^^^^^^^^^^^^^^^^^^^^^^^^^^^^^^^^^^^^
  File "C:\Users\User\miniconda3\envs\py3_11_9\Lib\site-packages\sklearn\utils\_param_validation.py", line 213, in wrapper
    return func(*args, **kwargs)
           ^^^^^^^^^^^^^^^^^^^^^
  File "C:\Users\User\miniconda3\envs\py3_11_9\Lib\site-packages\sklearn\metrics\_ranking.py", line 634, in roc_auc_score
    return _multiclass_roc_auc_score(
           ^^^^^^^^^^^^^^^^^^^^^^^^^^
  File "C:\Users\User\miniconda3\envs\py3_11_9\Lib\site-packages\sklearn\metrics\_ranking.py", line 707, in _multiclass_roc_auc_score
    raise ValueError(
ValueError: Target scores need to be probabilities for multiclass roc_auc, i.e. they should sum up to 1.0 over classes

  warnings.warn(

2025-10-31 10:54:56,493:WARNING:C:\Users\User\miniconda3\envs\py3_11_9\Lib\site-packages\pycaret\internal\metrics.py:204: FitFailedWarning: Metric 'make_scorer(roc_auc_score, response_method=('decision_function', 'predict_proba'), average=weighted, multi_class=ovr)' failed and error score 0.0 has been returned instead. If this is a custom metric, this usually means that the error is in the metric code. Full exception below:
Traceback (most recent call last):
  File "C:\Users\User\miniconda3\envs\py3_11_9\Lib\site-packages\pycaret\internal\metrics.py", line 196, in _score
    return super()._score(
           ^^^^^^^^^^^^^^^
  File "C:\Users\User\miniconda3\envs\py3_11_9\Lib\site-packages\sklearn\metrics\_scorer.py", line 350, in _score
    return self._sign * self._score_func(y_true, y_pred, **scoring_kwargs)
                        ^^^^^^^^^^^^^^^^^^^^^^^^^^^^^^^^^^^^^^^^^^^^^^^^^^
  File "C:\Users\User\miniconda3\envs\py3_11_9\Lib\site-packages\pycaret\internal\metrics.py", line 144, in __call__
    return self.score_func(y_true, y_pred, **kwargs)
           ^^^^^^^^^^^^^^^^^^^^^^^^^^^^^^^^^^^^^^^^^
  File "C:\Users\User\miniconda3\envs\py3_11_9\Lib\site-packages\sklearn\utils\_param_validation.py", line 213, in wrapper
    return func(*args, **kwargs)
           ^^^^^^^^^^^^^^^^^^^^^
  File "C:\Users\User\miniconda3\envs\py3_11_9\Lib\site-packages\sklearn\metrics\_ranking.py", line 634, in roc_auc_score
    return _multiclass_roc_auc_score(
           ^^^^^^^^^^^^^^^^^^^^^^^^^^
  File "C:\Users\User\miniconda3\envs\py3_11_9\Lib\site-packages\sklearn\metrics\_ranking.py", line 707, in _multiclass_roc_auc_score
    raise ValueError(
ValueError: Target scores need to be probabilities for multiclass roc_auc, i.e. they should sum up to 1.0 over classes

  warnings.warn(

2025-10-31 10:54:56,498:WARNING:C:\Users\User\miniconda3\envs\py3_11_9\Lib\site-packages\pycaret\internal\metrics.py:204: FitFailedWarning: Metric 'make_scorer(roc_auc_score, response_method=('decision_function', 'predict_proba'), average=weighted, multi_class=ovr)' failed and error score 0.0 has been returned instead. If this is a custom metric, this usually means that the error is in the metric code. Full exception below:
Traceback (most recent call last):
  File "C:\Users\User\miniconda3\envs\py3_11_9\Lib\site-packages\pycaret\internal\metrics.py", line 196, in _score
    return super()._score(
           ^^^^^^^^^^^^^^^
  File "C:\Users\User\miniconda3\envs\py3_11_9\Lib\site-packages\sklearn\metrics\_scorer.py", line 350, in _score
    return self._sign * self._score_func(y_true, y_pred, **scoring_kwargs)
                        ^^^^^^^^^^^^^^^^^^^^^^^^^^^^^^^^^^^^^^^^^^^^^^^^^^
  File "C:\Users\User\miniconda3\envs\py3_11_9\Lib\site-packages\pycaret\internal\metrics.py", line 144, in __call__
    return self.score_func(y_true, y_pred, **kwargs)
           ^^^^^^^^^^^^^^^^^^^^^^^^^^^^^^^^^^^^^^^^^
  File "C:\Users\User\miniconda3\envs\py3_11_9\Lib\site-packages\sklearn\utils\_param_validation.py", line 213, in wrapper
    return func(*args, **kwargs)
           ^^^^^^^^^^^^^^^^^^^^^
  File "C:\Users\User\miniconda3\envs\py3_11_9\Lib\site-packages\sklearn\metrics\_ranking.py", line 634, in roc_auc_score
    return _multiclass_roc_auc_score(
           ^^^^^^^^^^^^^^^^^^^^^^^^^^
  File "C:\Users\User\miniconda3\envs\py3_11_9\Lib\site-packages\sklearn\metrics\_ranking.py", line 707, in _multiclass_roc_auc_score
    raise ValueError(
ValueError: Target scores need to be probabilities for multiclass roc_auc, i.e. they should sum up to 1.0 over classes

  warnings.warn(

2025-10-31 10:54:56,507:WARNING:C:\Users\User\miniconda3\envs\py3_11_9\Lib\site-packages\pycaret\internal\metrics.py:204: FitFailedWarning: Metric 'make_scorer(roc_auc_score, response_method=('decision_function', 'predict_proba'), average=weighted, multi_class=ovr)' failed and error score 0.0 has been returned instead. If this is a custom metric, this usually means that the error is in the metric code. Full exception below:
Traceback (most recent call last):
  File "C:\Users\User\miniconda3\envs\py3_11_9\Lib\site-packages\pycaret\internal\metrics.py", line 196, in _score
    return super()._score(
           ^^^^^^^^^^^^^^^
  File "C:\Users\User\miniconda3\envs\py3_11_9\Lib\site-packages\sklearn\metrics\_scorer.py", line 350, in _score
    return self._sign * self._score_func(y_true, y_pred, **scoring_kwargs)
                        ^^^^^^^^^^^^^^^^^^^^^^^^^^^^^^^^^^^^^^^^^^^^^^^^^^
  File "C:\Users\User\miniconda3\envs\py3_11_9\Lib\site-packages\pycaret\internal\metrics.py", line 144, in __call__
    return self.score_func(y_true, y_pred, **kwargs)
           ^^^^^^^^^^^^^^^^^^^^^^^^^^^^^^^^^^^^^^^^^
  File "C:\Users\User\miniconda3\envs\py3_11_9\Lib\site-packages\sklearn\utils\_param_validation.py", line 213, in wrapper
    return func(*args, **kwargs)
           ^^^^^^^^^^^^^^^^^^^^^
  File "C:\Users\User\miniconda3\envs\py3_11_9\Lib\site-packages\sklearn\metrics\_ranking.py", line 634, in roc_auc_score
    return _multiclass_roc_auc_score(
           ^^^^^^^^^^^^^^^^^^^^^^^^^^
  File "C:\Users\User\miniconda3\envs\py3_11_9\Lib\site-packages\sklearn\metrics\_ranking.py", line 707, in _multiclass_roc_auc_score
    raise ValueError(
ValueError: Target scores need to be probabilities for multiclass roc_auc, i.e. they should sum up to 1.0 over classes

  warnings.warn(

2025-10-31 10:54:56,507:WARNING:C:\Users\User\miniconda3\envs\py3_11_9\Lib\site-packages\pycaret\internal\metrics.py:204: FitFailedWarning: Metric 'make_scorer(roc_auc_score, response_method=('decision_function', 'predict_proba'), average=weighted, multi_class=ovr)' failed and error score 0.0 has been returned instead. If this is a custom metric, this usually means that the error is in the metric code. Full exception below:
Traceback (most recent call last):
  File "C:\Users\User\miniconda3\envs\py3_11_9\Lib\site-packages\pycaret\internal\metrics.py", line 196, in _score
    return super()._score(
           ^^^^^^^^^^^^^^^
  File "C:\Users\User\miniconda3\envs\py3_11_9\Lib\site-packages\sklearn\metrics\_scorer.py", line 350, in _score
    return self._sign * self._score_func(y_true, y_pred, **scoring_kwargs)
                        ^^^^^^^^^^^^^^^^^^^^^^^^^^^^^^^^^^^^^^^^^^^^^^^^^^
  File "C:\Users\User\miniconda3\envs\py3_11_9\Lib\site-packages\pycaret\internal\metrics.py", line 144, in __call__
    return self.score_func(y_true, y_pred, **kwargs)
           ^^^^^^^^^^^^^^^^^^^^^^^^^^^^^^^^^^^^^^^^^
  File "C:\Users\User\miniconda3\envs\py3_11_9\Lib\site-packages\sklearn\utils\_param_validation.py", line 213, in wrapper
    return func(*args, **kwargs)
           ^^^^^^^^^^^^^^^^^^^^^
  File "C:\Users\User\miniconda3\envs\py3_11_9\Lib\site-packages\sklearn\metrics\_ranking.py", line 634, in roc_auc_score
    return _multiclass_roc_auc_score(
           ^^^^^^^^^^^^^^^^^^^^^^^^^^
  File "C:\Users\User\miniconda3\envs\py3_11_9\Lib\site-packages\sklearn\metrics\_ranking.py", line 707, in _multiclass_roc_auc_score
    raise ValueError(
ValueError: Target scores need to be probabilities for multiclass roc_auc, i.e. they should sum up to 1.0 over classes

  warnings.warn(

2025-10-31 10:54:56,511:WARNING:C:\Users\User\miniconda3\envs\py3_11_9\Lib\site-packages\pycaret\internal\metrics.py:204: FitFailedWarning: Metric 'make_scorer(roc_auc_score, response_method=('decision_function', 'predict_proba'), average=weighted, multi_class=ovr)' failed and error score 0.0 has been returned instead. If this is a custom metric, this usually means that the error is in the metric code. Full exception below:
Traceback (most recent call last):
  File "C:\Users\User\miniconda3\envs\py3_11_9\Lib\site-packages\pycaret\internal\metrics.py", line 196, in _score
    return super()._score(
           ^^^^^^^^^^^^^^^
  File "C:\Users\User\miniconda3\envs\py3_11_9\Lib\site-packages\sklearn\metrics\_scorer.py", line 350, in _score
    return self._sign * self._score_func(y_true, y_pred, **scoring_kwargs)
                        ^^^^^^^^^^^^^^^^^^^^^^^^^^^^^^^^^^^^^^^^^^^^^^^^^^
  File "C:\Users\User\miniconda3\envs\py3_11_9\Lib\site-packages\pycaret\internal\metrics.py", line 144, in __call__
    return self.score_func(y_true, y_pred, **kwargs)
           ^^^^^^^^^^^^^^^^^^^^^^^^^^^^^^^^^^^^^^^^^
  File "C:\Users\User\miniconda3\envs\py3_11_9\Lib\site-packages\sklearn\utils\_param_validation.py", line 213, in wrapper
    return func(*args, **kwargs)
           ^^^^^^^^^^^^^^^^^^^^^
  File "C:\Users\User\miniconda3\envs\py3_11_9\Lib\site-packages\sklearn\metrics\_ranking.py", line 634, in roc_auc_score
    return _multiclass_roc_auc_score(
           ^^^^^^^^^^^^^^^^^^^^^^^^^^
  File "C:\Users\User\miniconda3\envs\py3_11_9\Lib\site-packages\sklearn\metrics\_ranking.py", line 707, in _multiclass_roc_auc_score
    raise ValueError(
ValueError: Target scores need to be probabilities for multiclass roc_auc, i.e. they should sum up to 1.0 over classes

  warnings.warn(

2025-10-31 10:54:56,512:WARNING:C:\Users\User\miniconda3\envs\py3_11_9\Lib\site-packages\pycaret\internal\metrics.py:204: FitFailedWarning: Metric 'make_scorer(roc_auc_score, response_method=('decision_function', 'predict_proba'), average=weighted, multi_class=ovr)' failed and error score 0.0 has been returned instead. If this is a custom metric, this usually means that the error is in the metric code. Full exception below:
Traceback (most recent call last):
  File "C:\Users\User\miniconda3\envs\py3_11_9\Lib\site-packages\pycaret\internal\metrics.py", line 196, in _score
    return super()._score(
           ^^^^^^^^^^^^^^^
  File "C:\Users\User\miniconda3\envs\py3_11_9\Lib\site-packages\sklearn\metrics\_scorer.py", line 350, in _score
    return self._sign * self._score_func(y_true, y_pred, **scoring_kwargs)
                        ^^^^^^^^^^^^^^^^^^^^^^^^^^^^^^^^^^^^^^^^^^^^^^^^^^
  File "C:\Users\User\miniconda3\envs\py3_11_9\Lib\site-packages\pycaret\internal\metrics.py", line 144, in __call__
    return self.score_func(y_true, y_pred, **kwargs)
           ^^^^^^^^^^^^^^^^^^^^^^^^^^^^^^^^^^^^^^^^^
  File "C:\Users\User\miniconda3\envs\py3_11_9\Lib\site-packages\sklearn\utils\_param_validation.py", line 213, in wrapper
    return func(*args, **kwargs)
           ^^^^^^^^^^^^^^^^^^^^^
  File "C:\Users\User\miniconda3\envs\py3_11_9\Lib\site-packages\sklearn\metrics\_ranking.py", line 634, in roc_auc_score
    return _multiclass_roc_auc_score(
           ^^^^^^^^^^^^^^^^^^^^^^^^^^
  File "C:\Users\User\miniconda3\envs\py3_11_9\Lib\site-packages\sklearn\metrics\_ranking.py", line 707, in _multiclass_roc_auc_score
    raise ValueError(
ValueError: Target scores need to be probabilities for multiclass roc_auc, i.e. they should sum up to 1.0 over classes

  warnings.warn(

2025-10-31 10:54:56,515:WARNING:C:\Users\User\miniconda3\envs\py3_11_9\Lib\site-packages\pycaret\internal\metrics.py:204: FitFailedWarning: Metric 'make_scorer(roc_auc_score, response_method=('decision_function', 'predict_proba'), average=weighted, multi_class=ovr)' failed and error score 0.0 has been returned instead. If this is a custom metric, this usually means that the error is in the metric code. Full exception below:
Traceback (most recent call last):
  File "C:\Users\User\miniconda3\envs\py3_11_9\Lib\site-packages\pycaret\internal\metrics.py", line 196, in _score
    return super()._score(
           ^^^^^^^^^^^^^^^
  File "C:\Users\User\miniconda3\envs\py3_11_9\Lib\site-packages\sklearn\metrics\_scorer.py", line 350, in _score
    return self._sign * self._score_func(y_true, y_pred, **scoring_kwargs)
                        ^^^^^^^^^^^^^^^^^^^^^^^^^^^^^^^^^^^^^^^^^^^^^^^^^^
  File "C:\Users\User\miniconda3\envs\py3_11_9\Lib\site-packages\pycaret\internal\metrics.py", line 144, in __call__
    return self.score_func(y_true, y_pred, **kwargs)
           ^^^^^^^^^^^^^^^^^^^^^^^^^^^^^^^^^^^^^^^^^
  File "C:\Users\User\miniconda3\envs\py3_11_9\Lib\site-packages\sklearn\utils\_param_validation.py", line 213, in wrapper
    return func(*args, **kwargs)
           ^^^^^^^^^^^^^^^^^^^^^
  File "C:\Users\User\miniconda3\envs\py3_11_9\Lib\site-packages\sklearn\metrics\_ranking.py", line 634, in roc_auc_score
    return _multiclass_roc_auc_score(
           ^^^^^^^^^^^^^^^^^^^^^^^^^^
  File "C:\Users\User\miniconda3\envs\py3_11_9\Lib\site-packages\sklearn\metrics\_ranking.py", line 707, in _multiclass_roc_auc_score
    raise ValueError(
ValueError: Target scores need to be probabilities for multiclass roc_auc, i.e. they should sum up to 1.0 over classes

  warnings.warn(

2025-10-31 10:54:56,515:WARNING:C:\Users\User\miniconda3\envs\py3_11_9\Lib\site-packages\pycaret\internal\metrics.py:204: FitFailedWarning: Metric 'make_scorer(roc_auc_score, response_method=('decision_function', 'predict_proba'), average=weighted, multi_class=ovr)' failed and error score 0.0 has been returned instead. If this is a custom metric, this usually means that the error is in the metric code. Full exception below:
Traceback (most recent call last):
  File "C:\Users\User\miniconda3\envs\py3_11_9\Lib\site-packages\pycaret\internal\metrics.py", line 196, in _score
    return super()._score(
           ^^^^^^^^^^^^^^^
  File "C:\Users\User\miniconda3\envs\py3_11_9\Lib\site-packages\sklearn\metrics\_scorer.py", line 350, in _score
    return self._sign * self._score_func(y_true, y_pred, **scoring_kwargs)
                        ^^^^^^^^^^^^^^^^^^^^^^^^^^^^^^^^^^^^^^^^^^^^^^^^^^
  File "C:\Users\User\miniconda3\envs\py3_11_9\Lib\site-packages\pycaret\internal\metrics.py", line 144, in __call__
    return self.score_func(y_true, y_pred, **kwargs)
           ^^^^^^^^^^^^^^^^^^^^^^^^^^^^^^^^^^^^^^^^^
  File "C:\Users\User\miniconda3\envs\py3_11_9\Lib\site-packages\sklearn\utils\_param_validation.py", line 213, in wrapper
    return func(*args, **kwargs)
           ^^^^^^^^^^^^^^^^^^^^^
  File "C:\Users\User\miniconda3\envs\py3_11_9\Lib\site-packages\sklearn\metrics\_ranking.py", line 634, in roc_auc_score
    return _multiclass_roc_auc_score(
           ^^^^^^^^^^^^^^^^^^^^^^^^^^
  File "C:\Users\User\miniconda3\envs\py3_11_9\Lib\site-packages\sklearn\metrics\_ranking.py", line 707, in _multiclass_roc_auc_score
    raise ValueError(
ValueError: Target scores need to be probabilities for multiclass roc_auc, i.e. they should sum up to 1.0 over classes

  warnings.warn(

2025-10-31 10:54:56,516:WARNING:C:\Users\User\miniconda3\envs\py3_11_9\Lib\site-packages\pycaret\internal\metrics.py:204: FitFailedWarning: Metric 'make_scorer(roc_auc_score, response_method=('decision_function', 'predict_proba'), average=weighted, multi_class=ovr)' failed and error score 0.0 has been returned instead. If this is a custom metric, this usually means that the error is in the metric code. Full exception below:
Traceback (most recent call last):
  File "C:\Users\User\miniconda3\envs\py3_11_9\Lib\site-packages\pycaret\internal\metrics.py", line 196, in _score
    return super()._score(
           ^^^^^^^^^^^^^^^
  File "C:\Users\User\miniconda3\envs\py3_11_9\Lib\site-packages\sklearn\metrics\_scorer.py", line 350, in _score
    return self._sign * self._score_func(y_true, y_pred, **scoring_kwargs)
                        ^^^^^^^^^^^^^^^^^^^^^^^^^^^^^^^^^^^^^^^^^^^^^^^^^^
  File "C:\Users\User\miniconda3\envs\py3_11_9\Lib\site-packages\pycaret\internal\metrics.py", line 144, in __call__
    return self.score_func(y_true, y_pred, **kwargs)
           ^^^^^^^^^^^^^^^^^^^^^^^^^^^^^^^^^^^^^^^^^
  File "C:\Users\User\miniconda3\envs\py3_11_9\Lib\site-packages\sklearn\utils\_param_validation.py", line 213, in wrapper
    return func(*args, **kwargs)
           ^^^^^^^^^^^^^^^^^^^^^
  File "C:\Users\User\miniconda3\envs\py3_11_9\Lib\site-packages\sklearn\metrics\_ranking.py", line 634, in roc_auc_score
    return _multiclass_roc_auc_score(
           ^^^^^^^^^^^^^^^^^^^^^^^^^^
  File "C:\Users\User\miniconda3\envs\py3_11_9\Lib\site-packages\sklearn\metrics\_ranking.py", line 707, in _multiclass_roc_auc_score
    raise ValueError(
ValueError: Target scores need to be probabilities for multiclass roc_auc, i.e. they should sum up to 1.0 over classes

  warnings.warn(

2025-10-31 10:54:56,529:INFO:Calculating mean and std
2025-10-31 10:54:56,530:INFO:Creating metrics dataframe
2025-10-31 10:54:56,531:INFO:Uploading results into container
2025-10-31 10:54:56,532:INFO:Uploading model into container now
2025-10-31 10:54:56,532:INFO:_master_model_container: 11
2025-10-31 10:54:56,532:INFO:_display_container: 2
2025-10-31 10:54:56,532:INFO:LinearDiscriminantAnalysis(covariance_estimator=None, n_components=None,
                           priors=None, shrinkage=None, solver='svd',
                           store_covariance=False, tol=0.0001)
2025-10-31 10:54:56,532:INFO:create_model() successfully completed......................................
2025-10-31 10:54:56,590:INFO:SubProcess create_model() end ==================================
2025-10-31 10:54:56,590:INFO:Creating metrics dataframe
2025-10-31 10:54:56,596:INFO:Initializing Extra Trees Classifier
2025-10-31 10:54:56,596:INFO:Total runtime is 0.16662641763687133 minutes
2025-10-31 10:54:56,599:INFO:SubProcess create_model() called ==================================
2025-10-31 10:54:56,599:INFO:Initializing create_model()
2025-10-31 10:54:56,599:INFO:create_model(self=<pycaret.classification.oop.ClassificationExperiment object at 0x00000161773A0A10>, estimator=et, fold=StratifiedKFold(n_splits=10, random_state=None, shuffle=False), round=4, cross_validation=True, predict=True, fit_kwargs={}, groups=None, refit=False, probability_threshold=None, experiment_custom_tags=None, verbose=False, system=False, add_to_model_list=True, metrics=None, display=<pycaret.internal.display.display.CommonDisplay object at 0x0000016177A28990>, model_only=True, return_train_score=False, error_score=0.0, kwargs={})
2025-10-31 10:54:56,599:INFO:Checking exceptions
2025-10-31 10:54:56,599:INFO:Importing libraries
2025-10-31 10:54:56,599:INFO:Copying training dataset
2025-10-31 10:54:56,602:INFO:Defining folds
2025-10-31 10:54:56,602:INFO:Declaring metric variables
2025-10-31 10:54:56,604:INFO:Importing untrained model
2025-10-31 10:54:56,608:INFO:Extra Trees Classifier Imported successfully
2025-10-31 10:54:56,613:INFO:Starting cross validation
2025-10-31 10:54:56,613:INFO:Cross validating with StratifiedKFold(n_splits=10, random_state=None, shuffle=False), n_jobs=-1
2025-10-31 10:54:56,903:INFO:Calculating mean and std
2025-10-31 10:54:56,904:INFO:Creating metrics dataframe
2025-10-31 10:54:56,906:INFO:Uploading results into container
2025-10-31 10:54:56,907:INFO:Uploading model into container now
2025-10-31 10:54:56,908:INFO:_master_model_container: 12
2025-10-31 10:54:56,908:INFO:_display_container: 2
2025-10-31 10:54:56,908:INFO:ExtraTreesClassifier(bootstrap=False, ccp_alpha=0.0, class_weight=None,
                     criterion='gini', max_depth=None, max_features='sqrt',
                     max_leaf_nodes=None, max_samples=None,
                     min_impurity_decrease=0.0, min_samples_leaf=1,
                     min_samples_split=2, min_weight_fraction_leaf=0.0,
                     monotonic_cst=None, n_estimators=100, n_jobs=-1,
                     oob_score=False, random_state=123, verbose=0,
                     warm_start=False)
2025-10-31 10:54:56,908:INFO:create_model() successfully completed......................................
2025-10-31 10:54:56,981:INFO:SubProcess create_model() end ==================================
2025-10-31 10:54:56,981:INFO:Creating metrics dataframe
2025-10-31 10:54:56,986:INFO:Initializing Light Gradient Boosting Machine
2025-10-31 10:54:56,986:INFO:Total runtime is 0.17311790784200032 minutes
2025-10-31 10:54:56,989:INFO:SubProcess create_model() called ==================================
2025-10-31 10:54:56,989:INFO:Initializing create_model()
2025-10-31 10:54:56,989:INFO:create_model(self=<pycaret.classification.oop.ClassificationExperiment object at 0x00000161773A0A10>, estimator=lightgbm, fold=StratifiedKFold(n_splits=10, random_state=None, shuffle=False), round=4, cross_validation=True, predict=True, fit_kwargs={}, groups=None, refit=False, probability_threshold=None, experiment_custom_tags=None, verbose=False, system=False, add_to_model_list=True, metrics=None, display=<pycaret.internal.display.display.CommonDisplay object at 0x0000016177A28990>, model_only=True, return_train_score=False, error_score=0.0, kwargs={})
2025-10-31 10:54:56,989:INFO:Checking exceptions
2025-10-31 10:54:56,989:INFO:Importing libraries
2025-10-31 10:54:56,989:INFO:Copying training dataset
2025-10-31 10:54:56,991:INFO:Defining folds
2025-10-31 10:54:56,991:INFO:Declaring metric variables
2025-10-31 10:54:56,993:INFO:Importing untrained model
2025-10-31 10:54:56,994:INFO:Light Gradient Boosting Machine Imported successfully
2025-10-31 10:54:56,994:INFO:Starting cross validation
2025-10-31 10:54:56,994:INFO:Cross validating with StratifiedKFold(n_splits=10, random_state=None, shuffle=False), n_jobs=-1
2025-10-31 10:54:57,576:INFO:Calculating mean and std
2025-10-31 10:54:57,577:INFO:Creating metrics dataframe
2025-10-31 10:54:57,577:INFO:Uploading results into container
2025-10-31 10:54:57,577:INFO:Uploading model into container now
2025-10-31 10:54:57,577:INFO:_master_model_container: 13
2025-10-31 10:54:57,577:INFO:_display_container: 2
2025-10-31 10:54:57,581:INFO:LGBMClassifier(boosting_type='gbdt', class_weight=None, colsample_bytree=1.0,
               importance_type='split', learning_rate=0.1, max_depth=-1,
               min_child_samples=20, min_child_weight=0.001, min_split_gain=0.0,
               n_estimators=100, n_jobs=-1, num_leaves=31, objective=None,
               random_state=123, reg_alpha=0.0, reg_lambda=0.0, subsample=1.0,
               subsample_for_bin=200000, subsample_freq=0)
2025-10-31 10:54:57,581:INFO:create_model() successfully completed......................................
2025-10-31 10:54:57,678:INFO:SubProcess create_model() end ==================================
2025-10-31 10:54:57,678:INFO:Creating metrics dataframe
2025-10-31 10:54:57,686:INFO:Initializing Dummy Classifier
2025-10-31 10:54:57,686:INFO:Total runtime is 0.1847886323928833 minutes
2025-10-31 10:54:57,688:INFO:SubProcess create_model() called ==================================
2025-10-31 10:54:57,688:INFO:Initializing create_model()
2025-10-31 10:54:57,688:INFO:create_model(self=<pycaret.classification.oop.ClassificationExperiment object at 0x00000161773A0A10>, estimator=dummy, fold=StratifiedKFold(n_splits=10, random_state=None, shuffle=False), round=4, cross_validation=True, predict=True, fit_kwargs={}, groups=None, refit=False, probability_threshold=None, experiment_custom_tags=None, verbose=False, system=False, add_to_model_list=True, metrics=None, display=<pycaret.internal.display.display.CommonDisplay object at 0x0000016177A28990>, model_only=True, return_train_score=False, error_score=0.0, kwargs={})
2025-10-31 10:54:57,689:INFO:Checking exceptions
2025-10-31 10:54:57,689:INFO:Importing libraries
2025-10-31 10:54:57,689:INFO:Copying training dataset
2025-10-31 10:54:57,691:INFO:Defining folds
2025-10-31 10:54:57,692:INFO:Declaring metric variables
2025-10-31 10:54:57,694:INFO:Importing untrained model
2025-10-31 10:54:57,699:INFO:Dummy Classifier Imported successfully
2025-10-31 10:54:57,707:INFO:Starting cross validation
2025-10-31 10:54:57,708:INFO:Cross validating with StratifiedKFold(n_splits=10, random_state=None, shuffle=False), n_jobs=-1
2025-10-31 10:54:57,752:WARNING:C:\Users\User\miniconda3\envs\py3_11_9\Lib\site-packages\sklearn\metrics\_classification.py:1509: UndefinedMetricWarning: Precision is ill-defined and being set to 0.0 in labels with no predicted samples. Use `zero_division` parameter to control this behavior.
  _warn_prf(average, modifier, f"{metric.capitalize()} is", len(result))

2025-10-31 10:54:57,756:WARNING:C:\Users\User\miniconda3\envs\py3_11_9\Lib\site-packages\sklearn\metrics\_classification.py:1509: UndefinedMetricWarning: Precision is ill-defined and being set to 0.0 in labels with no predicted samples. Use `zero_division` parameter to control this behavior.
  _warn_prf(average, modifier, f"{metric.capitalize()} is", len(result))

2025-10-31 10:54:57,761:WARNING:C:\Users\User\miniconda3\envs\py3_11_9\Lib\site-packages\sklearn\metrics\_classification.py:1509: UndefinedMetricWarning: Precision is ill-defined and being set to 0.0 in labels with no predicted samples. Use `zero_division` parameter to control this behavior.
  _warn_prf(average, modifier, f"{metric.capitalize()} is", len(result))

2025-10-31 10:54:57,762:WARNING:C:\Users\User\miniconda3\envs\py3_11_9\Lib\site-packages\sklearn\metrics\_classification.py:1509: UndefinedMetricWarning: Precision is ill-defined and being set to 0.0 in labels with no predicted samples. Use `zero_division` parameter to control this behavior.
  _warn_prf(average, modifier, f"{metric.capitalize()} is", len(result))

2025-10-31 10:54:57,766:WARNING:C:\Users\User\miniconda3\envs\py3_11_9\Lib\site-packages\sklearn\metrics\_classification.py:1509: UndefinedMetricWarning: Precision is ill-defined and being set to 0.0 in labels with no predicted samples. Use `zero_division` parameter to control this behavior.
  _warn_prf(average, modifier, f"{metric.capitalize()} is", len(result))

2025-10-31 10:54:57,769:WARNING:C:\Users\User\miniconda3\envs\py3_11_9\Lib\site-packages\sklearn\metrics\_classification.py:1509: UndefinedMetricWarning: Precision is ill-defined and being set to 0.0 in labels with no predicted samples. Use `zero_division` parameter to control this behavior.
  _warn_prf(average, modifier, f"{metric.capitalize()} is", len(result))

2025-10-31 10:54:57,771:WARNING:C:\Users\User\miniconda3\envs\py3_11_9\Lib\site-packages\sklearn\metrics\_classification.py:1509: UndefinedMetricWarning: Precision is ill-defined and being set to 0.0 in labels with no predicted samples. Use `zero_division` parameter to control this behavior.
  _warn_prf(average, modifier, f"{metric.capitalize()} is", len(result))

2025-10-31 10:54:57,776:WARNING:C:\Users\User\miniconda3\envs\py3_11_9\Lib\site-packages\sklearn\metrics\_classification.py:1509: UndefinedMetricWarning: Precision is ill-defined and being set to 0.0 in labels with no predicted samples. Use `zero_division` parameter to control this behavior.
  _warn_prf(average, modifier, f"{metric.capitalize()} is", len(result))

2025-10-31 10:54:57,776:WARNING:C:\Users\User\miniconda3\envs\py3_11_9\Lib\site-packages\sklearn\metrics\_classification.py:1509: UndefinedMetricWarning: Precision is ill-defined and being set to 0.0 in labels with no predicted samples. Use `zero_division` parameter to control this behavior.
  _warn_prf(average, modifier, f"{metric.capitalize()} is", len(result))

2025-10-31 10:54:57,777:WARNING:C:\Users\User\miniconda3\envs\py3_11_9\Lib\site-packages\sklearn\metrics\_classification.py:1509: UndefinedMetricWarning: Precision is ill-defined and being set to 0.0 in labels with no predicted samples. Use `zero_division` parameter to control this behavior.
  _warn_prf(average, modifier, f"{metric.capitalize()} is", len(result))

2025-10-31 10:54:57,790:INFO:Calculating mean and std
2025-10-31 10:54:57,790:INFO:Creating metrics dataframe
2025-10-31 10:54:57,790:INFO:Uploading results into container
2025-10-31 10:54:57,792:INFO:Uploading model into container now
2025-10-31 10:54:57,792:INFO:_master_model_container: 14
2025-10-31 10:54:57,792:INFO:_display_container: 2
2025-10-31 10:54:57,792:INFO:DummyClassifier(constant=None, random_state=123, strategy='prior')
2025-10-31 10:54:57,792:INFO:create_model() successfully completed......................................
2025-10-31 10:54:57,849:INFO:SubProcess create_model() end ==================================
2025-10-31 10:54:57,850:INFO:Creating metrics dataframe
2025-10-31 10:54:57,856:WARNING:C:\Users\User\miniconda3\envs\py3_11_9\Lib\site-packages\pycaret\internal\pycaret_experiment\supervised_experiment.py:339: FutureWarning: Styler.applymap has been deprecated. Use Styler.map instead.
  .applymap(highlight_cols, subset=["TT (Sec)"])

2025-10-31 10:54:57,862:INFO:Initializing create_model()
2025-10-31 10:54:57,862:INFO:create_model(self=<pycaret.classification.oop.ClassificationExperiment object at 0x00000161773A0A10>, estimator=ExtraTreesClassifier(bootstrap=False, ccp_alpha=0.0, class_weight=None,
                     criterion='gini', max_depth=None, max_features='sqrt',
                     max_leaf_nodes=None, max_samples=None,
                     min_impurity_decrease=0.0, min_samples_leaf=1,
                     min_samples_split=2, min_weight_fraction_leaf=0.0,
                     monotonic_cst=None, n_estimators=100, n_jobs=-1,
                     oob_score=False, random_state=123, verbose=0,
                     warm_start=False), fold=StratifiedKFold(n_splits=10, random_state=None, shuffle=False), round=4, cross_validation=False, predict=False, fit_kwargs={}, groups=None, refit=True, probability_threshold=None, experiment_custom_tags=None, verbose=False, system=False, add_to_model_list=True, metrics=None, display=None, model_only=True, return_train_score=False, error_score=0.0, kwargs={})
2025-10-31 10:54:57,862:INFO:Checking exceptions
2025-10-31 10:54:57,864:INFO:Importing libraries
2025-10-31 10:54:57,864:INFO:Copying training dataset
2025-10-31 10:54:57,866:INFO:Defining folds
2025-10-31 10:54:57,866:INFO:Declaring metric variables
2025-10-31 10:54:57,866:INFO:Importing untrained model
2025-10-31 10:54:57,866:INFO:Declaring custom model
2025-10-31 10:54:57,866:INFO:Extra Trees Classifier Imported successfully
2025-10-31 10:54:57,867:INFO:Cross validation set to False
2025-10-31 10:54:57,867:INFO:Fitting Model
2025-10-31 10:54:57,941:INFO:ExtraTreesClassifier(bootstrap=False, ccp_alpha=0.0, class_weight=None,
                     criterion='gini', max_depth=None, max_features='sqrt',
                     max_leaf_nodes=None, max_samples=None,
                     min_impurity_decrease=0.0, min_samples_leaf=1,
                     min_samples_split=2, min_weight_fraction_leaf=0.0,
                     monotonic_cst=None, n_estimators=100, n_jobs=-1,
                     oob_score=False, random_state=123, verbose=0,
                     warm_start=False)
2025-10-31 10:54:57,941:INFO:create_model() successfully completed......................................
2025-10-31 10:54:58,014:INFO:_master_model_container: 14
2025-10-31 10:54:58,015:INFO:_display_container: 2
2025-10-31 10:54:58,015:INFO:ExtraTreesClassifier(bootstrap=False, ccp_alpha=0.0, class_weight=None,
                     criterion='gini', max_depth=None, max_features='sqrt',
                     max_leaf_nodes=None, max_samples=None,
                     min_impurity_decrease=0.0, min_samples_leaf=1,
                     min_samples_split=2, min_weight_fraction_leaf=0.0,
                     monotonic_cst=None, n_estimators=100, n_jobs=-1,
                     oob_score=False, random_state=123, verbose=0,
                     warm_start=False)
2025-10-31 10:54:58,015:INFO:compare_models() successfully completed......................................
2025-10-31 10:55:18,651:INFO:Initializing tune_model()
2025-10-31 10:55:18,651:INFO:tune_model(self=<pycaret.classification.oop.ClassificationExperiment object at 0x00000161773A0A10>, estimator=ExtraTreesClassifier(bootstrap=False, ccp_alpha=0.0, class_weight=None,
                     criterion='gini', max_depth=None, max_features='sqrt',
                     max_leaf_nodes=None, max_samples=None,
                     min_impurity_decrease=0.0, min_samples_leaf=1,
                     min_samples_split=2, min_weight_fraction_leaf=0.0,
                     monotonic_cst=None, n_estimators=100, n_jobs=-1,
                     oob_score=False, random_state=123, verbose=0,
                     warm_start=False), fold=None, round=4, n_iter=10, custom_grid=None, optimize=Accuracy, custom_scorer=None, search_library=scikit-learn, search_algorithm=None, early_stopping=False, early_stopping_max_iters=10, choose_better=True, fit_kwargs=None, groups=None, return_tuner=False, verbose=True, tuner_verbose=True, return_train_score=False, kwargs={})
2025-10-31 10:55:18,651:INFO:Checking exceptions
2025-10-31 10:55:18,667:INFO:Copying training dataset
2025-10-31 10:55:18,669:INFO:Checking base model
2025-10-31 10:55:18,669:INFO:Base model : Extra Trees Classifier
2025-10-31 10:55:18,674:INFO:Declaring metric variables
2025-10-31 10:55:18,677:INFO:Defining Hyperparameters
2025-10-31 10:55:18,744:INFO:Tuning with n_jobs=-1
2025-10-31 10:55:18,744:INFO:Initializing RandomizedSearchCV
2025-10-31 10:55:22,455:INFO:best_params: {'actual_estimator__n_estimators': 150, 'actual_estimator__min_samples_split': 10, 'actual_estimator__min_samples_leaf': 5, 'actual_estimator__min_impurity_decrease': 0.0002, 'actual_estimator__max_features': 1.0, 'actual_estimator__max_depth': 5, 'actual_estimator__criterion': 'entropy', 'actual_estimator__class_weight': {}, 'actual_estimator__bootstrap': False}
2025-10-31 10:55:22,455:INFO:Hyperparameter search completed
2025-10-31 10:55:22,455:INFO:SubProcess create_model() called ==================================
2025-10-31 10:55:22,456:INFO:Initializing create_model()
2025-10-31 10:55:22,456:INFO:create_model(self=<pycaret.classification.oop.ClassificationExperiment object at 0x00000161773A0A10>, estimator=ExtraTreesClassifier(bootstrap=False, ccp_alpha=0.0, class_weight=None,
                     criterion='gini', max_depth=None, max_features='sqrt',
                     max_leaf_nodes=None, max_samples=None,
                     min_impurity_decrease=0.0, min_samples_leaf=1,
                     min_samples_split=2, min_weight_fraction_leaf=0.0,
                     monotonic_cst=None, n_estimators=100, n_jobs=-1,
                     oob_score=False, random_state=123, verbose=0,
                     warm_start=False), fold=StratifiedKFold(n_splits=10, random_state=None, shuffle=False), round=4, cross_validation=True, predict=True, fit_kwargs={}, groups=None, refit=True, probability_threshold=None, experiment_custom_tags=None, verbose=True, system=False, add_to_model_list=True, metrics=None, display=<pycaret.internal.display.display.CommonDisplay object at 0x0000016177A2A190>, model_only=True, return_train_score=False, error_score=0.0, kwargs={'n_estimators': 150, 'min_samples_split': 10, 'min_samples_leaf': 5, 'min_impurity_decrease': 0.0002, 'max_features': 1.0, 'max_depth': 5, 'criterion': 'entropy', 'class_weight': {}, 'bootstrap': False})
2025-10-31 10:55:22,456:INFO:Checking exceptions
2025-10-31 10:55:22,456:INFO:Importing libraries
2025-10-31 10:55:22,456:INFO:Copying training dataset
2025-10-31 10:55:22,458:INFO:Defining folds
2025-10-31 10:55:22,459:INFO:Declaring metric variables
2025-10-31 10:55:22,460:INFO:Importing untrained model
2025-10-31 10:55:22,460:INFO:Declaring custom model
2025-10-31 10:55:22,460:INFO:Extra Trees Classifier Imported successfully
2025-10-31 10:55:22,460:INFO:Starting cross validation
2025-10-31 10:55:22,460:INFO:Cross validating with StratifiedKFold(n_splits=10, random_state=None, shuffle=False), n_jobs=-1
2025-10-31 10:55:22,956:INFO:Calculating mean and std
2025-10-31 10:55:22,957:INFO:Creating metrics dataframe
2025-10-31 10:55:22,964:INFO:Finalizing model
2025-10-31 10:55:23,077:INFO:Uploading results into container
2025-10-31 10:55:23,077:INFO:Uploading model into container now
2025-10-31 10:55:23,077:INFO:_master_model_container: 15
2025-10-31 10:55:23,077:INFO:_display_container: 3
2025-10-31 10:55:23,077:INFO:ExtraTreesClassifier(bootstrap=False, ccp_alpha=0.0, class_weight={},
                     criterion='entropy', max_depth=5, max_features=1.0,
                     max_leaf_nodes=None, max_samples=None,
                     min_impurity_decrease=0.0002, min_samples_leaf=5,
                     min_samples_split=10, min_weight_fraction_leaf=0.0,
                     monotonic_cst=None, n_estimators=150, n_jobs=-1,
                     oob_score=False, random_state=123, verbose=0,
                     warm_start=False)
2025-10-31 10:55:23,077:INFO:create_model() successfully completed......................................
2025-10-31 10:55:23,137:INFO:SubProcess create_model() end ==================================
2025-10-31 10:55:23,137:INFO:choose_better activated
2025-10-31 10:55:23,140:INFO:SubProcess create_model() called ==================================
2025-10-31 10:55:23,140:INFO:Initializing create_model()
2025-10-31 10:55:23,140:INFO:create_model(self=<pycaret.classification.oop.ClassificationExperiment object at 0x00000161773A0A10>, estimator=ExtraTreesClassifier(bootstrap=False, ccp_alpha=0.0, class_weight=None,
                     criterion='gini', max_depth=None, max_features='sqrt',
                     max_leaf_nodes=None, max_samples=None,
                     min_impurity_decrease=0.0, min_samples_leaf=1,
                     min_samples_split=2, min_weight_fraction_leaf=0.0,
                     monotonic_cst=None, n_estimators=100, n_jobs=-1,
                     oob_score=False, random_state=123, verbose=0,
                     warm_start=False), fold=StratifiedKFold(n_splits=10, random_state=None, shuffle=False), round=4, cross_validation=True, predict=True, fit_kwargs={}, groups=None, refit=True, probability_threshold=None, experiment_custom_tags=None, verbose=False, system=False, add_to_model_list=True, metrics=None, display=None, model_only=True, return_train_score=False, error_score=0.0, kwargs={})
2025-10-31 10:55:23,140:INFO:Checking exceptions
2025-10-31 10:55:23,141:INFO:Importing libraries
2025-10-31 10:55:23,141:INFO:Copying training dataset
2025-10-31 10:55:23,144:INFO:Defining folds
2025-10-31 10:55:23,144:INFO:Declaring metric variables
2025-10-31 10:55:23,144:INFO:Importing untrained model
2025-10-31 10:55:23,144:INFO:Declaring custom model
2025-10-31 10:55:23,144:INFO:Extra Trees Classifier Imported successfully
2025-10-31 10:55:23,144:INFO:Starting cross validation
2025-10-31 10:55:23,145:INFO:Cross validating with StratifiedKFold(n_splits=10, random_state=None, shuffle=False), n_jobs=-1
2025-10-31 10:55:23,471:INFO:Calculating mean and std
2025-10-31 10:55:23,471:INFO:Creating metrics dataframe
2025-10-31 10:55:23,472:INFO:Finalizing model
2025-10-31 10:55:23,540:INFO:Uploading results into container
2025-10-31 10:55:23,540:INFO:Uploading model into container now
2025-10-31 10:55:23,540:INFO:_master_model_container: 16
2025-10-31 10:55:23,540:INFO:_display_container: 4
2025-10-31 10:55:23,540:INFO:ExtraTreesClassifier(bootstrap=False, ccp_alpha=0.0, class_weight=None,
                     criterion='gini', max_depth=None, max_features='sqrt',
                     max_leaf_nodes=None, max_samples=None,
                     min_impurity_decrease=0.0, min_samples_leaf=1,
                     min_samples_split=2, min_weight_fraction_leaf=0.0,
                     monotonic_cst=None, n_estimators=100, n_jobs=-1,
                     oob_score=False, random_state=123, verbose=0,
                     warm_start=False)
2025-10-31 10:55:23,540:INFO:create_model() successfully completed......................................
2025-10-31 10:55:23,587:INFO:SubProcess create_model() end ==================================
2025-10-31 10:55:23,587:INFO:ExtraTreesClassifier(bootstrap=False, ccp_alpha=0.0, class_weight=None,
                     criterion='gini', max_depth=None, max_features='sqrt',
                     max_leaf_nodes=None, max_samples=None,
                     min_impurity_decrease=0.0, min_samples_leaf=1,
                     min_samples_split=2, min_weight_fraction_leaf=0.0,
                     monotonic_cst=None, n_estimators=100, n_jobs=-1,
                     oob_score=False, random_state=123, verbose=0,
                     warm_start=False) result for Accuracy is 1.0
2025-10-31 10:55:23,587:INFO:ExtraTreesClassifier(bootstrap=False, ccp_alpha=0.0, class_weight={},
                     criterion='entropy', max_depth=5, max_features=1.0,
                     max_leaf_nodes=None, max_samples=None,
                     min_impurity_decrease=0.0002, min_samples_leaf=5,
                     min_samples_split=10, min_weight_fraction_leaf=0.0,
                     monotonic_cst=None, n_estimators=150, n_jobs=-1,
                     oob_score=False, random_state=123, verbose=0,
                     warm_start=False) result for Accuracy is 0.9923
2025-10-31 10:55:23,587:INFO:ExtraTreesClassifier(bootstrap=False, ccp_alpha=0.0, class_weight=None,
                     criterion='gini', max_depth=None, max_features='sqrt',
                     max_leaf_nodes=None, max_samples=None,
                     min_impurity_decrease=0.0, min_samples_leaf=1,
                     min_samples_split=2, min_weight_fraction_leaf=0.0,
                     monotonic_cst=None, n_estimators=100, n_jobs=-1,
                     oob_score=False, random_state=123, verbose=0,
                     warm_start=False) is best model
2025-10-31 10:55:23,587:INFO:choose_better completed
2025-10-31 10:55:23,587:INFO:Original model was better than the tuned model, hence it will be returned. NOTE: The display metrics are for the tuned model (not the original one).
2025-10-31 10:55:23,602:INFO:_master_model_container: 16
2025-10-31 10:55:23,602:INFO:_display_container: 3
2025-10-31 10:55:23,602:INFO:ExtraTreesClassifier(bootstrap=False, ccp_alpha=0.0, class_weight=None,
                     criterion='gini', max_depth=None, max_features='sqrt',
                     max_leaf_nodes=None, max_samples=None,
                     min_impurity_decrease=0.0, min_samples_leaf=1,
                     min_samples_split=2, min_weight_fraction_leaf=0.0,
                     monotonic_cst=None, n_estimators=100, n_jobs=-1,
                     oob_score=False, random_state=123, verbose=0,
                     warm_start=False)
2025-10-31 10:55:23,602:INFO:tune_model() successfully completed......................................
2025-10-31 10:55:36,063:INFO:Initializing evaluate_model()
2025-10-31 10:55:36,064:INFO:evaluate_model(self=<pycaret.classification.oop.ClassificationExperiment object at 0x00000161773A0A10>, estimator=ExtraTreesClassifier(bootstrap=False, ccp_alpha=0.0, class_weight=None,
                     criterion='gini', max_depth=None, max_features='sqrt',
                     max_leaf_nodes=None, max_samples=None,
                     min_impurity_decrease=0.0, min_samples_leaf=1,
                     min_samples_split=2, min_weight_fraction_leaf=0.0,
                     monotonic_cst=None, n_estimators=100, n_jobs=-1,
                     oob_score=False, random_state=123, verbose=0,
                     warm_start=False), fold=None, fit_kwargs=None, plot_kwargs=None, feature_name=None, groups=None)
2025-10-31 10:55:36,074:INFO:Initializing plot_model()
2025-10-31 10:55:36,074:INFO:plot_model(self=<pycaret.classification.oop.ClassificationExperiment object at 0x00000161773A0A10>, estimator=ExtraTreesClassifier(bootstrap=False, ccp_alpha=0.0, class_weight=None,
                     criterion='gini', max_depth=None, max_features='sqrt',
                     max_leaf_nodes=None, max_samples=None,
                     min_impurity_decrease=0.0, min_samples_leaf=1,
                     min_samples_split=2, min_weight_fraction_leaf=0.0,
                     monotonic_cst=None, n_estimators=100, n_jobs=-1,
                     oob_score=False, random_state=123, verbose=0,
                     warm_start=False), plot=pipeline, scale=1, save=False, fold=StratifiedKFold(n_splits=10, random_state=None, shuffle=False), fit_kwargs={}, plot_kwargs=None, groups=None, feature_name=None, label=False, verbose=False, system=True, display=None, display_format=None)
2025-10-31 10:55:36,075:INFO:Checking exceptions
2025-10-31 10:55:36,096:INFO:Preloading libraries
2025-10-31 10:55:36,096:INFO:Copying training dataset
2025-10-31 10:55:36,096:INFO:Plot type: pipeline
2025-10-31 10:55:36,186:INFO:Visual Rendered Successfully
2025-10-31 10:55:36,237:INFO:plot_model() successfully completed......................................
2025-10-31 10:55:41,665:INFO:Initializing plot_model()
2025-10-31 10:55:41,665:INFO:plot_model(self=<pycaret.classification.oop.ClassificationExperiment object at 0x00000161773A0A10>, estimator=ExtraTreesClassifier(n_jobs=-1, random_state=123), plot=parameter, scale=1, save=False, fold=StratifiedKFold(n_splits=10, random_state=None, shuffle=False), fit_kwargs={}, plot_kwargs=None, groups=None, feature_name=None, label=False, verbose=False, system=True, display=None, display_format=None)
2025-10-31 10:55:41,665:INFO:Checking exceptions
2025-10-31 10:55:41,681:INFO:Preloading libraries
2025-10-31 10:55:41,681:INFO:Copying training dataset
2025-10-31 10:55:41,681:INFO:Plot type: parameter
2025-10-31 10:55:41,681:INFO:Visual Rendered Successfully
2025-10-31 10:55:41,747:INFO:plot_model() successfully completed......................................
2025-10-31 10:55:42,802:INFO:Initializing plot_model()
2025-10-31 10:55:42,802:INFO:plot_model(self=<pycaret.classification.oop.ClassificationExperiment object at 0x00000161773A0A10>, estimator=ExtraTreesClassifier(n_jobs=-1, random_state=123), plot=pipeline, scale=1, save=False, fold=StratifiedKFold(n_splits=10, random_state=None, shuffle=False), fit_kwargs={}, plot_kwargs=None, groups=None, feature_name=None, label=False, verbose=False, system=True, display=None, display_format=None)
2025-10-31 10:55:42,802:INFO:Checking exceptions
2025-10-31 10:55:42,820:INFO:Preloading libraries
2025-10-31 10:55:42,825:INFO:Copying training dataset
2025-10-31 10:55:42,825:INFO:Plot type: pipeline
2025-10-31 10:55:42,865:INFO:Visual Rendered Successfully
2025-10-31 10:55:42,921:INFO:plot_model() successfully completed......................................
2025-10-31 10:55:43,784:INFO:Initializing plot_model()
2025-10-31 10:55:43,784:INFO:plot_model(self=<pycaret.classification.oop.ClassificationExperiment object at 0x00000161773A0A10>, estimator=ExtraTreesClassifier(n_jobs=-1, random_state=123), plot=auc, scale=1, save=False, fold=StratifiedKFold(n_splits=10, random_state=None, shuffle=False), fit_kwargs={}, plot_kwargs=None, groups=None, feature_name=None, label=False, verbose=False, system=True, display=None, display_format=None)
2025-10-31 10:55:43,784:INFO:Checking exceptions
2025-10-31 10:55:43,803:INFO:Preloading libraries
2025-10-31 10:55:43,810:INFO:Copying training dataset
2025-10-31 10:55:43,810:INFO:Plot type: auc
2025-10-31 10:55:43,842:INFO:Fitting Model
2025-10-31 10:55:43,842:WARNING:C:\Users\User\miniconda3\envs\py3_11_9\Lib\site-packages\sklearn\base.py:493: UserWarning: X does not have valid feature names, but ExtraTreesClassifier was fitted with feature names
  warnings.warn(

2025-10-31 10:55:43,842:INFO:Scoring test/hold-out set
2025-10-31 10:55:43,987:INFO:Visual Rendered Successfully
2025-10-31 10:55:44,053:INFO:plot_model() successfully completed......................................
2025-10-31 10:55:45,894:INFO:Initializing plot_model()
2025-10-31 10:55:45,894:INFO:plot_model(self=<pycaret.classification.oop.ClassificationExperiment object at 0x00000161773A0A10>, estimator=ExtraTreesClassifier(n_jobs=-1, random_state=123), plot=pipeline, scale=1, save=False, fold=StratifiedKFold(n_splits=10, random_state=None, shuffle=False), fit_kwargs={}, plot_kwargs=None, groups=None, feature_name=None, label=False, verbose=False, system=True, display=None, display_format=None)
2025-10-31 10:55:45,894:INFO:Checking exceptions
2025-10-31 10:55:45,911:INFO:Preloading libraries
2025-10-31 10:55:45,914:INFO:Copying training dataset
2025-10-31 10:55:45,914:INFO:Plot type: pipeline
2025-10-31 10:55:45,951:INFO:Visual Rendered Successfully
2025-10-31 10:55:46,035:INFO:plot_model() successfully completed......................................
2025-10-31 10:55:58,968:INFO:Initializing finalize_model()
2025-10-31 10:55:58,968:INFO:finalize_model(self=<pycaret.classification.oop.ClassificationExperiment object at 0x00000161773A0A10>, estimator=ExtraTreesClassifier(bootstrap=False, ccp_alpha=0.0, class_weight=None,
                     criterion='gini', max_depth=None, max_features='sqrt',
                     max_leaf_nodes=None, max_samples=None,
                     min_impurity_decrease=0.0, min_samples_leaf=1,
                     min_samples_split=2, min_weight_fraction_leaf=0.0,
                     monotonic_cst=None, n_estimators=100, n_jobs=-1,
                     oob_score=False, random_state=123, verbose=0,
                     warm_start=False), fit_kwargs=None, groups=None, model_only=False, experiment_custom_tags=None)
2025-10-31 10:55:58,968:INFO:Finalizing ExtraTreesClassifier(bootstrap=False, ccp_alpha=0.0, class_weight=None,
                     criterion='gini', max_depth=None, max_features='sqrt',
                     max_leaf_nodes=None, max_samples=None,
                     min_impurity_decrease=0.0, min_samples_leaf=1,
                     min_samples_split=2, min_weight_fraction_leaf=0.0,
                     monotonic_cst=None, n_estimators=100, n_jobs=-1,
                     oob_score=False, random_state=123, verbose=0,
                     warm_start=False)
2025-10-31 10:55:58,976:INFO:Initializing create_model()
2025-10-31 10:55:58,976:INFO:create_model(self=<pycaret.classification.oop.ClassificationExperiment object at 0x00000161773A0A10>, estimator=ExtraTreesClassifier(bootstrap=False, ccp_alpha=0.0, class_weight=None,
                     criterion='gini', max_depth=None, max_features='sqrt',
                     max_leaf_nodes=None, max_samples=None,
                     min_impurity_decrease=0.0, min_samples_leaf=1,
                     min_samples_split=2, min_weight_fraction_leaf=0.0,
                     monotonic_cst=None, n_estimators=100, n_jobs=-1,
                     oob_score=False, random_state=123, verbose=0,
                     warm_start=False), fold=None, round=4, cross_validation=False, predict=False, fit_kwargs={}, groups=None, refit=True, probability_threshold=None, experiment_custom_tags=None, verbose=False, system=False, add_to_model_list=False, metrics=None, display=None, model_only=False, return_train_score=False, error_score=0.0, kwargs={})
2025-10-31 10:55:58,976:INFO:Checking exceptions
2025-10-31 10:55:58,977:INFO:Importing libraries
2025-10-31 10:55:58,977:INFO:Copying training dataset
2025-10-31 10:55:58,978:INFO:Defining folds
2025-10-31 10:55:58,978:INFO:Declaring metric variables
2025-10-31 10:55:58,978:INFO:Importing untrained model
2025-10-31 10:55:58,978:INFO:Declaring custom model
2025-10-31 10:55:58,978:INFO:Extra Trees Classifier Imported successfully
2025-10-31 10:55:58,979:INFO:Cross validation set to False
2025-10-31 10:55:58,979:INFO:Fitting Model
2025-10-31 10:55:59,075:INFO:Pipeline(memory=Memory(location=None),
         steps=[('numerical_imputer',
                 TransformerWrapper(exclude=None,
                                    include=['Alcohol', 'Malic', 'Ash',
                                             'Alcalinity', 'Magesium',
                                             'Phenols', 'Flavanoids',
                                             'Nonflavanoids', 'Proanthocyanins',
                                             'Color', 'Hue', 'Dilution',
                                             'Proline'],
                                    transformer=SimpleImputer(add_indicator=False,
                                                              copy=True,
                                                              fill_value=None,
                                                              keep_empty_features=False,
                                                              miss...
                 ExtraTreesClassifier(bootstrap=False, ccp_alpha=0.0,
                                      class_weight=None, criterion='gini',
                                      max_depth=None, max_features='sqrt',
                                      max_leaf_nodes=None, max_samples=None,
                                      min_impurity_decrease=0.0,
                                      min_samples_leaf=1, min_samples_split=2,
                                      min_weight_fraction_leaf=0.0,
                                      monotonic_cst=None, n_estimators=100,
                                      n_jobs=-1, oob_score=False,
                                      random_state=123, verbose=0,
                                      warm_start=False))],
         verbose=False)
2025-10-31 10:55:59,075:INFO:create_model() successfully completed......................................
2025-10-31 10:55:59,122:INFO:_master_model_container: 16
2025-10-31 10:55:59,122:INFO:_display_container: 3
2025-10-31 10:55:59,122:INFO:Pipeline(memory=Memory(location=None),
         steps=[('numerical_imputer',
                 TransformerWrapper(exclude=None,
                                    include=['Alcohol', 'Malic', 'Ash',
                                             'Alcalinity', 'Magesium',
                                             'Phenols', 'Flavanoids',
                                             'Nonflavanoids', 'Proanthocyanins',
                                             'Color', 'Hue', 'Dilution',
                                             'Proline'],
                                    transformer=SimpleImputer(add_indicator=False,
                                                              copy=True,
                                                              fill_value=None,
                                                              keep_empty_features=False,
                                                              miss...
                 ExtraTreesClassifier(bootstrap=False, ccp_alpha=0.0,
                                      class_weight=None, criterion='gini',
                                      max_depth=None, max_features='sqrt',
                                      max_leaf_nodes=None, max_samples=None,
                                      min_impurity_decrease=0.0,
                                      min_samples_leaf=1, min_samples_split=2,
                                      min_weight_fraction_leaf=0.0,
                                      monotonic_cst=None, n_estimators=100,
                                      n_jobs=-1, oob_score=False,
                                      random_state=123, verbose=0,
                                      warm_start=False))],
         verbose=False)
2025-10-31 10:55:59,122:INFO:finalize_model() successfully completed......................................
2025-10-31 10:56:06,448:INFO:Initializing save_model()
2025-10-31 10:56:06,449:INFO:save_model(model=Pipeline(memory=Memory(location=None),
         steps=[('numerical_imputer',
                 TransformerWrapper(exclude=None,
                                    include=['Alcohol', 'Malic', 'Ash',
                                             'Alcalinity', 'Magesium',
                                             'Phenols', 'Flavanoids',
                                             'Nonflavanoids', 'Proanthocyanins',
                                             'Color', 'Hue', 'Dilution',
                                             'Proline'],
                                    transformer=SimpleImputer(add_indicator=False,
                                                              copy=True,
                                                              fill_value=None,
                                                              keep_empty_features=False,
                                                              miss...
                 ExtraTreesClassifier(bootstrap=False, ccp_alpha=0.0,
                                      class_weight=None, criterion='gini',
                                      max_depth=None, max_features='sqrt',
                                      max_leaf_nodes=None, max_samples=None,
                                      min_impurity_decrease=0.0,
                                      min_samples_leaf=1, min_samples_split=2,
                                      min_weight_fraction_leaf=0.0,
                                      monotonic_cst=None, n_estimators=100,
                                      n_jobs=-1, oob_score=False,
                                      random_state=123, verbose=0,
                                      warm_start=False))],
         verbose=False), model_name=wine_model, prep_pipe_=Pipeline(memory=FastMemory(location=C:\Users\User\AppData\Local\Temp\joblib),
         steps=[('numerical_imputer',
                 TransformerWrapper(exclude=None,
                                    include=['Alcohol', 'Malic', 'Ash',
                                             'Alcalinity', 'Magesium',
                                             'Phenols', 'Flavanoids',
                                             'Nonflavanoids', 'Proanthocyanins',
                                             'Color', 'Hue', 'Dilution',
                                             'Proline'],
                                    transformer=SimpleImputer(add_indicator=False,
                                                              copy=True,
                                                              fill_value=None,
                                                              keep_empty_features=False,
                                                              missing_values=nan,
                                                              strategy='mean'))),
                ('categorical_imputer',
                 TransformerWrapper(exclude=None, include=[],
                                    transformer=SimpleImputer(add_indicator=False,
                                                              copy=True,
                                                              fill_value=None,
                                                              keep_empty_features=False,
                                                              missing_values=nan,
                                                              strategy='most_frequent')))],
         verbose=False), verbose=True, use_case=MLUsecase.CLASSIFICATION, kwargs={})
2025-10-31 10:56:06,449:INFO:Adding model into prep_pipe
2025-10-31 10:56:06,449:WARNING:Only Model saved as it was a pipeline.
2025-10-31 10:56:06,494:INFO:wine_model.pkl saved in current working directory
2025-10-31 10:56:06,498:INFO:Pipeline(memory=Memory(location=None),
         steps=[('numerical_imputer',
                 TransformerWrapper(exclude=None,
                                    include=['Alcohol', 'Malic', 'Ash',
                                             'Alcalinity', 'Magesium',
                                             'Phenols', 'Flavanoids',
                                             'Nonflavanoids', 'Proanthocyanins',
                                             'Color', 'Hue', 'Dilution',
                                             'Proline'],
                                    transformer=SimpleImputer(add_indicator=False,
                                                              copy=True,
                                                              fill_value=None,
                                                              keep_empty_features=False,
                                                              miss...
                 ExtraTreesClassifier(bootstrap=False, ccp_alpha=0.0,
                                      class_weight=None, criterion='gini',
                                      max_depth=None, max_features='sqrt',
                                      max_leaf_nodes=None, max_samples=None,
                                      min_impurity_decrease=0.0,
                                      min_samples_leaf=1, min_samples_split=2,
                                      min_weight_fraction_leaf=0.0,
                                      monotonic_cst=None, n_estimators=100,
                                      n_jobs=-1, oob_score=False,
                                      random_state=123, verbose=0,
                                      warm_start=False))],
         verbose=False)
2025-10-31 10:56:06,498:INFO:save_model() successfully completed......................................
2025-10-31 10:56:19,749:INFO:Initializing load_model()
2025-10-31 10:56:19,749:INFO:load_model(model_name=wine_model, platform=None, authentication=None, verbose=True)
2025-10-31 10:56:48,502:INFO:Initializing predict_model()
2025-10-31 10:56:48,502:INFO:predict_model(self=<pycaret.classification.oop.ClassificationExperiment object at 0x00000161773A0A10>, estimator=Pipeline(memory=FastMemory(location=C:\Users\User\AppData\Local\Temp\joblib),
         steps=[('numerical_imputer',
                 TransformerWrapper(exclude=None,
                                    include=['Alcohol', 'Malic', 'Ash',
                                             'Alcalinity', 'Magesium',
                                             'Phenols', 'Flavanoids',
                                             'Nonflavanoids', 'Proanthocyanins',
                                             'Color', 'Hue', 'Dilution',
                                             'Proline'],
                                    transformer=SimpleImputer(add_indicator=False,
                                                              copy=True,
                                                              fill_va...
                 ExtraTreesClassifier(bootstrap=False, ccp_alpha=0.0,
                                      class_weight=None, criterion='gini',
                                      max_depth=None, max_features='sqrt',
                                      max_leaf_nodes=None, max_samples=None,
                                      min_impurity_decrease=0.0,
                                      min_samples_leaf=1, min_samples_split=2,
                                      min_weight_fraction_leaf=0.0,
                                      monotonic_cst=None, n_estimators=100,
                                      n_jobs=-1, oob_score=False,
                                      random_state=123, verbose=0,
                                      warm_start=False))],
         verbose=False), probability_threshold=None, encoded_labels=False, raw_score=False, round=4, verbose=True, ml_usecase=None, preprocess=True, encode_labels=<function _SupervisedExperiment.predict_model.<locals>.encode_labels at 0x0000016178D03420>)
2025-10-31 10:56:48,502:INFO:Checking exceptions
2025-10-31 10:56:48,502:INFO:Preloading libraries
2025-10-31 10:56:48,504:INFO:Set up data.
2025-10-31 10:56:48,504:INFO:Set up index.
2025-10-31 10:57:16,644:INFO:Initializing plot_model()
2025-10-31 10:57:16,644:INFO:plot_model(self=<pycaret.classification.oop.ClassificationExperiment object at 0x00000161773A0A10>, estimator=ExtraTreesClassifier(n_jobs=-1, random_state=123), plot=class_report, scale=1, save=False, fold=StratifiedKFold(n_splits=10, random_state=None, shuffle=False), fit_kwargs={}, plot_kwargs=None, groups=None, feature_name=None, label=False, verbose=False, system=True, display=None, display_format=None)
2025-10-31 10:57:16,644:INFO:Checking exceptions
2025-10-31 10:57:16,678:INFO:Preloading libraries
2025-10-31 10:57:16,685:INFO:Copying training dataset
2025-10-31 10:57:16,685:INFO:Plot type: class_report
2025-10-31 10:57:16,729:INFO:Fitting Model
2025-10-31 10:57:16,729:WARNING:C:\Users\User\miniconda3\envs\py3_11_9\Lib\site-packages\sklearn\base.py:493: UserWarning: X does not have valid feature names, but ExtraTreesClassifier was fitted with feature names
  warnings.warn(

2025-10-31 10:57:16,729:INFO:Scoring test/hold-out set
2025-10-31 10:57:16,865:INFO:Visual Rendered Successfully
2025-10-31 10:57:16,927:INFO:plot_model() successfully completed......................................
2025-10-31 11:00:40,674:WARNING:
'cuml' is a soft dependency and not included in the pycaret installation. Please run: `pip install cuml` to install.
2025-10-31 11:00:40,674:WARNING:
'cuml' is a soft dependency and not included in the pycaret installation. Please run: `pip install cuml` to install.
2025-10-31 11:00:40,674:WARNING:
'cuml' is a soft dependency and not included in the pycaret installation. Please run: `pip install cuml` to install.
2025-10-31 11:00:40,674:WARNING:
'cuml' is a soft dependency and not included in the pycaret installation. Please run: `pip install cuml` to install.
2025-10-31 11:00:48,097:INFO:PyCaret ClassificationExperiment
2025-10-31 11:00:48,097:INFO:Logging name: clf-default-name
2025-10-31 11:00:48,097:INFO:ML Usecase: MLUsecase.CLASSIFICATION
2025-10-31 11:00:48,097:INFO:version 3.3.2
2025-10-31 11:00:48,097:INFO:Initializing setup()
2025-10-31 11:00:48,097:INFO:self.USI: c8b5
2025-10-31 11:00:48,097:INFO:self._variable_keys: {'_available_plots', 'fold_generator', 'seed', 'data', 'y_train', 'X_train', 'html_param', 'n_jobs_param', 'logging_param', 'X', 'pipeline', 'gpu_param', 'y_test', 'X_test', 'log_plots_param', 'y', 'USI', 'is_multiclass', 'target_param', 'memory', '_ml_usecase', 'fix_imbalance', 'exp_id', 'fold_groups_param', 'exp_name_log', 'gpu_n_jobs_param', 'fold_shuffle_param', 'idx'}
2025-10-31 11:00:48,097:INFO:Checking environment
2025-10-31 11:00:48,097:INFO:python_version: 3.11.9
2025-10-31 11:00:48,097:INFO:python_build: ('main', 'Apr 19 2024 16:40:41')
2025-10-31 11:00:48,097:INFO:machine: AMD64
2025-10-31 11:00:48,097:INFO:platform: Windows-10-10.0.19045-SP0
2025-10-31 11:00:48,102:INFO:Memory: svmem(total=34046668800, available=21728514048, percent=36.2, used=12318154752, free=21728514048)
2025-10-31 11:00:48,103:INFO:Physical Core: 10
2025-10-31 11:00:48,103:INFO:Logical Core: 12
2025-10-31 11:00:48,103:INFO:Checking libraries
2025-10-31 11:00:48,103:INFO:System:
2025-10-31 11:00:48,104:INFO:    python: 3.11.9 | packaged by Anaconda, Inc. | (main, Apr 19 2024, 16:40:41) [MSC v.1916 64 bit (AMD64)]
2025-10-31 11:00:48,104:INFO:executable: C:\Users\User\miniconda3\envs\py3_11_9\python.exe
2025-10-31 11:00:48,104:INFO:   machine: Windows-10-10.0.19045-SP0
2025-10-31 11:00:48,104:INFO:PyCaret required dependencies:
2025-10-31 11:00:48,124:INFO:                 pip: 25.2
2025-10-31 11:00:48,125:INFO:          setuptools: 80.9.0
2025-10-31 11:00:48,125:INFO:             pycaret: 3.3.2
2025-10-31 11:00:48,125:INFO:             IPython: 9.6.0
2025-10-31 11:00:48,125:INFO:          ipywidgets: 8.1.7
2025-10-31 11:00:48,125:INFO:                tqdm: 4.67.1
2025-10-31 11:00:48,125:INFO:               numpy: 1.26.4
2025-10-31 11:00:48,125:INFO:              pandas: 2.1.4
2025-10-31 11:00:48,125:INFO:              jinja2: 3.1.6
2025-10-31 11:00:48,125:INFO:               scipy: 1.11.4
2025-10-31 11:00:48,125:INFO:              joblib: 1.3.2
2025-10-31 11:00:48,125:INFO:             sklearn: 1.4.2
2025-10-31 11:00:48,125:INFO:                pyod: 2.0.5
2025-10-31 11:00:48,125:INFO:            imblearn: 0.14.0
2025-10-31 11:00:48,125:INFO:   category_encoders: 2.7.0
2025-10-31 11:00:48,125:INFO:            lightgbm: 4.6.0
2025-10-31 11:00:48,125:INFO:               numba: 0.62.1
2025-10-31 11:00:48,125:INFO:            requests: 2.32.5
2025-10-31 11:00:48,125:INFO:          matplotlib: 3.7.5
2025-10-31 11:00:48,125:INFO:          scikitplot: 0.3.7
2025-10-31 11:00:48,125:INFO:         yellowbrick: 1.5
2025-10-31 11:00:48,125:INFO:              plotly: 6.3.1
2025-10-31 11:00:48,125:INFO:    plotly-resampler: Not installed
2025-10-31 11:00:48,125:INFO:             kaleido: 1.1.0
2025-10-31 11:00:48,125:INFO:           schemdraw: 0.15
2025-10-31 11:00:48,125:INFO:         statsmodels: 0.14.5
2025-10-31 11:00:48,125:INFO:              sktime: 0.26.0
2025-10-31 11:00:48,125:INFO:               tbats: 1.1.3
2025-10-31 11:00:48,125:INFO:            pmdarima: 2.0.4
2025-10-31 11:00:48,125:INFO:              psutil: 7.1.2
2025-10-31 11:00:48,125:INFO:          markupsafe: 3.0.3
2025-10-31 11:00:48,125:INFO:             pickle5: Not installed
2025-10-31 11:00:48,125:INFO:         cloudpickle: 3.1.1
2025-10-31 11:00:48,125:INFO:         deprecation: 2.1.0
2025-10-31 11:00:48,125:INFO:              xxhash: 3.6.0
2025-10-31 11:00:48,125:INFO:           wurlitzer: Not installed
2025-10-31 11:00:48,125:INFO:PyCaret optional dependencies:
2025-10-31 11:00:48,130:INFO:                shap: Not installed
2025-10-31 11:00:48,130:INFO:           interpret: Not installed
2025-10-31 11:00:48,130:INFO:                umap: Not installed
2025-10-31 11:00:48,130:INFO:     ydata_profiling: Not installed
2025-10-31 11:00:48,130:INFO:  explainerdashboard: Not installed
2025-10-31 11:00:48,130:INFO:             autoviz: Not installed
2025-10-31 11:00:48,130:INFO:           fairlearn: Not installed
2025-10-31 11:00:48,130:INFO:          deepchecks: Not installed
2025-10-31 11:00:48,130:INFO:             xgboost: Not installed
2025-10-31 11:00:48,130:INFO:            catboost: Not installed
2025-10-31 11:00:48,130:INFO:              kmodes: Not installed
2025-10-31 11:00:48,130:INFO:             mlxtend: Not installed
2025-10-31 11:00:48,130:INFO:       statsforecast: Not installed
2025-10-31 11:00:48,130:INFO:        tune_sklearn: Not installed
2025-10-31 11:00:48,130:INFO:                 ray: Not installed
2025-10-31 11:00:48,130:INFO:            hyperopt: Not installed
2025-10-31 11:00:48,130:INFO:              optuna: Not installed
2025-10-31 11:00:48,130:INFO:               skopt: Not installed
2025-10-31 11:00:48,130:INFO:              mlflow: Not installed
2025-10-31 11:00:48,130:INFO:              gradio: Not installed
2025-10-31 11:00:48,131:INFO:             fastapi: Not installed
2025-10-31 11:00:48,131:INFO:             uvicorn: Not installed
2025-10-31 11:00:48,131:INFO:              m2cgen: Not installed
2025-10-31 11:00:48,131:INFO:           evidently: Not installed
2025-10-31 11:00:48,131:INFO:               fugue: Not installed
2025-10-31 11:00:48,131:INFO:           streamlit: Not installed
2025-10-31 11:00:48,131:INFO:             prophet: Not installed
2025-10-31 11:00:48,131:INFO:None
2025-10-31 11:00:48,131:INFO:Set up data.
2025-10-31 11:00:52,137:INFO:PyCaret ClassificationExperiment
2025-10-31 11:00:52,137:INFO:Logging name: clf-default-name
2025-10-31 11:00:52,137:INFO:ML Usecase: MLUsecase.CLASSIFICATION
2025-10-31 11:00:52,137:INFO:version 3.3.2
2025-10-31 11:00:52,137:INFO:Initializing setup()
2025-10-31 11:00:52,137:INFO:self.USI: 2689
2025-10-31 11:00:52,137:INFO:self._variable_keys: {'_available_plots', 'fold_generator', 'seed', 'data', 'y_train', 'X_train', 'html_param', 'n_jobs_param', 'logging_param', 'X', 'pipeline', 'gpu_param', 'y_test', 'X_test', 'log_plots_param', 'y', 'USI', 'is_multiclass', 'target_param', 'memory', '_ml_usecase', 'fix_imbalance', 'exp_id', 'fold_groups_param', 'exp_name_log', 'gpu_n_jobs_param', 'fold_shuffle_param', 'idx'}
2025-10-31 11:00:52,138:INFO:Checking environment
2025-10-31 11:00:52,138:INFO:python_version: 3.11.9
2025-10-31 11:00:52,138:INFO:python_build: ('main', 'Apr 19 2024 16:40:41')
2025-10-31 11:00:52,138:INFO:machine: AMD64
2025-10-31 11:00:52,138:INFO:platform: Windows-10-10.0.19045-SP0
2025-10-31 11:00:52,141:INFO:Memory: svmem(total=34046668800, available=21710958592, percent=36.2, used=12335710208, free=21710958592)
2025-10-31 11:00:52,141:INFO:Physical Core: 10
2025-10-31 11:00:52,141:INFO:Logical Core: 12
2025-10-31 11:00:52,141:INFO:Checking libraries
2025-10-31 11:00:52,141:INFO:System:
2025-10-31 11:00:52,141:INFO:    python: 3.11.9 | packaged by Anaconda, Inc. | (main, Apr 19 2024, 16:40:41) [MSC v.1916 64 bit (AMD64)]
2025-10-31 11:00:52,141:INFO:executable: C:\Users\User\miniconda3\envs\py3_11_9\python.exe
2025-10-31 11:00:52,141:INFO:   machine: Windows-10-10.0.19045-SP0
2025-10-31 11:00:52,141:INFO:PyCaret required dependencies:
2025-10-31 11:00:52,141:INFO:                 pip: 25.2
2025-10-31 11:00:52,141:INFO:          setuptools: 80.9.0
2025-10-31 11:00:52,141:INFO:             pycaret: 3.3.2
2025-10-31 11:00:52,141:INFO:             IPython: 9.6.0
2025-10-31 11:00:52,141:INFO:          ipywidgets: 8.1.7
2025-10-31 11:00:52,141:INFO:                tqdm: 4.67.1
2025-10-31 11:00:52,141:INFO:               numpy: 1.26.4
2025-10-31 11:00:52,141:INFO:              pandas: 2.1.4
2025-10-31 11:00:52,141:INFO:              jinja2: 3.1.6
2025-10-31 11:00:52,141:INFO:               scipy: 1.11.4
2025-10-31 11:00:52,141:INFO:              joblib: 1.3.2
2025-10-31 11:00:52,141:INFO:             sklearn: 1.4.2
2025-10-31 11:00:52,141:INFO:                pyod: 2.0.5
2025-10-31 11:00:52,141:INFO:            imblearn: 0.14.0
2025-10-31 11:00:52,141:INFO:   category_encoders: 2.7.0
2025-10-31 11:00:52,141:INFO:            lightgbm: 4.6.0
2025-10-31 11:00:52,141:INFO:               numba: 0.62.1
2025-10-31 11:00:52,141:INFO:            requests: 2.32.5
2025-10-31 11:00:52,141:INFO:          matplotlib: 3.7.5
2025-10-31 11:00:52,141:INFO:          scikitplot: 0.3.7
2025-10-31 11:00:52,141:INFO:         yellowbrick: 1.5
2025-10-31 11:00:52,141:INFO:              plotly: 6.3.1
2025-10-31 11:00:52,141:INFO:    plotly-resampler: Not installed
2025-10-31 11:00:52,141:INFO:             kaleido: 1.1.0
2025-10-31 11:00:52,141:INFO:           schemdraw: 0.15
2025-10-31 11:00:52,141:INFO:         statsmodels: 0.14.5
2025-10-31 11:00:52,141:INFO:              sktime: 0.26.0
2025-10-31 11:00:52,141:INFO:               tbats: 1.1.3
2025-10-31 11:00:52,141:INFO:            pmdarima: 2.0.4
2025-10-31 11:00:52,141:INFO:              psutil: 7.1.2
2025-10-31 11:00:52,141:INFO:          markupsafe: 3.0.3
2025-10-31 11:00:52,141:INFO:             pickle5: Not installed
2025-10-31 11:00:52,141:INFO:         cloudpickle: 3.1.1
2025-10-31 11:00:52,141:INFO:         deprecation: 2.1.0
2025-10-31 11:00:52,141:INFO:              xxhash: 3.6.0
2025-10-31 11:00:52,141:INFO:           wurlitzer: Not installed
2025-10-31 11:00:52,141:INFO:PyCaret optional dependencies:
2025-10-31 11:00:52,141:INFO:                shap: Not installed
2025-10-31 11:00:52,141:INFO:           interpret: Not installed
2025-10-31 11:00:52,141:INFO:                umap: Not installed
2025-10-31 11:00:52,141:INFO:     ydata_profiling: Not installed
2025-10-31 11:00:52,141:INFO:  explainerdashboard: Not installed
2025-10-31 11:00:52,141:INFO:             autoviz: Not installed
2025-10-31 11:00:52,141:INFO:           fairlearn: Not installed
2025-10-31 11:00:52,141:INFO:          deepchecks: Not installed
2025-10-31 11:00:52,141:INFO:             xgboost: Not installed
2025-10-31 11:00:52,141:INFO:            catboost: Not installed
2025-10-31 11:00:52,141:INFO:              kmodes: Not installed
2025-10-31 11:00:52,141:INFO:             mlxtend: Not installed
2025-10-31 11:00:52,141:INFO:       statsforecast: Not installed
2025-10-31 11:00:52,141:INFO:        tune_sklearn: Not installed
2025-10-31 11:00:52,141:INFO:                 ray: Not installed
2025-10-31 11:00:52,141:INFO:            hyperopt: Not installed
2025-10-31 11:00:52,141:INFO:              optuna: Not installed
2025-10-31 11:00:52,141:INFO:               skopt: Not installed
2025-10-31 11:00:52,141:INFO:              mlflow: Not installed
2025-10-31 11:00:52,141:INFO:              gradio: Not installed
2025-10-31 11:00:52,141:INFO:             fastapi: Not installed
2025-10-31 11:00:52,141:INFO:             uvicorn: Not installed
2025-10-31 11:00:52,141:INFO:              m2cgen: Not installed
2025-10-31 11:00:52,141:INFO:           evidently: Not installed
2025-10-31 11:00:52,141:INFO:               fugue: Not installed
2025-10-31 11:00:52,141:INFO:           streamlit: Not installed
2025-10-31 11:00:52,141:INFO:             prophet: Not installed
2025-10-31 11:00:52,141:INFO:None
2025-10-31 11:00:52,141:INFO:Set up data.
2025-10-31 11:00:52,141:INFO:Set up folding strategy.
2025-10-31 11:00:52,141:INFO:Set up train/test split.
2025-10-31 11:01:19,506:INFO:PyCaret ClassificationExperiment
2025-10-31 11:01:19,506:INFO:Logging name: clf-default-name
2025-10-31 11:01:19,506:INFO:ML Usecase: MLUsecase.CLASSIFICATION
2025-10-31 11:01:19,506:INFO:version 3.3.2
2025-10-31 11:01:19,506:INFO:Initializing setup()
2025-10-31 11:01:19,506:INFO:self.USI: cab6
2025-10-31 11:01:19,506:INFO:self._variable_keys: {'_available_plots', 'fold_generator', 'seed', 'data', 'y_train', 'X_train', 'html_param', 'n_jobs_param', 'logging_param', 'X', 'pipeline', 'gpu_param', 'y_test', 'X_test', 'log_plots_param', 'y', 'USI', 'is_multiclass', 'target_param', 'memory', '_ml_usecase', 'fix_imbalance', 'exp_id', 'fold_groups_param', 'exp_name_log', 'gpu_n_jobs_param', 'fold_shuffle_param', 'idx'}
2025-10-31 11:01:19,506:INFO:Checking environment
2025-10-31 11:01:19,507:INFO:python_version: 3.11.9
2025-10-31 11:01:19,507:INFO:python_build: ('main', 'Apr 19 2024 16:40:41')
2025-10-31 11:01:19,507:INFO:machine: AMD64
2025-10-31 11:01:19,507:INFO:platform: Windows-10-10.0.19045-SP0
2025-10-31 11:01:19,510:INFO:Memory: svmem(total=34046668800, available=21735153664, percent=36.2, used=12311515136, free=21735153664)
2025-10-31 11:01:19,510:INFO:Physical Core: 10
2025-10-31 11:01:19,510:INFO:Logical Core: 12
2025-10-31 11:01:19,510:INFO:Checking libraries
2025-10-31 11:01:19,510:INFO:System:
2025-10-31 11:01:19,510:INFO:    python: 3.11.9 | packaged by Anaconda, Inc. | (main, Apr 19 2024, 16:40:41) [MSC v.1916 64 bit (AMD64)]
2025-10-31 11:01:19,510:INFO:executable: C:\Users\User\miniconda3\envs\py3_11_9\python.exe
2025-10-31 11:01:19,510:INFO:   machine: Windows-10-10.0.19045-SP0
2025-10-31 11:01:19,510:INFO:PyCaret required dependencies:
2025-10-31 11:01:19,510:INFO:                 pip: 25.2
2025-10-31 11:01:19,510:INFO:          setuptools: 80.9.0
2025-10-31 11:01:19,510:INFO:             pycaret: 3.3.2
2025-10-31 11:01:19,510:INFO:             IPython: 9.6.0
2025-10-31 11:01:19,511:INFO:          ipywidgets: 8.1.7
2025-10-31 11:01:19,511:INFO:                tqdm: 4.67.1
2025-10-31 11:01:19,511:INFO:               numpy: 1.26.4
2025-10-31 11:01:19,511:INFO:              pandas: 2.1.4
2025-10-31 11:01:19,511:INFO:              jinja2: 3.1.6
2025-10-31 11:01:19,511:INFO:               scipy: 1.11.4
2025-10-31 11:01:19,511:INFO:              joblib: 1.3.2
2025-10-31 11:01:19,511:INFO:             sklearn: 1.4.2
2025-10-31 11:01:19,511:INFO:                pyod: 2.0.5
2025-10-31 11:01:19,511:INFO:            imblearn: 0.14.0
2025-10-31 11:01:19,511:INFO:   category_encoders: 2.7.0
2025-10-31 11:01:19,511:INFO:            lightgbm: 4.6.0
2025-10-31 11:01:19,511:INFO:               numba: 0.62.1
2025-10-31 11:01:19,511:INFO:            requests: 2.32.5
2025-10-31 11:01:19,511:INFO:          matplotlib: 3.7.5
2025-10-31 11:01:19,511:INFO:          scikitplot: 0.3.7
2025-10-31 11:01:19,511:INFO:         yellowbrick: 1.5
2025-10-31 11:01:19,511:INFO:              plotly: 6.3.1
2025-10-31 11:01:19,511:INFO:    plotly-resampler: Not installed
2025-10-31 11:01:19,511:INFO:             kaleido: 1.1.0
2025-10-31 11:01:19,511:INFO:           schemdraw: 0.15
2025-10-31 11:01:19,512:INFO:         statsmodels: 0.14.5
2025-10-31 11:01:19,512:INFO:              sktime: 0.26.0
2025-10-31 11:01:19,512:INFO:               tbats: 1.1.3
2025-10-31 11:01:19,512:INFO:            pmdarima: 2.0.4
2025-10-31 11:01:19,512:INFO:              psutil: 7.1.2
2025-10-31 11:01:19,512:INFO:          markupsafe: 3.0.3
2025-10-31 11:01:19,512:INFO:             pickle5: Not installed
2025-10-31 11:01:19,512:INFO:         cloudpickle: 3.1.1
2025-10-31 11:01:19,512:INFO:         deprecation: 2.1.0
2025-10-31 11:01:19,512:INFO:              xxhash: 3.6.0
2025-10-31 11:01:19,512:INFO:           wurlitzer: Not installed
2025-10-31 11:01:19,512:INFO:PyCaret optional dependencies:
2025-10-31 11:01:19,512:INFO:                shap: Not installed
2025-10-31 11:01:19,512:INFO:           interpret: Not installed
2025-10-31 11:01:19,512:INFO:                umap: Not installed
2025-10-31 11:01:19,512:INFO:     ydata_profiling: Not installed
2025-10-31 11:01:19,512:INFO:  explainerdashboard: Not installed
2025-10-31 11:01:19,512:INFO:             autoviz: Not installed
2025-10-31 11:01:19,512:INFO:           fairlearn: Not installed
2025-10-31 11:01:19,513:INFO:          deepchecks: Not installed
2025-10-31 11:01:19,513:INFO:             xgboost: Not installed
2025-10-31 11:01:19,513:INFO:            catboost: Not installed
2025-10-31 11:01:19,513:INFO:              kmodes: Not installed
2025-10-31 11:01:19,513:INFO:             mlxtend: Not installed
2025-10-31 11:01:19,513:INFO:       statsforecast: Not installed
2025-10-31 11:01:19,513:INFO:        tune_sklearn: Not installed
2025-10-31 11:01:19,513:INFO:                 ray: Not installed
2025-10-31 11:01:19,513:INFO:            hyperopt: Not installed
2025-10-31 11:01:19,513:INFO:              optuna: Not installed
2025-10-31 11:01:19,513:INFO:               skopt: Not installed
2025-10-31 11:01:19,513:INFO:              mlflow: Not installed
2025-10-31 11:01:19,513:INFO:              gradio: Not installed
2025-10-31 11:01:19,513:INFO:             fastapi: Not installed
2025-10-31 11:01:19,513:INFO:             uvicorn: Not installed
2025-10-31 11:01:19,513:INFO:              m2cgen: Not installed
2025-10-31 11:01:19,513:INFO:           evidently: Not installed
2025-10-31 11:01:19,513:INFO:               fugue: Not installed
2025-10-31 11:01:19,513:INFO:           streamlit: Not installed
2025-10-31 11:01:19,513:INFO:             prophet: Not installed
2025-10-31 11:01:19,514:INFO:None
2025-10-31 11:01:19,514:INFO:Set up data.
2025-10-31 11:01:19,519:INFO:Set up folding strategy.
2025-10-31 11:01:19,519:INFO:Set up train/test split.
2025-10-31 11:02:13,802:INFO:PyCaret ClassificationExperiment
2025-10-31 11:02:13,802:INFO:Logging name: clf-default-name
2025-10-31 11:02:13,802:INFO:ML Usecase: MLUsecase.CLASSIFICATION
2025-10-31 11:02:13,802:INFO:version 3.3.2
2025-10-31 11:02:13,802:INFO:Initializing setup()
2025-10-31 11:02:13,802:INFO:self.USI: 26e8
2025-10-31 11:02:13,802:INFO:self._variable_keys: {'_available_plots', 'fold_generator', 'seed', 'data', 'y_train', 'X_train', 'html_param', 'n_jobs_param', 'logging_param', 'X', 'pipeline', 'gpu_param', 'y_test', 'X_test', 'log_plots_param', 'y', 'USI', 'is_multiclass', 'target_param', 'memory', '_ml_usecase', 'fix_imbalance', 'exp_id', 'fold_groups_param', 'exp_name_log', 'gpu_n_jobs_param', 'fold_shuffle_param', 'idx'}
2025-10-31 11:02:13,802:INFO:Checking environment
2025-10-31 11:02:13,802:INFO:python_version: 3.11.9
2025-10-31 11:02:13,802:INFO:python_build: ('main', 'Apr 19 2024 16:40:41')
2025-10-31 11:02:13,802:INFO:machine: AMD64
2025-10-31 11:02:13,802:INFO:platform: Windows-10-10.0.19045-SP0
2025-10-31 11:02:13,805:INFO:Memory: svmem(total=34046668800, available=21686554624, percent=36.3, used=12360114176, free=21686554624)
2025-10-31 11:02:13,805:INFO:Physical Core: 10
2025-10-31 11:02:13,805:INFO:Logical Core: 12
2025-10-31 11:02:13,805:INFO:Checking libraries
2025-10-31 11:02:13,805:INFO:System:
2025-10-31 11:02:13,806:INFO:    python: 3.11.9 | packaged by Anaconda, Inc. | (main, Apr 19 2024, 16:40:41) [MSC v.1916 64 bit (AMD64)]
2025-10-31 11:02:13,806:INFO:executable: C:\Users\User\miniconda3\envs\py3_11_9\python.exe
2025-10-31 11:02:13,806:INFO:   machine: Windows-10-10.0.19045-SP0
2025-10-31 11:02:13,806:INFO:PyCaret required dependencies:
2025-10-31 11:02:13,806:INFO:                 pip: 25.2
2025-10-31 11:02:13,806:INFO:          setuptools: 80.9.0
2025-10-31 11:02:13,806:INFO:             pycaret: 3.3.2
2025-10-31 11:02:13,806:INFO:             IPython: 9.6.0
2025-10-31 11:02:13,806:INFO:          ipywidgets: 8.1.7
2025-10-31 11:02:13,806:INFO:                tqdm: 4.67.1
2025-10-31 11:02:13,806:INFO:               numpy: 1.26.4
2025-10-31 11:02:13,806:INFO:              pandas: 2.1.4
2025-10-31 11:02:13,806:INFO:              jinja2: 3.1.6
2025-10-31 11:02:13,806:INFO:               scipy: 1.11.4
2025-10-31 11:02:13,806:INFO:              joblib: 1.3.2
2025-10-31 11:02:13,806:INFO:             sklearn: 1.4.2
2025-10-31 11:02:13,806:INFO:                pyod: 2.0.5
2025-10-31 11:02:13,806:INFO:            imblearn: 0.14.0
2025-10-31 11:02:13,806:INFO:   category_encoders: 2.7.0
2025-10-31 11:02:13,806:INFO:            lightgbm: 4.6.0
2025-10-31 11:02:13,807:INFO:               numba: 0.62.1
2025-10-31 11:02:13,807:INFO:            requests: 2.32.5
2025-10-31 11:02:13,807:INFO:          matplotlib: 3.7.5
2025-10-31 11:02:13,807:INFO:          scikitplot: 0.3.7
2025-10-31 11:02:13,807:INFO:         yellowbrick: 1.5
2025-10-31 11:02:13,807:INFO:              plotly: 6.3.1
2025-10-31 11:02:13,807:INFO:    plotly-resampler: Not installed
2025-10-31 11:02:13,807:INFO:             kaleido: 1.1.0
2025-10-31 11:02:13,807:INFO:           schemdraw: 0.15
2025-10-31 11:02:13,807:INFO:         statsmodels: 0.14.5
2025-10-31 11:02:13,807:INFO:              sktime: 0.26.0
2025-10-31 11:02:13,807:INFO:               tbats: 1.1.3
2025-10-31 11:02:13,807:INFO:            pmdarima: 2.0.4
2025-10-31 11:02:13,807:INFO:              psutil: 7.1.2
2025-10-31 11:02:13,807:INFO:          markupsafe: 3.0.3
2025-10-31 11:02:13,807:INFO:             pickle5: Not installed
2025-10-31 11:02:13,807:INFO:         cloudpickle: 3.1.1
2025-10-31 11:02:13,807:INFO:         deprecation: 2.1.0
2025-10-31 11:02:13,807:INFO:              xxhash: 3.6.0
2025-10-31 11:02:13,807:INFO:           wurlitzer: Not installed
2025-10-31 11:02:13,807:INFO:PyCaret optional dependencies:
2025-10-31 11:02:13,807:INFO:                shap: Not installed
2025-10-31 11:02:13,807:INFO:           interpret: Not installed
2025-10-31 11:02:13,807:INFO:                umap: Not installed
2025-10-31 11:02:13,807:INFO:     ydata_profiling: Not installed
2025-10-31 11:02:13,807:INFO:  explainerdashboard: Not installed
2025-10-31 11:02:13,807:INFO:             autoviz: Not installed
2025-10-31 11:02:13,807:INFO:           fairlearn: Not installed
2025-10-31 11:02:13,807:INFO:          deepchecks: Not installed
2025-10-31 11:02:13,807:INFO:             xgboost: Not installed
2025-10-31 11:02:13,807:INFO:            catboost: Not installed
2025-10-31 11:02:13,807:INFO:              kmodes: Not installed
2025-10-31 11:02:13,807:INFO:             mlxtend: Not installed
2025-10-31 11:02:13,807:INFO:       statsforecast: Not installed
2025-10-31 11:02:13,807:INFO:        tune_sklearn: Not installed
2025-10-31 11:02:13,807:INFO:                 ray: Not installed
2025-10-31 11:02:13,807:INFO:            hyperopt: Not installed
2025-10-31 11:02:13,807:INFO:              optuna: Not installed
2025-10-31 11:02:13,807:INFO:               skopt: Not installed
2025-10-31 11:02:13,807:INFO:              mlflow: Not installed
2025-10-31 11:02:13,807:INFO:              gradio: Not installed
2025-10-31 11:02:13,807:INFO:             fastapi: Not installed
2025-10-31 11:02:13,807:INFO:             uvicorn: Not installed
2025-10-31 11:02:13,807:INFO:              m2cgen: Not installed
2025-10-31 11:02:13,807:INFO:           evidently: Not installed
2025-10-31 11:02:13,807:INFO:               fugue: Not installed
2025-10-31 11:02:13,807:INFO:           streamlit: Not installed
2025-10-31 11:02:13,807:INFO:             prophet: Not installed
2025-10-31 11:02:13,807:INFO:None
2025-10-31 11:02:13,807:INFO:Set up data.
2025-10-31 11:02:13,807:INFO:Set up folding strategy.
2025-10-31 11:02:13,807:INFO:Set up train/test split.
2025-10-31 11:02:19,734:INFO:PyCaret ClassificationExperiment
2025-10-31 11:02:19,734:INFO:Logging name: clf-default-name
2025-10-31 11:02:19,734:INFO:ML Usecase: MLUsecase.CLASSIFICATION
2025-10-31 11:02:19,734:INFO:version 3.3.2
2025-10-31 11:02:19,734:INFO:Initializing setup()
2025-10-31 11:02:19,734:INFO:self.USI: f794
2025-10-31 11:02:19,734:INFO:self._variable_keys: {'_available_plots', 'fold_generator', 'seed', 'data', 'y_train', 'X_train', 'html_param', 'n_jobs_param', 'logging_param', 'X', 'pipeline', 'gpu_param', 'y_test', 'X_test', 'log_plots_param', 'y', 'USI', 'is_multiclass', 'target_param', 'memory', '_ml_usecase', 'fix_imbalance', 'exp_id', 'fold_groups_param', 'exp_name_log', 'gpu_n_jobs_param', 'fold_shuffle_param', 'idx'}
2025-10-31 11:02:19,734:INFO:Checking environment
2025-10-31 11:02:19,734:INFO:python_version: 3.11.9
2025-10-31 11:02:19,735:INFO:python_build: ('main', 'Apr 19 2024 16:40:41')
2025-10-31 11:02:19,735:INFO:machine: AMD64
2025-10-31 11:02:19,735:INFO:platform: Windows-10-10.0.19045-SP0
2025-10-31 11:02:19,738:INFO:Memory: svmem(total=34046668800, available=21689815040, percent=36.3, used=12356853760, free=21689815040)
2025-10-31 11:02:19,738:INFO:Physical Core: 10
2025-10-31 11:02:19,738:INFO:Logical Core: 12
2025-10-31 11:02:19,738:INFO:Checking libraries
2025-10-31 11:02:19,738:INFO:System:
2025-10-31 11:02:19,738:INFO:    python: 3.11.9 | packaged by Anaconda, Inc. | (main, Apr 19 2024, 16:40:41) [MSC v.1916 64 bit (AMD64)]
2025-10-31 11:02:19,738:INFO:executable: C:\Users\User\miniconda3\envs\py3_11_9\python.exe
2025-10-31 11:02:19,738:INFO:   machine: Windows-10-10.0.19045-SP0
2025-10-31 11:02:19,738:INFO:PyCaret required dependencies:
2025-10-31 11:02:19,738:INFO:                 pip: 25.2
2025-10-31 11:02:19,738:INFO:          setuptools: 80.9.0
2025-10-31 11:02:19,738:INFO:             pycaret: 3.3.2
2025-10-31 11:02:19,738:INFO:             IPython: 9.6.0
2025-10-31 11:02:19,739:INFO:          ipywidgets: 8.1.7
2025-10-31 11:02:19,739:INFO:                tqdm: 4.67.1
2025-10-31 11:02:19,739:INFO:               numpy: 1.26.4
2025-10-31 11:02:19,739:INFO:              pandas: 2.1.4
2025-10-31 11:02:19,739:INFO:              jinja2: 3.1.6
2025-10-31 11:02:19,739:INFO:               scipy: 1.11.4
2025-10-31 11:02:19,739:INFO:              joblib: 1.3.2
2025-10-31 11:02:19,739:INFO:             sklearn: 1.4.2
2025-10-31 11:02:19,739:INFO:                pyod: 2.0.5
2025-10-31 11:02:19,739:INFO:            imblearn: 0.14.0
2025-10-31 11:02:19,739:INFO:   category_encoders: 2.7.0
2025-10-31 11:02:19,739:INFO:            lightgbm: 4.6.0
2025-10-31 11:02:19,739:INFO:               numba: 0.62.1
2025-10-31 11:02:19,739:INFO:            requests: 2.32.5
2025-10-31 11:02:19,739:INFO:          matplotlib: 3.7.5
2025-10-31 11:02:19,739:INFO:          scikitplot: 0.3.7
2025-10-31 11:02:19,739:INFO:         yellowbrick: 1.5
2025-10-31 11:02:19,739:INFO:              plotly: 6.3.1
2025-10-31 11:02:19,739:INFO:    plotly-resampler: Not installed
2025-10-31 11:02:19,739:INFO:             kaleido: 1.1.0
2025-10-31 11:02:19,739:INFO:           schemdraw: 0.15
2025-10-31 11:02:19,739:INFO:         statsmodels: 0.14.5
2025-10-31 11:02:19,740:INFO:              sktime: 0.26.0
2025-10-31 11:02:19,740:INFO:               tbats: 1.1.3
2025-10-31 11:02:19,740:INFO:            pmdarima: 2.0.4
2025-10-31 11:02:19,740:INFO:              psutil: 7.1.2
2025-10-31 11:02:19,740:INFO:          markupsafe: 3.0.3
2025-10-31 11:02:19,740:INFO:             pickle5: Not installed
2025-10-31 11:02:19,740:INFO:         cloudpickle: 3.1.1
2025-10-31 11:02:19,740:INFO:         deprecation: 2.1.0
2025-10-31 11:02:19,740:INFO:              xxhash: 3.6.0
2025-10-31 11:02:19,740:INFO:           wurlitzer: Not installed
2025-10-31 11:02:19,740:INFO:PyCaret optional dependencies:
2025-10-31 11:02:19,740:INFO:                shap: Not installed
2025-10-31 11:02:19,740:INFO:           interpret: Not installed
2025-10-31 11:02:19,740:INFO:                umap: Not installed
2025-10-31 11:02:19,740:INFO:     ydata_profiling: Not installed
2025-10-31 11:02:19,740:INFO:  explainerdashboard: Not installed
2025-10-31 11:02:19,740:INFO:             autoviz: Not installed
2025-10-31 11:02:19,740:INFO:           fairlearn: Not installed
2025-10-31 11:02:19,740:INFO:          deepchecks: Not installed
2025-10-31 11:02:19,741:INFO:             xgboost: Not installed
2025-10-31 11:02:19,741:INFO:            catboost: Not installed
2025-10-31 11:02:19,741:INFO:              kmodes: Not installed
2025-10-31 11:02:19,741:INFO:             mlxtend: Not installed
2025-10-31 11:02:19,741:INFO:       statsforecast: Not installed
2025-10-31 11:02:19,741:INFO:        tune_sklearn: Not installed
2025-10-31 11:02:19,741:INFO:                 ray: Not installed
2025-10-31 11:02:19,741:INFO:            hyperopt: Not installed
2025-10-31 11:02:19,741:INFO:              optuna: Not installed
2025-10-31 11:02:19,741:INFO:               skopt: Not installed
2025-10-31 11:02:19,741:INFO:              mlflow: Not installed
2025-10-31 11:02:19,741:INFO:              gradio: Not installed
2025-10-31 11:02:19,741:INFO:             fastapi: Not installed
2025-10-31 11:02:19,741:INFO:             uvicorn: Not installed
2025-10-31 11:02:19,741:INFO:              m2cgen: Not installed
2025-10-31 11:02:19,741:INFO:           evidently: Not installed
2025-10-31 11:02:19,741:INFO:               fugue: Not installed
2025-10-31 11:02:19,741:INFO:           streamlit: Not installed
2025-10-31 11:02:19,741:INFO:             prophet: Not installed
2025-10-31 11:02:19,741:INFO:None
2025-10-31 11:02:19,741:INFO:Set up data.
2025-10-31 11:02:19,746:INFO:Set up folding strategy.
2025-10-31 11:02:19,747:INFO:Set up train/test split.
2025-10-31 11:02:40,811:INFO:PyCaret RegressionExperiment
2025-10-31 11:02:40,811:INFO:Logging name: reg-default-name
2025-10-31 11:02:40,811:INFO:ML Usecase: MLUsecase.REGRESSION
2025-10-31 11:02:40,811:INFO:version 3.3.2
2025-10-31 11:02:40,811:INFO:Initializing setup()
2025-10-31 11:02:40,811:INFO:self.USI: f22a
2025-10-31 11:02:40,811:INFO:self._variable_keys: {'_available_plots', 'fold_generator', 'seed', 'data', 'y_train', 'X_train', 'html_param', 'n_jobs_param', 'logging_param', 'X', 'transform_target_param', 'pipeline', 'gpu_param', 'y_test', 'X_test', 'log_plots_param', 'y', 'USI', 'target_param', 'memory', '_ml_usecase', 'exp_id', 'fold_groups_param', 'exp_name_log', 'gpu_n_jobs_param', 'fold_shuffle_param', 'idx'}
2025-10-31 11:02:40,811:INFO:Checking environment
2025-10-31 11:02:40,811:INFO:python_version: 3.11.9
2025-10-31 11:02:40,811:INFO:python_build: ('main', 'Apr 19 2024 16:40:41')
2025-10-31 11:02:40,811:INFO:machine: AMD64
2025-10-31 11:02:40,811:INFO:platform: Windows-10-10.0.19045-SP0
2025-10-31 11:02:40,811:INFO:Memory: svmem(total=34046668800, available=21686308864, percent=36.3, used=12360359936, free=21686308864)
2025-10-31 11:02:40,811:INFO:Physical Core: 10
2025-10-31 11:02:40,811:INFO:Logical Core: 12
2025-10-31 11:02:40,811:INFO:Checking libraries
2025-10-31 11:02:40,811:INFO:System:
2025-10-31 11:02:40,811:INFO:    python: 3.11.9 | packaged by Anaconda, Inc. | (main, Apr 19 2024, 16:40:41) [MSC v.1916 64 bit (AMD64)]
2025-10-31 11:02:40,811:INFO:executable: C:\Users\User\miniconda3\envs\py3_11_9\python.exe
2025-10-31 11:02:40,811:INFO:   machine: Windows-10-10.0.19045-SP0
2025-10-31 11:02:40,811:INFO:PyCaret required dependencies:
2025-10-31 11:02:40,811:INFO:                 pip: 25.2
2025-10-31 11:02:40,811:INFO:          setuptools: 80.9.0
2025-10-31 11:02:40,811:INFO:             pycaret: 3.3.2
2025-10-31 11:02:40,811:INFO:             IPython: 9.6.0
2025-10-31 11:02:40,811:INFO:          ipywidgets: 8.1.7
2025-10-31 11:02:40,811:INFO:                tqdm: 4.67.1
2025-10-31 11:02:40,811:INFO:               numpy: 1.26.4
2025-10-31 11:02:40,811:INFO:              pandas: 2.1.4
2025-10-31 11:02:40,811:INFO:              jinja2: 3.1.6
2025-10-31 11:02:40,811:INFO:               scipy: 1.11.4
2025-10-31 11:02:40,811:INFO:              joblib: 1.3.2
2025-10-31 11:02:40,811:INFO:             sklearn: 1.4.2
2025-10-31 11:02:40,811:INFO:                pyod: 2.0.5
2025-10-31 11:02:40,811:INFO:            imblearn: 0.14.0
2025-10-31 11:02:40,811:INFO:   category_encoders: 2.7.0
2025-10-31 11:02:40,811:INFO:            lightgbm: 4.6.0
2025-10-31 11:02:40,811:INFO:               numba: 0.62.1
2025-10-31 11:02:40,811:INFO:            requests: 2.32.5
2025-10-31 11:02:40,811:INFO:          matplotlib: 3.7.5
2025-10-31 11:02:40,811:INFO:          scikitplot: 0.3.7
2025-10-31 11:02:40,811:INFO:         yellowbrick: 1.5
2025-10-31 11:02:40,811:INFO:              plotly: 6.3.1
2025-10-31 11:02:40,811:INFO:    plotly-resampler: Not installed
2025-10-31 11:02:40,811:INFO:             kaleido: 1.1.0
2025-10-31 11:02:40,811:INFO:           schemdraw: 0.15
2025-10-31 11:02:40,811:INFO:         statsmodels: 0.14.5
2025-10-31 11:02:40,811:INFO:              sktime: 0.26.0
2025-10-31 11:02:40,811:INFO:               tbats: 1.1.3
2025-10-31 11:02:40,811:INFO:            pmdarima: 2.0.4
2025-10-31 11:02:40,811:INFO:              psutil: 7.1.2
2025-10-31 11:02:40,811:INFO:          markupsafe: 3.0.3
2025-10-31 11:02:40,811:INFO:             pickle5: Not installed
2025-10-31 11:02:40,811:INFO:         cloudpickle: 3.1.1
2025-10-31 11:02:40,811:INFO:         deprecation: 2.1.0
2025-10-31 11:02:40,811:INFO:              xxhash: 3.6.0
2025-10-31 11:02:40,811:INFO:           wurlitzer: Not installed
2025-10-31 11:02:40,811:INFO:PyCaret optional dependencies:
2025-10-31 11:02:40,811:INFO:                shap: Not installed
2025-10-31 11:02:40,811:INFO:           interpret: Not installed
2025-10-31 11:02:40,811:INFO:                umap: Not installed
2025-10-31 11:02:40,811:INFO:     ydata_profiling: Not installed
2025-10-31 11:02:40,811:INFO:  explainerdashboard: Not installed
2025-10-31 11:02:40,811:INFO:             autoviz: Not installed
2025-10-31 11:02:40,811:INFO:           fairlearn: Not installed
2025-10-31 11:02:40,811:INFO:          deepchecks: Not installed
2025-10-31 11:02:40,811:INFO:             xgboost: Not installed
2025-10-31 11:02:40,811:INFO:            catboost: Not installed
2025-10-31 11:02:40,811:INFO:              kmodes: Not installed
2025-10-31 11:02:40,811:INFO:             mlxtend: Not installed
2025-10-31 11:02:40,811:INFO:       statsforecast: Not installed
2025-10-31 11:02:40,811:INFO:        tune_sklearn: Not installed
2025-10-31 11:02:40,811:INFO:                 ray: Not installed
2025-10-31 11:02:40,811:INFO:            hyperopt: Not installed
2025-10-31 11:02:40,811:INFO:              optuna: Not installed
2025-10-31 11:02:40,811:INFO:               skopt: Not installed
2025-10-31 11:02:40,811:INFO:              mlflow: Not installed
2025-10-31 11:02:40,811:INFO:              gradio: Not installed
2025-10-31 11:02:40,811:INFO:             fastapi: Not installed
2025-10-31 11:02:40,811:INFO:             uvicorn: Not installed
2025-10-31 11:02:40,811:INFO:              m2cgen: Not installed
2025-10-31 11:02:40,811:INFO:           evidently: Not installed
2025-10-31 11:02:40,811:INFO:               fugue: Not installed
2025-10-31 11:02:40,811:INFO:           streamlit: Not installed
2025-10-31 11:02:40,811:INFO:             prophet: Not installed
2025-10-31 11:02:40,811:INFO:None
2025-10-31 11:02:40,811:INFO:Set up data.
2025-10-31 11:02:40,821:INFO:Set up folding strategy.
2025-10-31 11:02:40,821:INFO:Set up train/test split.
2025-10-31 11:02:40,821:INFO:Set up index.
2025-10-31 11:02:40,821:INFO:Assigning column types.
2025-10-31 11:02:40,821:INFO:Engine successfully changes for model 'lr' to 'sklearn'.
2025-10-31 11:02:40,821:INFO:Engine for model 'lasso' has not been set explicitly, hence returning None.
2025-10-31 11:02:40,838:INFO:Engine for model 'ridge' has not been set explicitly, hence returning None.
2025-10-31 11:02:40,855:INFO:Engine for model 'en' has not been set explicitly, hence returning None.
2025-10-31 11:02:40,898:INFO:Engine for model 'svm' has not been set explicitly, hence returning None.
2025-10-31 11:02:40,923:INFO:Engine for model 'knn' has not been set explicitly, hence returning None.
2025-10-31 11:02:40,923:WARNING:
'xgboost' is a soft dependency and not included in the pycaret installation. Please run: `pip install xgboost` to install.
Alternately, you can install this by running `pip install pycaret[models]`
2025-10-31 11:02:40,923:WARNING:
'catboost' is a soft dependency and not included in the pycaret installation. Please run: `pip install catboost` to install.
Alternately, you can install this by running `pip install pycaret[models]`
2025-10-31 11:02:40,924:INFO:Engine for model 'lasso' has not been set explicitly, hence returning None.
2025-10-31 11:02:40,926:INFO:Engine for model 'ridge' has not been set explicitly, hence returning None.
2025-10-31 11:02:40,928:INFO:Engine for model 'en' has not been set explicitly, hence returning None.
2025-10-31 11:02:40,957:INFO:Engine for model 'svm' has not been set explicitly, hence returning None.
2025-10-31 11:02:40,978:INFO:Engine for model 'knn' has not been set explicitly, hence returning None.
2025-10-31 11:02:40,978:WARNING:
'xgboost' is a soft dependency and not included in the pycaret installation. Please run: `pip install xgboost` to install.
Alternately, you can install this by running `pip install pycaret[models]`
2025-10-31 11:02:40,978:WARNING:
'catboost' is a soft dependency and not included in the pycaret installation. Please run: `pip install catboost` to install.
Alternately, you can install this by running `pip install pycaret[models]`
2025-10-31 11:02:40,978:INFO:Engine successfully changes for model 'lasso' to 'sklearn'.
2025-10-31 11:02:40,978:INFO:Engine for model 'ridge' has not been set explicitly, hence returning None.
2025-10-31 11:02:40,978:INFO:Engine for model 'en' has not been set explicitly, hence returning None.
2025-10-31 11:02:41,009:INFO:Engine for model 'svm' has not been set explicitly, hence returning None.
2025-10-31 11:02:41,025:INFO:Engine for model 'knn' has not been set explicitly, hence returning None.
2025-10-31 11:02:41,025:WARNING:
'xgboost' is a soft dependency and not included in the pycaret installation. Please run: `pip install xgboost` to install.
Alternately, you can install this by running `pip install pycaret[models]`
2025-10-31 11:02:41,025:WARNING:
'catboost' is a soft dependency and not included in the pycaret installation. Please run: `pip install catboost` to install.
Alternately, you can install this by running `pip install pycaret[models]`
2025-10-31 11:02:41,040:INFO:Engine for model 'ridge' has not been set explicitly, hence returning None.
2025-10-31 11:02:41,040:INFO:Engine for model 'en' has not been set explicitly, hence returning None.
2025-10-31 11:02:41,074:INFO:Engine for model 'svm' has not been set explicitly, hence returning None.
2025-10-31 11:02:41,097:INFO:Engine for model 'knn' has not been set explicitly, hence returning None.
2025-10-31 11:02:41,098:WARNING:
'xgboost' is a soft dependency and not included in the pycaret installation. Please run: `pip install xgboost` to install.
Alternately, you can install this by running `pip install pycaret[models]`
2025-10-31 11:02:41,098:WARNING:
'catboost' is a soft dependency and not included in the pycaret installation. Please run: `pip install catboost` to install.
Alternately, you can install this by running `pip install pycaret[models]`
2025-10-31 11:02:41,098:INFO:Engine successfully changes for model 'ridge' to 'sklearn'.
2025-10-31 11:02:41,103:INFO:Engine for model 'en' has not been set explicitly, hence returning None.
2025-10-31 11:02:41,120:INFO:Engine for model 'svm' has not been set explicitly, hence returning None.
2025-10-31 11:02:41,152:INFO:Engine for model 'knn' has not been set explicitly, hence returning None.
2025-10-31 11:02:41,152:WARNING:
'xgboost' is a soft dependency and not included in the pycaret installation. Please run: `pip install xgboost` to install.
Alternately, you can install this by running `pip install pycaret[models]`
2025-10-31 11:02:41,152:WARNING:
'catboost' is a soft dependency and not included in the pycaret installation. Please run: `pip install catboost` to install.
Alternately, you can install this by running `pip install pycaret[models]`
2025-10-31 11:02:41,152:INFO:Engine for model 'en' has not been set explicitly, hence returning None.
2025-10-31 11:02:41,194:INFO:Engine for model 'svm' has not been set explicitly, hence returning None.
2025-10-31 11:02:41,210:INFO:Engine for model 'knn' has not been set explicitly, hence returning None.
2025-10-31 11:02:41,210:WARNING:
'xgboost' is a soft dependency and not included in the pycaret installation. Please run: `pip install xgboost` to install.
Alternately, you can install this by running `pip install pycaret[models]`
2025-10-31 11:02:41,210:WARNING:
'catboost' is a soft dependency and not included in the pycaret installation. Please run: `pip install catboost` to install.
Alternately, you can install this by running `pip install pycaret[models]`
2025-10-31 11:02:41,210:INFO:Engine successfully changes for model 'en' to 'sklearn'.
2025-10-31 11:02:41,241:INFO:Engine for model 'svm' has not been set explicitly, hence returning None.
2025-10-31 11:02:41,279:INFO:Engine for model 'knn' has not been set explicitly, hence returning None.
2025-10-31 11:02:41,279:WARNING:
'xgboost' is a soft dependency and not included in the pycaret installation. Please run: `pip install xgboost` to install.
Alternately, you can install this by running `pip install pycaret[models]`
2025-10-31 11:02:41,279:WARNING:
'catboost' is a soft dependency and not included in the pycaret installation. Please run: `pip install catboost` to install.
Alternately, you can install this by running `pip install pycaret[models]`
2025-10-31 11:02:41,310:INFO:Engine for model 'svm' has not been set explicitly, hence returning None.
2025-10-31 11:02:41,341:INFO:Engine for model 'knn' has not been set explicitly, hence returning None.
2025-10-31 11:02:41,341:WARNING:
'xgboost' is a soft dependency and not included in the pycaret installation. Please run: `pip install xgboost` to install.
Alternately, you can install this by running `pip install pycaret[models]`
2025-10-31 11:02:41,341:WARNING:
'catboost' is a soft dependency and not included in the pycaret installation. Please run: `pip install catboost` to install.
Alternately, you can install this by running `pip install pycaret[models]`
2025-10-31 11:02:41,341:INFO:Engine successfully changes for model 'knn' to 'sklearn'.
2025-10-31 11:02:41,381:INFO:Engine for model 'svm' has not been set explicitly, hence returning None.
2025-10-31 11:02:41,409:WARNING:
'xgboost' is a soft dependency and not included in the pycaret installation. Please run: `pip install xgboost` to install.
Alternately, you can install this by running `pip install pycaret[models]`
2025-10-31 11:02:41,410:WARNING:
'catboost' is a soft dependency and not included in the pycaret installation. Please run: `pip install catboost` to install.
Alternately, you can install this by running `pip install pycaret[models]`
2025-10-31 11:02:41,444:INFO:Engine for model 'svm' has not been set explicitly, hence returning None.
2025-10-31 11:02:41,463:WARNING:
'xgboost' is a soft dependency and not included in the pycaret installation. Please run: `pip install xgboost` to install.
Alternately, you can install this by running `pip install pycaret[models]`
2025-10-31 11:02:41,463:WARNING:
'catboost' is a soft dependency and not included in the pycaret installation. Please run: `pip install catboost` to install.
Alternately, you can install this by running `pip install pycaret[models]`
2025-10-31 11:02:41,463:INFO:Engine successfully changes for model 'svm' to 'sklearn'.
2025-10-31 11:02:41,535:WARNING:
'xgboost' is a soft dependency and not included in the pycaret installation. Please run: `pip install xgboost` to install.
Alternately, you can install this by running `pip install pycaret[models]`
2025-10-31 11:02:41,536:WARNING:
'catboost' is a soft dependency and not included in the pycaret installation. Please run: `pip install catboost` to install.
Alternately, you can install this by running `pip install pycaret[models]`
2025-10-31 11:02:41,596:WARNING:
'xgboost' is a soft dependency and not included in the pycaret installation. Please run: `pip install xgboost` to install.
Alternately, you can install this by running `pip install pycaret[models]`
2025-10-31 11:02:41,596:WARNING:
'catboost' is a soft dependency and not included in the pycaret installation. Please run: `pip install catboost` to install.
Alternately, you can install this by running `pip install pycaret[models]`
2025-10-31 11:02:41,597:INFO:Preparing preprocessing pipeline...
2025-10-31 11:02:41,597:INFO:Set up simple imputation.
2025-10-31 11:02:41,608:INFO:Finished creating preprocessing pipeline.
2025-10-31 11:02:41,610:INFO:Pipeline: Pipeline(memory=FastMemory(location=C:\Users\User\AppData\Local\Temp\joblib),
         steps=[('numerical_imputer',
                 TransformerWrapper(exclude=None,
                                    include=['CRIM', 'ZN', 'INDUS', 'CHAS',
                                             'NOX', 'RM', 'AGE', 'DIS', 'RAD',
                                             'TAX', 'PTRATIO', 'B', 'LSTAT'],
                                    transformer=SimpleImputer(add_indicator=False,
                                                              copy=True,
                                                              fill_value=None,
                                                              keep_empty_features=False,
                                                              missing_values=nan,
                                                              strategy='mean'))),
                ('categorical_imputer',
                 TransformerWrapper(exclude=None, include=[],
                                    transformer=SimpleImputer(add_indicator=False,
                                                              copy=True,
                                                              fill_value=None,
                                                              keep_empty_features=False,
                                                              missing_values=nan,
                                                              strategy='most_frequent')))],
         verbose=False)
2025-10-31 11:02:41,610:INFO:Creating final display dataframe.
2025-10-31 11:02:41,632:INFO:Setup _display_container:                     Description             Value
0                    Session id               111
1                        Target              MEDV
2                   Target type        Regression
3           Original data shape         (506, 14)
4        Transformed data shape         (506, 14)
5   Transformed train set shape         (354, 14)
6    Transformed test set shape         (152, 14)
7              Numeric features                13
8                    Preprocess              True
9               Imputation type            simple
10           Numeric imputation              mean
11       Categorical imputation              mode
12               Fold Generator             KFold
13                  Fold Number                10
14                     CPU Jobs                -1
15                      Use GPU             False
16               Log Experiment             False
17              Experiment Name  reg-default-name
18                          USI              f22a
2025-10-31 11:02:41,707:WARNING:
'xgboost' is a soft dependency and not included in the pycaret installation. Please run: `pip install xgboost` to install.
Alternately, you can install this by running `pip install pycaret[models]`
2025-10-31 11:02:41,707:WARNING:
'catboost' is a soft dependency and not included in the pycaret installation. Please run: `pip install catboost` to install.
Alternately, you can install this by running `pip install pycaret[models]`
2025-10-31 11:02:41,773:WARNING:
'xgboost' is a soft dependency and not included in the pycaret installation. Please run: `pip install xgboost` to install.
Alternately, you can install this by running `pip install pycaret[models]`
2025-10-31 11:02:41,773:WARNING:
'catboost' is a soft dependency and not included in the pycaret installation. Please run: `pip install catboost` to install.
Alternately, you can install this by running `pip install pycaret[models]`
2025-10-31 11:02:41,773:INFO:setup() successfully completed in 0.96s...............
2025-10-31 11:02:46,400:INFO:PyCaret RegressionExperiment
2025-10-31 11:02:46,400:INFO:Logging name: reg-default-name
2025-10-31 11:02:46,400:INFO:ML Usecase: MLUsecase.REGRESSION
2025-10-31 11:02:46,400:INFO:version 3.3.2
2025-10-31 11:02:46,400:INFO:Initializing setup()
2025-10-31 11:02:46,400:INFO:self.USI: 5a94
2025-10-31 11:02:46,400:INFO:self._variable_keys: {'_available_plots', 'fold_generator', 'seed', 'data', 'y_train', 'X_train', 'html_param', 'n_jobs_param', 'logging_param', 'X', 'transform_target_param', 'pipeline', 'gpu_param', 'y_test', 'X_test', 'log_plots_param', 'y', 'USI', 'target_param', 'memory', '_ml_usecase', 'exp_id', 'fold_groups_param', 'exp_name_log', 'gpu_n_jobs_param', 'fold_shuffle_param', 'idx'}
2025-10-31 11:02:46,400:INFO:Checking environment
2025-10-31 11:02:46,400:INFO:python_version: 3.11.9
2025-10-31 11:02:46,400:INFO:python_build: ('main', 'Apr 19 2024 16:40:41')
2025-10-31 11:02:46,400:INFO:machine: AMD64
2025-10-31 11:02:46,400:INFO:platform: Windows-10-10.0.19045-SP0
2025-10-31 11:02:46,405:INFO:Memory: svmem(total=34046668800, available=21675487232, percent=36.3, used=12371181568, free=21675487232)
2025-10-31 11:02:46,405:INFO:Physical Core: 10
2025-10-31 11:02:46,405:INFO:Logical Core: 12
2025-10-31 11:02:46,405:INFO:Checking libraries
2025-10-31 11:02:46,405:INFO:System:
2025-10-31 11:02:46,405:INFO:    python: 3.11.9 | packaged by Anaconda, Inc. | (main, Apr 19 2024, 16:40:41) [MSC v.1916 64 bit (AMD64)]
2025-10-31 11:02:46,405:INFO:executable: C:\Users\User\miniconda3\envs\py3_11_9\python.exe
2025-10-31 11:02:46,406:INFO:   machine: Windows-10-10.0.19045-SP0
2025-10-31 11:02:46,406:INFO:PyCaret required dependencies:
2025-10-31 11:02:46,406:INFO:                 pip: 25.2
2025-10-31 11:02:46,406:INFO:          setuptools: 80.9.0
2025-10-31 11:02:46,406:INFO:             pycaret: 3.3.2
2025-10-31 11:02:46,406:INFO:             IPython: 9.6.0
2025-10-31 11:02:46,406:INFO:          ipywidgets: 8.1.7
2025-10-31 11:02:46,406:INFO:                tqdm: 4.67.1
2025-10-31 11:02:46,406:INFO:               numpy: 1.26.4
2025-10-31 11:02:46,406:INFO:              pandas: 2.1.4
2025-10-31 11:02:46,406:INFO:              jinja2: 3.1.6
2025-10-31 11:02:46,406:INFO:               scipy: 1.11.4
2025-10-31 11:02:46,406:INFO:              joblib: 1.3.2
2025-10-31 11:02:46,407:INFO:             sklearn: 1.4.2
2025-10-31 11:02:46,407:INFO:                pyod: 2.0.5
2025-10-31 11:02:46,407:INFO:            imblearn: 0.14.0
2025-10-31 11:02:46,407:INFO:   category_encoders: 2.7.0
2025-10-31 11:02:46,407:INFO:            lightgbm: 4.6.0
2025-10-31 11:02:46,407:INFO:               numba: 0.62.1
2025-10-31 11:02:46,407:INFO:            requests: 2.32.5
2025-10-31 11:02:46,407:INFO:          matplotlib: 3.7.5
2025-10-31 11:02:46,407:INFO:          scikitplot: 0.3.7
2025-10-31 11:02:46,407:INFO:         yellowbrick: 1.5
2025-10-31 11:02:46,407:INFO:              plotly: 6.3.1
2025-10-31 11:02:46,407:INFO:    plotly-resampler: Not installed
2025-10-31 11:02:46,407:INFO:             kaleido: 1.1.0
2025-10-31 11:02:46,407:INFO:           schemdraw: 0.15
2025-10-31 11:02:46,407:INFO:         statsmodels: 0.14.5
2025-10-31 11:02:46,407:INFO:              sktime: 0.26.0
2025-10-31 11:02:46,407:INFO:               tbats: 1.1.3
2025-10-31 11:02:46,407:INFO:            pmdarima: 2.0.4
2025-10-31 11:02:46,407:INFO:              psutil: 7.1.2
2025-10-31 11:02:46,407:INFO:          markupsafe: 3.0.3
2025-10-31 11:02:46,407:INFO:             pickle5: Not installed
2025-10-31 11:02:46,407:INFO:         cloudpickle: 3.1.1
2025-10-31 11:02:46,407:INFO:         deprecation: 2.1.0
2025-10-31 11:02:46,407:INFO:              xxhash: 3.6.0
2025-10-31 11:02:46,407:INFO:           wurlitzer: Not installed
2025-10-31 11:02:46,407:INFO:PyCaret optional dependencies:
2025-10-31 11:02:46,407:INFO:                shap: Not installed
2025-10-31 11:02:46,407:INFO:           interpret: Not installed
2025-10-31 11:02:46,407:INFO:                umap: Not installed
2025-10-31 11:02:46,407:INFO:     ydata_profiling: Not installed
2025-10-31 11:02:46,407:INFO:  explainerdashboard: Not installed
2025-10-31 11:02:46,407:INFO:             autoviz: Not installed
2025-10-31 11:02:46,407:INFO:           fairlearn: Not installed
2025-10-31 11:02:46,407:INFO:          deepchecks: Not installed
2025-10-31 11:02:46,407:INFO:             xgboost: Not installed
2025-10-31 11:02:46,407:INFO:            catboost: Not installed
2025-10-31 11:02:46,407:INFO:              kmodes: Not installed
2025-10-31 11:02:46,407:INFO:             mlxtend: Not installed
2025-10-31 11:02:46,407:INFO:       statsforecast: Not installed
2025-10-31 11:02:46,407:INFO:        tune_sklearn: Not installed
2025-10-31 11:02:46,407:INFO:                 ray: Not installed
2025-10-31 11:02:46,407:INFO:            hyperopt: Not installed
2025-10-31 11:02:46,407:INFO:              optuna: Not installed
2025-10-31 11:02:46,407:INFO:               skopt: Not installed
2025-10-31 11:02:46,407:INFO:              mlflow: Not installed
2025-10-31 11:02:46,407:INFO:              gradio: Not installed
2025-10-31 11:02:46,407:INFO:             fastapi: Not installed
2025-10-31 11:02:46,407:INFO:             uvicorn: Not installed
2025-10-31 11:02:46,407:INFO:              m2cgen: Not installed
2025-10-31 11:02:46,407:INFO:           evidently: Not installed
2025-10-31 11:02:46,407:INFO:               fugue: Not installed
2025-10-31 11:02:46,407:INFO:           streamlit: Not installed
2025-10-31 11:02:46,407:INFO:             prophet: Not installed
2025-10-31 11:02:46,407:INFO:None
2025-10-31 11:02:46,407:INFO:Set up data.
2025-10-31 11:02:46,407:INFO:Set up folding strategy.
2025-10-31 11:02:46,407:INFO:Set up train/test split.
2025-10-31 11:02:46,407:INFO:Set up index.
2025-10-31 11:02:46,407:INFO:Assigning column types.
2025-10-31 11:02:46,423:INFO:Engine successfully changes for model 'lr' to 'sklearn'.
2025-10-31 11:02:46,423:INFO:Engine for model 'lasso' has not been set explicitly, hence returning None.
2025-10-31 11:02:46,425:INFO:Engine for model 'ridge' has not been set explicitly, hence returning None.
2025-10-31 11:02:46,425:INFO:Engine for model 'en' has not been set explicitly, hence returning None.
2025-10-31 11:02:46,458:INFO:Engine for model 'svm' has not been set explicitly, hence returning None.
2025-10-31 11:02:46,476:INFO:Engine for model 'knn' has not been set explicitly, hence returning None.
2025-10-31 11:02:46,476:WARNING:
'xgboost' is a soft dependency and not included in the pycaret installation. Please run: `pip install xgboost` to install.
Alternately, you can install this by running `pip install pycaret[models]`
2025-10-31 11:02:46,476:WARNING:
'catboost' is a soft dependency and not included in the pycaret installation. Please run: `pip install catboost` to install.
Alternately, you can install this by running `pip install pycaret[models]`
2025-10-31 11:02:46,476:INFO:Engine for model 'lasso' has not been set explicitly, hence returning None.
2025-10-31 11:02:46,476:INFO:Engine for model 'ridge' has not been set explicitly, hence returning None.
2025-10-31 11:02:46,476:INFO:Engine for model 'en' has not been set explicitly, hence returning None.
2025-10-31 11:02:46,517:INFO:Engine for model 'svm' has not been set explicitly, hence returning None.
2025-10-31 11:02:46,532:INFO:Engine for model 'knn' has not been set explicitly, hence returning None.
2025-10-31 11:02:46,532:WARNING:
'xgboost' is a soft dependency and not included in the pycaret installation. Please run: `pip install xgboost` to install.
Alternately, you can install this by running `pip install pycaret[models]`
2025-10-31 11:02:46,532:WARNING:
'catboost' is a soft dependency and not included in the pycaret installation. Please run: `pip install catboost` to install.
Alternately, you can install this by running `pip install pycaret[models]`
2025-10-31 11:02:46,532:INFO:Engine successfully changes for model 'lasso' to 'sklearn'.
2025-10-31 11:02:46,532:INFO:Engine for model 'ridge' has not been set explicitly, hence returning None.
2025-10-31 11:02:46,532:INFO:Engine for model 'en' has not been set explicitly, hence returning None.
2025-10-31 11:02:46,576:INFO:Engine for model 'svm' has not been set explicitly, hence returning None.
2025-10-31 11:02:46,585:INFO:Engine for model 'knn' has not been set explicitly, hence returning None.
2025-10-31 11:02:46,585:WARNING:
'xgboost' is a soft dependency and not included in the pycaret installation. Please run: `pip install xgboost` to install.
Alternately, you can install this by running `pip install pycaret[models]`
2025-10-31 11:02:46,585:WARNING:
'catboost' is a soft dependency and not included in the pycaret installation. Please run: `pip install catboost` to install.
Alternately, you can install this by running `pip install pycaret[models]`
2025-10-31 11:02:46,600:INFO:Engine for model 'ridge' has not been set explicitly, hence returning None.
2025-10-31 11:02:46,600:INFO:Engine for model 'en' has not been set explicitly, hence returning None.
2025-10-31 11:02:46,635:INFO:Engine for model 'svm' has not been set explicitly, hence returning None.
2025-10-31 11:02:46,655:INFO:Engine for model 'knn' has not been set explicitly, hence returning None.
2025-10-31 11:02:46,655:WARNING:
'xgboost' is a soft dependency and not included in the pycaret installation. Please run: `pip install xgboost` to install.
Alternately, you can install this by running `pip install pycaret[models]`
2025-10-31 11:02:46,655:WARNING:
'catboost' is a soft dependency and not included in the pycaret installation. Please run: `pip install catboost` to install.
Alternately, you can install this by running `pip install pycaret[models]`
2025-10-31 11:02:46,655:INFO:Engine successfully changes for model 'ridge' to 'sklearn'.
2025-10-31 11:02:46,655:INFO:Engine for model 'en' has not been set explicitly, hence returning None.
2025-10-31 11:02:46,686:INFO:Engine for model 'svm' has not been set explicitly, hence returning None.
2025-10-31 11:02:46,702:INFO:Engine for model 'knn' has not been set explicitly, hence returning None.
2025-10-31 11:02:46,702:WARNING:
'xgboost' is a soft dependency and not included in the pycaret installation. Please run: `pip install xgboost` to install.
Alternately, you can install this by running `pip install pycaret[models]`
2025-10-31 11:02:46,702:WARNING:
'catboost' is a soft dependency and not included in the pycaret installation. Please run: `pip install catboost` to install.
Alternately, you can install this by running `pip install pycaret[models]`
2025-10-31 11:02:46,717:INFO:Engine for model 'en' has not been set explicitly, hence returning None.
2025-10-31 11:02:46,748:INFO:Engine for model 'svm' has not been set explicitly, hence returning None.
2025-10-31 11:02:46,763:INFO:Engine for model 'knn' has not been set explicitly, hence returning None.
2025-10-31 11:02:46,763:WARNING:
'xgboost' is a soft dependency and not included in the pycaret installation. Please run: `pip install xgboost` to install.
Alternately, you can install this by running `pip install pycaret[models]`
2025-10-31 11:02:46,763:WARNING:
'catboost' is a soft dependency and not included in the pycaret installation. Please run: `pip install catboost` to install.
Alternately, you can install this by running `pip install pycaret[models]`
2025-10-31 11:02:46,763:INFO:Engine successfully changes for model 'en' to 'sklearn'.
2025-10-31 11:02:46,804:INFO:Engine for model 'svm' has not been set explicitly, hence returning None.
2025-10-31 11:02:46,832:INFO:Engine for model 'knn' has not been set explicitly, hence returning None.
2025-10-31 11:02:46,832:WARNING:
'xgboost' is a soft dependency and not included in the pycaret installation. Please run: `pip install xgboost` to install.
Alternately, you can install this by running `pip install pycaret[models]`
2025-10-31 11:02:46,832:WARNING:
'catboost' is a soft dependency and not included in the pycaret installation. Please run: `pip install catboost` to install.
Alternately, you can install this by running `pip install pycaret[models]`
2025-10-31 11:02:46,864:INFO:Engine for model 'svm' has not been set explicitly, hence returning None.
2025-10-31 11:02:46,895:INFO:Engine for model 'knn' has not been set explicitly, hence returning None.
2025-10-31 11:02:46,895:WARNING:
'xgboost' is a soft dependency and not included in the pycaret installation. Please run: `pip install xgboost` to install.
Alternately, you can install this by running `pip install pycaret[models]`
2025-10-31 11:02:46,895:WARNING:
'catboost' is a soft dependency and not included in the pycaret installation. Please run: `pip install catboost` to install.
Alternately, you can install this by running `pip install pycaret[models]`
2025-10-31 11:02:46,895:INFO:Engine successfully changes for model 'knn' to 'sklearn'.
2025-10-31 11:02:46,926:INFO:Engine for model 'svm' has not been set explicitly, hence returning None.
2025-10-31 11:02:46,956:WARNING:
'xgboost' is a soft dependency and not included in the pycaret installation. Please run: `pip install xgboost` to install.
Alternately, you can install this by running `pip install pycaret[models]`
2025-10-31 11:02:46,956:WARNING:
'catboost' is a soft dependency and not included in the pycaret installation. Please run: `pip install catboost` to install.
Alternately, you can install this by running `pip install pycaret[models]`
2025-10-31 11:02:46,991:INFO:Engine for model 'svm' has not been set explicitly, hence returning None.
2025-10-31 11:02:47,007:WARNING:
'xgboost' is a soft dependency and not included in the pycaret installation. Please run: `pip install xgboost` to install.
Alternately, you can install this by running `pip install pycaret[models]`
2025-10-31 11:02:47,007:WARNING:
'catboost' is a soft dependency and not included in the pycaret installation. Please run: `pip install catboost` to install.
Alternately, you can install this by running `pip install pycaret[models]`
2025-10-31 11:02:47,007:INFO:Engine successfully changes for model 'svm' to 'sklearn'.
2025-10-31 11:02:47,064:WARNING:
'xgboost' is a soft dependency and not included in the pycaret installation. Please run: `pip install xgboost` to install.
Alternately, you can install this by running `pip install pycaret[models]`
2025-10-31 11:02:47,064:WARNING:
'catboost' is a soft dependency and not included in the pycaret installation. Please run: `pip install catboost` to install.
Alternately, you can install this by running `pip install pycaret[models]`
2025-10-31 11:02:47,133:WARNING:
'xgboost' is a soft dependency and not included in the pycaret installation. Please run: `pip install xgboost` to install.
Alternately, you can install this by running `pip install pycaret[models]`
2025-10-31 11:02:47,133:WARNING:
'catboost' is a soft dependency and not included in the pycaret installation. Please run: `pip install catboost` to install.
Alternately, you can install this by running `pip install pycaret[models]`
2025-10-31 11:02:47,133:INFO:Preparing preprocessing pipeline...
2025-10-31 11:02:47,133:INFO:Set up simple imputation.
2025-10-31 11:02:47,133:INFO:Finished creating preprocessing pipeline.
2025-10-31 11:02:47,150:INFO:Pipeline: Pipeline(memory=FastMemory(location=C:\Users\User\AppData\Local\Temp\joblib),
         steps=[('numerical_imputer',
                 TransformerWrapper(exclude=None,
                                    include=['CRIM', 'ZN', 'INDUS', 'CHAS',
                                             'NOX', 'RM', 'AGE', 'DIS', 'RAD',
                                             'TAX', 'PTRATIO', 'B', 'LSTAT'],
                                    transformer=SimpleImputer(add_indicator=False,
                                                              copy=True,
                                                              fill_value=None,
                                                              keep_empty_features=False,
                                                              missing_values=nan,
                                                              strategy='mean'))),
                ('categorical_imputer',
                 TransformerWrapper(exclude=None, include=[],
                                    transformer=SimpleImputer(add_indicator=False,
                                                              copy=True,
                                                              fill_value=None,
                                                              keep_empty_features=False,
                                                              missing_values=nan,
                                                              strategy='most_frequent')))],
         verbose=False)
2025-10-31 11:02:47,150:INFO:Creating final display dataframe.
2025-10-31 11:02:47,171:INFO:Setup _display_container:                     Description             Value
0                    Session id               111
1                        Target              MEDV
2                   Target type        Regression
3           Original data shape         (506, 14)
4        Transformed data shape         (506, 14)
5   Transformed train set shape         (354, 14)
6    Transformed test set shape         (152, 14)
7              Numeric features                13
8                    Preprocess              True
9               Imputation type            simple
10           Numeric imputation              mean
11       Categorical imputation              mode
12               Fold Generator             KFold
13                  Fold Number                10
14                     CPU Jobs                -1
15                      Use GPU             False
16               Log Experiment             False
17              Experiment Name  reg-default-name
18                          USI              5a94
2025-10-31 11:02:47,255:WARNING:
'xgboost' is a soft dependency and not included in the pycaret installation. Please run: `pip install xgboost` to install.
Alternately, you can install this by running `pip install pycaret[models]`
2025-10-31 11:02:47,255:WARNING:
'catboost' is a soft dependency and not included in the pycaret installation. Please run: `pip install catboost` to install.
Alternately, you can install this by running `pip install pycaret[models]`
2025-10-31 11:02:47,315:WARNING:
'xgboost' is a soft dependency and not included in the pycaret installation. Please run: `pip install xgboost` to install.
Alternately, you can install this by running `pip install pycaret[models]`
2025-10-31 11:02:47,315:WARNING:
'catboost' is a soft dependency and not included in the pycaret installation. Please run: `pip install catboost` to install.
Alternately, you can install this by running `pip install pycaret[models]`
2025-10-31 11:02:47,315:INFO:setup() successfully completed in 0.92s...............
2025-10-31 11:02:53,973:INFO:Initializing compare_models()
2025-10-31 11:02:53,973:INFO:compare_models(self=<pycaret.regression.oop.RegressionExperiment object at 0x00000142F6A032D0>, include=None, exclude=None, fold=None, round=4, cross_validation=True, sort=R2, n_select=1, budget_time=None, turbo=True, errors=ignore, fit_kwargs=None, groups=None, experiment_custom_tags=None, probability_threshold=None, verbose=True, parallel=None, caller_params={'self': <pycaret.regression.oop.RegressionExperiment object at 0x00000142F6A032D0>, 'include': None, 'exclude': None, 'fold': None, 'round': 4, 'cross_validation': True, 'sort': 'R2', 'n_select': 1, 'budget_time': None, 'turbo': True, 'errors': 'ignore', 'fit_kwargs': None, 'groups': None, 'experiment_custom_tags': None, 'engine': None, 'verbose': True, 'parallel': None, '__class__': <class 'pycaret.regression.oop.RegressionExperiment'>})
2025-10-31 11:02:53,973:INFO:Checking exceptions
2025-10-31 11:02:53,974:INFO:Preparing display monitor
2025-10-31 11:02:53,992:INFO:Initializing Linear Regression
2025-10-31 11:02:53,992:INFO:Total runtime is 0.0 minutes
2025-10-31 11:02:54,012:INFO:SubProcess create_model() called ==================================
2025-10-31 11:02:54,013:INFO:Initializing create_model()
2025-10-31 11:02:54,013:INFO:create_model(self=<pycaret.regression.oop.RegressionExperiment object at 0x00000142F6A032D0>, estimator=lr, fold=KFold(n_splits=10, random_state=None, shuffle=False), round=4, cross_validation=True, predict=True, fit_kwargs={}, groups=None, refit=False, probability_threshold=None, experiment_custom_tags=None, verbose=False, system=False, add_to_model_list=True, metrics=None, display=<pycaret.internal.display.display.CommonDisplay object at 0x00000142F7759E10>, model_only=True, return_train_score=False, error_score=0.0, kwargs={})
2025-10-31 11:02:54,013:INFO:Checking exceptions
2025-10-31 11:02:54,013:INFO:Importing libraries
2025-10-31 11:02:54,013:INFO:Copying training dataset
2025-10-31 11:02:54,016:INFO:Defining folds
2025-10-31 11:02:54,016:INFO:Declaring metric variables
2025-10-31 11:02:54,019:INFO:Importing untrained model
2025-10-31 11:02:54,021:INFO:Linear Regression Imported successfully
2025-10-31 11:02:54,027:INFO:Starting cross validation
2025-10-31 11:02:54,031:INFO:Cross validating with KFold(n_splits=10, random_state=None, shuffle=False), n_jobs=-1
2025-10-31 11:02:58,984:INFO:Calculating mean and std
2025-10-31 11:02:58,984:INFO:Creating metrics dataframe
2025-10-31 11:02:58,990:INFO:Uploading results into container
2025-10-31 11:02:58,991:INFO:Uploading model into container now
2025-10-31 11:02:58,992:INFO:_master_model_container: 1
2025-10-31 11:02:58,993:INFO:_display_container: 2
2025-10-31 11:02:58,993:INFO:LinearRegression(copy_X=True, fit_intercept=True, n_jobs=-1, positive=False)
2025-10-31 11:02:58,993:INFO:create_model() successfully completed......................................
2025-10-31 11:02:59,059:INFO:SubProcess create_model() end ==================================
2025-10-31 11:02:59,059:INFO:Creating metrics dataframe
2025-10-31 11:02:59,075:INFO:Initializing Lasso Regression
2025-10-31 11:02:59,075:INFO:Total runtime is 0.0847063938776652 minutes
2025-10-31 11:02:59,075:INFO:SubProcess create_model() called ==================================
2025-10-31 11:02:59,075:INFO:Initializing create_model()
2025-10-31 11:02:59,075:INFO:create_model(self=<pycaret.regression.oop.RegressionExperiment object at 0x00000142F6A032D0>, estimator=lasso, fold=KFold(n_splits=10, random_state=None, shuffle=False), round=4, cross_validation=True, predict=True, fit_kwargs={}, groups=None, refit=False, probability_threshold=None, experiment_custom_tags=None, verbose=False, system=False, add_to_model_list=True, metrics=None, display=<pycaret.internal.display.display.CommonDisplay object at 0x00000142F7759E10>, model_only=True, return_train_score=False, error_score=0.0, kwargs={})
2025-10-31 11:02:59,075:INFO:Checking exceptions
2025-10-31 11:02:59,075:INFO:Importing libraries
2025-10-31 11:02:59,075:INFO:Copying training dataset
2025-10-31 11:02:59,081:INFO:Defining folds
2025-10-31 11:02:59,081:INFO:Declaring metric variables
2025-10-31 11:02:59,083:INFO:Importing untrained model
2025-10-31 11:02:59,083:INFO:Lasso Regression Imported successfully
2025-10-31 11:02:59,091:INFO:Starting cross validation
2025-10-31 11:02:59,091:INFO:Cross validating with KFold(n_splits=10, random_state=None, shuffle=False), n_jobs=-1
2025-10-31 11:03:00,553:INFO:Calculating mean and std
2025-10-31 11:03:00,554:INFO:Creating metrics dataframe
2025-10-31 11:03:00,556:INFO:Uploading results into container
2025-10-31 11:03:00,556:INFO:Uploading model into container now
2025-10-31 11:03:00,557:INFO:_master_model_container: 2
2025-10-31 11:03:00,558:INFO:_display_container: 2
2025-10-31 11:03:00,558:INFO:Lasso(alpha=1.0, copy_X=True, fit_intercept=True, max_iter=1000, positive=False,
      precompute=False, random_state=111, selection='cyclic', tol=0.0001,
      warm_start=False)
2025-10-31 11:03:00,558:INFO:create_model() successfully completed......................................
2025-10-31 11:03:00,622:INFO:SubProcess create_model() end ==================================
2025-10-31 11:03:00,622:INFO:Creating metrics dataframe
2025-10-31 11:03:00,622:INFO:Initializing Ridge Regression
2025-10-31 11:03:00,622:INFO:Total runtime is 0.11049562692642212 minutes
2025-10-31 11:03:00,639:INFO:SubProcess create_model() called ==================================
2025-10-31 11:03:00,639:INFO:Initializing create_model()
2025-10-31 11:03:00,640:INFO:create_model(self=<pycaret.regression.oop.RegressionExperiment object at 0x00000142F6A032D0>, estimator=ridge, fold=KFold(n_splits=10, random_state=None, shuffle=False), round=4, cross_validation=True, predict=True, fit_kwargs={}, groups=None, refit=False, probability_threshold=None, experiment_custom_tags=None, verbose=False, system=False, add_to_model_list=True, metrics=None, display=<pycaret.internal.display.display.CommonDisplay object at 0x00000142F7759E10>, model_only=True, return_train_score=False, error_score=0.0, kwargs={})
2025-10-31 11:03:00,640:INFO:Checking exceptions
2025-10-31 11:03:00,640:INFO:Importing libraries
2025-10-31 11:03:00,640:INFO:Copying training dataset
2025-10-31 11:03:00,643:INFO:Defining folds
2025-10-31 11:03:00,643:INFO:Declaring metric variables
2025-10-31 11:03:00,643:INFO:Importing untrained model
2025-10-31 11:03:00,643:INFO:Ridge Regression Imported successfully
2025-10-31 11:03:00,643:INFO:Starting cross validation
2025-10-31 11:03:00,643:INFO:Cross validating with KFold(n_splits=10, random_state=None, shuffle=False), n_jobs=-1
2025-10-31 11:03:00,713:INFO:Calculating mean and std
2025-10-31 11:03:00,713:INFO:Creating metrics dataframe
2025-10-31 11:03:00,713:INFO:Uploading results into container
2025-10-31 11:03:00,713:INFO:Uploading model into container now
2025-10-31 11:03:00,713:INFO:_master_model_container: 3
2025-10-31 11:03:00,713:INFO:_display_container: 2
2025-10-31 11:03:00,713:INFO:Ridge(alpha=1.0, copy_X=True, fit_intercept=True, max_iter=None, positive=False,
      random_state=111, solver='auto', tol=0.0001)
2025-10-31 11:03:00,713:INFO:create_model() successfully completed......................................
2025-10-31 11:03:00,786:INFO:SubProcess create_model() end ==================================
2025-10-31 11:03:00,786:INFO:Creating metrics dataframe
2025-10-31 11:03:00,788:INFO:Initializing Elastic Net
2025-10-31 11:03:00,788:INFO:Total runtime is 0.11327043771743775 minutes
2025-10-31 11:03:00,793:INFO:SubProcess create_model() called ==================================
2025-10-31 11:03:00,793:INFO:Initializing create_model()
2025-10-31 11:03:00,793:INFO:create_model(self=<pycaret.regression.oop.RegressionExperiment object at 0x00000142F6A032D0>, estimator=en, fold=KFold(n_splits=10, random_state=None, shuffle=False), round=4, cross_validation=True, predict=True, fit_kwargs={}, groups=None, refit=False, probability_threshold=None, experiment_custom_tags=None, verbose=False, system=False, add_to_model_list=True, metrics=None, display=<pycaret.internal.display.display.CommonDisplay object at 0x00000142F7759E10>, model_only=True, return_train_score=False, error_score=0.0, kwargs={})
2025-10-31 11:03:00,793:INFO:Checking exceptions
2025-10-31 11:03:00,793:INFO:Importing libraries
2025-10-31 11:03:00,793:INFO:Copying training dataset
2025-10-31 11:03:00,796:INFO:Defining folds
2025-10-31 11:03:00,796:INFO:Declaring metric variables
2025-10-31 11:03:00,796:INFO:Importing untrained model
2025-10-31 11:03:00,796:INFO:Elastic Net Imported successfully
2025-10-31 11:03:00,806:INFO:Starting cross validation
2025-10-31 11:03:00,807:INFO:Cross validating with KFold(n_splits=10, random_state=None, shuffle=False), n_jobs=-1
2025-10-31 11:03:00,858:INFO:Calculating mean and std
2025-10-31 11:03:00,859:INFO:Creating metrics dataframe
2025-10-31 11:03:00,860:INFO:Uploading results into container
2025-10-31 11:03:00,861:INFO:Uploading model into container now
2025-10-31 11:03:00,861:INFO:_master_model_container: 4
2025-10-31 11:03:00,861:INFO:_display_container: 2
2025-10-31 11:03:00,861:INFO:ElasticNet(alpha=1.0, copy_X=True, fit_intercept=True, l1_ratio=0.5,
           max_iter=1000, positive=False, precompute=False, random_state=111,
           selection='cyclic', tol=0.0001, warm_start=False)
2025-10-31 11:03:00,862:INFO:create_model() successfully completed......................................
2025-10-31 11:03:00,922:INFO:SubProcess create_model() end ==================================
2025-10-31 11:03:00,922:INFO:Creating metrics dataframe
2025-10-31 11:03:00,922:INFO:Initializing Least Angle Regression
2025-10-31 11:03:00,922:INFO:Total runtime is 0.11549715995788574 minutes
2025-10-31 11:03:00,922:INFO:SubProcess create_model() called ==================================
2025-10-31 11:03:00,922:INFO:Initializing create_model()
2025-10-31 11:03:00,922:INFO:create_model(self=<pycaret.regression.oop.RegressionExperiment object at 0x00000142F6A032D0>, estimator=lar, fold=KFold(n_splits=10, random_state=None, shuffle=False), round=4, cross_validation=True, predict=True, fit_kwargs={}, groups=None, refit=False, probability_threshold=None, experiment_custom_tags=None, verbose=False, system=False, add_to_model_list=True, metrics=None, display=<pycaret.internal.display.display.CommonDisplay object at 0x00000142F7759E10>, model_only=True, return_train_score=False, error_score=0.0, kwargs={})
2025-10-31 11:03:00,922:INFO:Checking exceptions
2025-10-31 11:03:00,922:INFO:Importing libraries
2025-10-31 11:03:00,938:INFO:Copying training dataset
2025-10-31 11:03:00,938:INFO:Defining folds
2025-10-31 11:03:00,938:INFO:Declaring metric variables
2025-10-31 11:03:00,938:INFO:Importing untrained model
2025-10-31 11:03:00,938:INFO:Least Angle Regression Imported successfully
2025-10-31 11:03:00,938:INFO:Starting cross validation
2025-10-31 11:03:00,938:INFO:Cross validating with KFold(n_splits=10, random_state=None, shuffle=False), n_jobs=-1
2025-10-31 11:03:01,009:INFO:Calculating mean and std
2025-10-31 11:03:01,010:INFO:Creating metrics dataframe
2025-10-31 11:03:01,011:INFO:Uploading results into container
2025-10-31 11:03:01,012:INFO:Uploading model into container now
2025-10-31 11:03:01,012:INFO:_master_model_container: 5
2025-10-31 11:03:01,012:INFO:_display_container: 2
2025-10-31 11:03:01,013:INFO:Lars(copy_X=True, eps=2.220446049250313e-16, fit_intercept=True, fit_path=True,
     jitter=None, n_nonzero_coefs=500, precompute='auto', random_state=111,
     verbose=False)
2025-10-31 11:03:01,013:INFO:create_model() successfully completed......................................
2025-10-31 11:03:01,072:INFO:SubProcess create_model() end ==================================
2025-10-31 11:03:01,072:INFO:Creating metrics dataframe
2025-10-31 11:03:01,072:INFO:Initializing Lasso Least Angle Regression
2025-10-31 11:03:01,072:INFO:Total runtime is 0.11800265312194824 minutes
2025-10-31 11:03:01,072:INFO:SubProcess create_model() called ==================================
2025-10-31 11:03:01,072:INFO:Initializing create_model()
2025-10-31 11:03:01,072:INFO:create_model(self=<pycaret.regression.oop.RegressionExperiment object at 0x00000142F6A032D0>, estimator=llar, fold=KFold(n_splits=10, random_state=None, shuffle=False), round=4, cross_validation=True, predict=True, fit_kwargs={}, groups=None, refit=False, probability_threshold=None, experiment_custom_tags=None, verbose=False, system=False, add_to_model_list=True, metrics=None, display=<pycaret.internal.display.display.CommonDisplay object at 0x00000142F7759E10>, model_only=True, return_train_score=False, error_score=0.0, kwargs={})
2025-10-31 11:03:01,072:INFO:Checking exceptions
2025-10-31 11:03:01,072:INFO:Importing libraries
2025-10-31 11:03:01,072:INFO:Copying training dataset
2025-10-31 11:03:01,090:INFO:Defining folds
2025-10-31 11:03:01,090:INFO:Declaring metric variables
2025-10-31 11:03:01,092:INFO:Importing untrained model
2025-10-31 11:03:01,096:INFO:Lasso Least Angle Regression Imported successfully
2025-10-31 11:03:01,101:INFO:Starting cross validation
2025-10-31 11:03:01,102:INFO:Cross validating with KFold(n_splits=10, random_state=None, shuffle=False), n_jobs=-1
2025-10-31 11:03:01,164:INFO:Calculating mean and std
2025-10-31 11:03:01,165:INFO:Creating metrics dataframe
2025-10-31 11:03:01,166:INFO:Uploading results into container
2025-10-31 11:03:01,167:INFO:Uploading model into container now
2025-10-31 11:03:01,167:INFO:_master_model_container: 6
2025-10-31 11:03:01,167:INFO:_display_container: 2
2025-10-31 11:03:01,167:INFO:LassoLars(alpha=1.0, copy_X=True, eps=2.220446049250313e-16, fit_intercept=True,
          fit_path=True, jitter=None, max_iter=500, positive=False,
          precompute='auto', random_state=111, verbose=False)
2025-10-31 11:03:01,168:INFO:create_model() successfully completed......................................
2025-10-31 11:03:01,226:INFO:SubProcess create_model() end ==================================
2025-10-31 11:03:01,226:INFO:Creating metrics dataframe
2025-10-31 11:03:01,241:INFO:Initializing Orthogonal Matching Pursuit
2025-10-31 11:03:01,242:INFO:Total runtime is 0.12082569201787313 minutes
2025-10-31 11:03:01,244:INFO:SubProcess create_model() called ==================================
2025-10-31 11:03:01,244:INFO:Initializing create_model()
2025-10-31 11:03:01,244:INFO:create_model(self=<pycaret.regression.oop.RegressionExperiment object at 0x00000142F6A032D0>, estimator=omp, fold=KFold(n_splits=10, random_state=None, shuffle=False), round=4, cross_validation=True, predict=True, fit_kwargs={}, groups=None, refit=False, probability_threshold=None, experiment_custom_tags=None, verbose=False, system=False, add_to_model_list=True, metrics=None, display=<pycaret.internal.display.display.CommonDisplay object at 0x00000142F7759E10>, model_only=True, return_train_score=False, error_score=0.0, kwargs={})
2025-10-31 11:03:01,244:INFO:Checking exceptions
2025-10-31 11:03:01,244:INFO:Importing libraries
2025-10-31 11:03:01,244:INFO:Copying training dataset
2025-10-31 11:03:01,248:INFO:Defining folds
2025-10-31 11:03:01,248:INFO:Declaring metric variables
2025-10-31 11:03:01,250:INFO:Importing untrained model
2025-10-31 11:03:01,253:INFO:Orthogonal Matching Pursuit Imported successfully
2025-10-31 11:03:01,256:INFO:Starting cross validation
2025-10-31 11:03:01,256:INFO:Cross validating with KFold(n_splits=10, random_state=None, shuffle=False), n_jobs=-1
2025-10-31 11:03:01,308:INFO:Calculating mean and std
2025-10-31 11:03:01,309:INFO:Creating metrics dataframe
2025-10-31 11:03:01,310:INFO:Uploading results into container
2025-10-31 11:03:01,310:INFO:Uploading model into container now
2025-10-31 11:03:01,311:INFO:_master_model_container: 7
2025-10-31 11:03:01,311:INFO:_display_container: 2
2025-10-31 11:03:01,311:INFO:OrthogonalMatchingPursuit(fit_intercept=True, n_nonzero_coefs=None,
                          precompute='auto', tol=None)
2025-10-31 11:03:01,311:INFO:create_model() successfully completed......................................
2025-10-31 11:03:01,364:INFO:SubProcess create_model() end ==================================
2025-10-31 11:03:01,364:INFO:Creating metrics dataframe
2025-10-31 11:03:01,380:INFO:Initializing Bayesian Ridge
2025-10-31 11:03:01,380:INFO:Total runtime is 0.12312951087951661 minutes
2025-10-31 11:03:01,384:INFO:SubProcess create_model() called ==================================
2025-10-31 11:03:01,384:INFO:Initializing create_model()
2025-10-31 11:03:01,384:INFO:create_model(self=<pycaret.regression.oop.RegressionExperiment object at 0x00000142F6A032D0>, estimator=br, fold=KFold(n_splits=10, random_state=None, shuffle=False), round=4, cross_validation=True, predict=True, fit_kwargs={}, groups=None, refit=False, probability_threshold=None, experiment_custom_tags=None, verbose=False, system=False, add_to_model_list=True, metrics=None, display=<pycaret.internal.display.display.CommonDisplay object at 0x00000142F7759E10>, model_only=True, return_train_score=False, error_score=0.0, kwargs={})
2025-10-31 11:03:01,384:INFO:Checking exceptions
2025-10-31 11:03:01,384:INFO:Importing libraries
2025-10-31 11:03:01,385:INFO:Copying training dataset
2025-10-31 11:03:01,387:INFO:Defining folds
2025-10-31 11:03:01,387:INFO:Declaring metric variables
2025-10-31 11:03:01,388:INFO:Importing untrained model
2025-10-31 11:03:01,388:INFO:Bayesian Ridge Imported successfully
2025-10-31 11:03:01,388:INFO:Starting cross validation
2025-10-31 11:03:01,388:INFO:Cross validating with KFold(n_splits=10, random_state=None, shuffle=False), n_jobs=-1
2025-10-31 11:03:01,456:INFO:Calculating mean and std
2025-10-31 11:03:01,457:INFO:Creating metrics dataframe
2025-10-31 11:03:01,458:INFO:Uploading results into container
2025-10-31 11:03:01,459:INFO:Uploading model into container now
2025-10-31 11:03:01,459:INFO:_master_model_container: 8
2025-10-31 11:03:01,460:INFO:_display_container: 2
2025-10-31 11:03:01,460:INFO:BayesianRidge(alpha_1=1e-06, alpha_2=1e-06, alpha_init=None,
              compute_score=False, copy_X=True, fit_intercept=True,
              lambda_1=1e-06, lambda_2=1e-06, lambda_init=None, max_iter=None,
              n_iter='deprecated', tol=0.001, verbose=False)
2025-10-31 11:03:01,460:INFO:create_model() successfully completed......................................
2025-10-31 11:03:01,521:INFO:SubProcess create_model() end ==================================
2025-10-31 11:03:01,521:INFO:Creating metrics dataframe
2025-10-31 11:03:01,521:INFO:Initializing Passive Aggressive Regressor
2025-10-31 11:03:01,521:INFO:Total runtime is 0.12547226746877035 minutes
2025-10-31 11:03:01,521:INFO:SubProcess create_model() called ==================================
2025-10-31 11:03:01,521:INFO:Initializing create_model()
2025-10-31 11:03:01,521:INFO:create_model(self=<pycaret.regression.oop.RegressionExperiment object at 0x00000142F6A032D0>, estimator=par, fold=KFold(n_splits=10, random_state=None, shuffle=False), round=4, cross_validation=True, predict=True, fit_kwargs={}, groups=None, refit=False, probability_threshold=None, experiment_custom_tags=None, verbose=False, system=False, add_to_model_list=True, metrics=None, display=<pycaret.internal.display.display.CommonDisplay object at 0x00000142F7759E10>, model_only=True, return_train_score=False, error_score=0.0, kwargs={})
2025-10-31 11:03:01,521:INFO:Checking exceptions
2025-10-31 11:03:01,521:INFO:Importing libraries
2025-10-31 11:03:01,521:INFO:Copying training dataset
2025-10-31 11:03:01,538:INFO:Defining folds
2025-10-31 11:03:01,538:INFO:Declaring metric variables
2025-10-31 11:03:01,540:INFO:Importing untrained model
2025-10-31 11:03:01,540:INFO:Passive Aggressive Regressor Imported successfully
2025-10-31 11:03:01,540:INFO:Starting cross validation
2025-10-31 11:03:01,540:INFO:Cross validating with KFold(n_splits=10, random_state=None, shuffle=False), n_jobs=-1
2025-10-31 11:03:01,607:INFO:Calculating mean and std
2025-10-31 11:03:01,608:INFO:Creating metrics dataframe
2025-10-31 11:03:01,609:INFO:Uploading results into container
2025-10-31 11:03:01,610:INFO:Uploading model into container now
2025-10-31 11:03:01,610:INFO:_master_model_container: 9
2025-10-31 11:03:01,610:INFO:_display_container: 2
2025-10-31 11:03:01,611:INFO:PassiveAggressiveRegressor(C=1.0, average=False, early_stopping=False,
                           epsilon=0.1, fit_intercept=True,
                           loss='epsilon_insensitive', max_iter=1000,
                           n_iter_no_change=5, random_state=111, shuffle=True,
                           tol=0.001, validation_fraction=0.1, verbose=0,
                           warm_start=False)
2025-10-31 11:03:01,611:INFO:create_model() successfully completed......................................
2025-10-31 11:03:01,665:INFO:SubProcess create_model() end ==================================
2025-10-31 11:03:01,665:INFO:Creating metrics dataframe
2025-10-31 11:03:01,681:INFO:Initializing Huber Regressor
2025-10-31 11:03:01,681:INFO:Total runtime is 0.12813853025436403 minutes
2025-10-31 11:03:01,681:INFO:SubProcess create_model() called ==================================
2025-10-31 11:03:01,681:INFO:Initializing create_model()
2025-10-31 11:03:01,681:INFO:create_model(self=<pycaret.regression.oop.RegressionExperiment object at 0x00000142F6A032D0>, estimator=huber, fold=KFold(n_splits=10, random_state=None, shuffle=False), round=4, cross_validation=True, predict=True, fit_kwargs={}, groups=None, refit=False, probability_threshold=None, experiment_custom_tags=None, verbose=False, system=False, add_to_model_list=True, metrics=None, display=<pycaret.internal.display.display.CommonDisplay object at 0x00000142F7759E10>, model_only=True, return_train_score=False, error_score=0.0, kwargs={})
2025-10-31 11:03:01,681:INFO:Checking exceptions
2025-10-31 11:03:01,681:INFO:Importing libraries
2025-10-31 11:03:01,681:INFO:Copying training dataset
2025-10-31 11:03:01,688:INFO:Defining folds
2025-10-31 11:03:01,688:INFO:Declaring metric variables
2025-10-31 11:03:01,690:INFO:Importing untrained model
2025-10-31 11:03:01,692:INFO:Huber Regressor Imported successfully
2025-10-31 11:03:01,692:INFO:Starting cross validation
2025-10-31 11:03:01,692:INFO:Cross validating with KFold(n_splits=10, random_state=None, shuffle=False), n_jobs=-1
2025-10-31 11:03:01,766:WARNING:C:\Users\User\miniconda3\envs\py3_11_9\Lib\site-packages\sklearn\linear_model\_huber.py:342: ConvergenceWarning: lbfgs failed to converge (status=1):
STOP: TOTAL NO. of ITERATIONS REACHED LIMIT.

Increase the number of iterations (max_iter) or scale the data as shown in:
    https://scikit-learn.org/stable/modules/preprocessing.html
  self.n_iter_ = _check_optimize_result("lbfgs", opt_res, self.max_iter)

2025-10-31 11:03:01,777:WARNING:C:\Users\User\miniconda3\envs\py3_11_9\Lib\site-packages\sklearn\linear_model\_huber.py:342: ConvergenceWarning: lbfgs failed to converge (status=1):
STOP: TOTAL NO. of ITERATIONS REACHED LIMIT.

Increase the number of iterations (max_iter) or scale the data as shown in:
    https://scikit-learn.org/stable/modules/preprocessing.html
  self.n_iter_ = _check_optimize_result("lbfgs", opt_res, self.max_iter)

2025-10-31 11:03:01,777:WARNING:C:\Users\User\miniconda3\envs\py3_11_9\Lib\site-packages\sklearn\linear_model\_huber.py:342: ConvergenceWarning: lbfgs failed to converge (status=1):
STOP: TOTAL NO. of ITERATIONS REACHED LIMIT.

Increase the number of iterations (max_iter) or scale the data as shown in:
    https://scikit-learn.org/stable/modules/preprocessing.html
  self.n_iter_ = _check_optimize_result("lbfgs", opt_res, self.max_iter)

2025-10-31 11:03:01,787:WARNING:C:\Users\User\miniconda3\envs\py3_11_9\Lib\site-packages\sklearn\linear_model\_huber.py:342: ConvergenceWarning: lbfgs failed to converge (status=1):
STOP: TOTAL NO. of ITERATIONS REACHED LIMIT.

Increase the number of iterations (max_iter) or scale the data as shown in:
    https://scikit-learn.org/stable/modules/preprocessing.html
  self.n_iter_ = _check_optimize_result("lbfgs", opt_res, self.max_iter)

2025-10-31 11:03:01,798:WARNING:C:\Users\User\miniconda3\envs\py3_11_9\Lib\site-packages\sklearn\linear_model\_huber.py:342: ConvergenceWarning: lbfgs failed to converge (status=1):
STOP: TOTAL NO. of ITERATIONS REACHED LIMIT.

Increase the number of iterations (max_iter) or scale the data as shown in:
    https://scikit-learn.org/stable/modules/preprocessing.html
  self.n_iter_ = _check_optimize_result("lbfgs", opt_res, self.max_iter)

2025-10-31 11:03:01,798:WARNING:C:\Users\User\miniconda3\envs\py3_11_9\Lib\site-packages\sklearn\linear_model\_huber.py:342: ConvergenceWarning: lbfgs failed to converge (status=1):
STOP: TOTAL NO. of ITERATIONS REACHED LIMIT.

Increase the number of iterations (max_iter) or scale the data as shown in:
    https://scikit-learn.org/stable/modules/preprocessing.html
  self.n_iter_ = _check_optimize_result("lbfgs", opt_res, self.max_iter)

2025-10-31 11:03:01,798:WARNING:C:\Users\User\miniconda3\envs\py3_11_9\Lib\site-packages\sklearn\linear_model\_huber.py:342: ConvergenceWarning: lbfgs failed to converge (status=1):
STOP: TOTAL NO. of ITERATIONS REACHED LIMIT.

Increase the number of iterations (max_iter) or scale the data as shown in:
    https://scikit-learn.org/stable/modules/preprocessing.html
  self.n_iter_ = _check_optimize_result("lbfgs", opt_res, self.max_iter)

2025-10-31 11:03:01,798:WARNING:C:\Users\User\miniconda3\envs\py3_11_9\Lib\site-packages\sklearn\linear_model\_huber.py:342: ConvergenceWarning: lbfgs failed to converge (status=1):
STOP: TOTAL NO. of ITERATIONS REACHED LIMIT.

Increase the number of iterations (max_iter) or scale the data as shown in:
    https://scikit-learn.org/stable/modules/preprocessing.html
  self.n_iter_ = _check_optimize_result("lbfgs", opt_res, self.max_iter)

2025-10-31 11:03:01,808:WARNING:C:\Users\User\miniconda3\envs\py3_11_9\Lib\site-packages\sklearn\linear_model\_huber.py:342: ConvergenceWarning: lbfgs failed to converge (status=1):
STOP: TOTAL NO. of ITERATIONS REACHED LIMIT.

Increase the number of iterations (max_iter) or scale the data as shown in:
    https://scikit-learn.org/stable/modules/preprocessing.html
  self.n_iter_ = _check_optimize_result("lbfgs", opt_res, self.max_iter)

2025-10-31 11:03:01,818:WARNING:C:\Users\User\miniconda3\envs\py3_11_9\Lib\site-packages\sklearn\linear_model\_huber.py:342: ConvergenceWarning: lbfgs failed to converge (status=1):
STOP: TOTAL NO. of ITERATIONS REACHED LIMIT.

Increase the number of iterations (max_iter) or scale the data as shown in:
    https://scikit-learn.org/stable/modules/preprocessing.html
  self.n_iter_ = _check_optimize_result("lbfgs", opt_res, self.max_iter)

2025-10-31 11:03:01,828:INFO:Calculating mean and std
2025-10-31 11:03:01,828:INFO:Creating metrics dataframe
2025-10-31 11:03:01,828:INFO:Uploading results into container
2025-10-31 11:03:01,828:INFO:Uploading model into container now
2025-10-31 11:03:01,828:INFO:_master_model_container: 10
2025-10-31 11:03:01,828:INFO:_display_container: 2
2025-10-31 11:03:01,833:INFO:HuberRegressor(alpha=0.0001, epsilon=1.35, fit_intercept=True, max_iter=100,
               tol=1e-05, warm_start=False)
2025-10-31 11:03:01,834:INFO:create_model() successfully completed......................................
2025-10-31 11:03:01,903:INFO:SubProcess create_model() end ==================================
2025-10-31 11:03:01,903:INFO:Creating metrics dataframe
2025-10-31 11:03:01,903:INFO:Initializing K Neighbors Regressor
2025-10-31 11:03:01,903:INFO:Total runtime is 0.13183958530426027 minutes
2025-10-31 11:03:01,918:INFO:SubProcess create_model() called ==================================
2025-10-31 11:03:01,918:INFO:Initializing create_model()
2025-10-31 11:03:01,918:INFO:create_model(self=<pycaret.regression.oop.RegressionExperiment object at 0x00000142F6A032D0>, estimator=knn, fold=KFold(n_splits=10, random_state=None, shuffle=False), round=4, cross_validation=True, predict=True, fit_kwargs={}, groups=None, refit=False, probability_threshold=None, experiment_custom_tags=None, verbose=False, system=False, add_to_model_list=True, metrics=None, display=<pycaret.internal.display.display.CommonDisplay object at 0x00000142F7759E10>, model_only=True, return_train_score=False, error_score=0.0, kwargs={})
2025-10-31 11:03:01,918:INFO:Checking exceptions
2025-10-31 11:03:01,918:INFO:Importing libraries
2025-10-31 11:03:01,919:INFO:Copying training dataset
2025-10-31 11:03:01,923:INFO:Defining folds
2025-10-31 11:03:01,923:INFO:Declaring metric variables
2025-10-31 11:03:01,923:INFO:Importing untrained model
2025-10-31 11:03:01,923:INFO:K Neighbors Regressor Imported successfully
2025-10-31 11:03:01,923:INFO:Starting cross validation
2025-10-31 11:03:01,923:INFO:Cross validating with KFold(n_splits=10, random_state=None, shuffle=False), n_jobs=-1
2025-10-31 11:03:02,019:INFO:Calculating mean and std
2025-10-31 11:03:02,019:INFO:Creating metrics dataframe
2025-10-31 11:03:02,019:INFO:Uploading results into container
2025-10-31 11:03:02,019:INFO:Uploading model into container now
2025-10-31 11:03:02,019:INFO:_master_model_container: 11
2025-10-31 11:03:02,019:INFO:_display_container: 2
2025-10-31 11:03:02,019:INFO:KNeighborsRegressor(algorithm='auto', leaf_size=30, metric='minkowski',
                    metric_params=None, n_jobs=-1, n_neighbors=5, p=2,
                    weights='uniform')
2025-10-31 11:03:02,019:INFO:create_model() successfully completed......................................
2025-10-31 11:03:02,086:INFO:SubProcess create_model() end ==================================
2025-10-31 11:03:02,086:INFO:Creating metrics dataframe
2025-10-31 11:03:02,089:INFO:Initializing Decision Tree Regressor
2025-10-31 11:03:02,089:INFO:Total runtime is 0.13494518995285035 minutes
2025-10-31 11:03:02,089:INFO:SubProcess create_model() called ==================================
2025-10-31 11:03:02,089:INFO:Initializing create_model()
2025-10-31 11:03:02,089:INFO:create_model(self=<pycaret.regression.oop.RegressionExperiment object at 0x00000142F6A032D0>, estimator=dt, fold=KFold(n_splits=10, random_state=None, shuffle=False), round=4, cross_validation=True, predict=True, fit_kwargs={}, groups=None, refit=False, probability_threshold=None, experiment_custom_tags=None, verbose=False, system=False, add_to_model_list=True, metrics=None, display=<pycaret.internal.display.display.CommonDisplay object at 0x00000142F7759E10>, model_only=True, return_train_score=False, error_score=0.0, kwargs={})
2025-10-31 11:03:02,089:INFO:Checking exceptions
2025-10-31 11:03:02,089:INFO:Importing libraries
2025-10-31 11:03:02,089:INFO:Copying training dataset
2025-10-31 11:03:02,089:INFO:Defining folds
2025-10-31 11:03:02,089:INFO:Declaring metric variables
2025-10-31 11:03:02,089:INFO:Importing untrained model
2025-10-31 11:03:02,089:INFO:Decision Tree Regressor Imported successfully
2025-10-31 11:03:02,109:INFO:Starting cross validation
2025-10-31 11:03:02,109:INFO:Cross validating with KFold(n_splits=10, random_state=None, shuffle=False), n_jobs=-1
2025-10-31 11:03:02,173:INFO:Calculating mean and std
2025-10-31 11:03:02,174:INFO:Creating metrics dataframe
2025-10-31 11:03:02,175:INFO:Uploading results into container
2025-10-31 11:03:02,176:INFO:Uploading model into container now
2025-10-31 11:03:02,176:INFO:_master_model_container: 12
2025-10-31 11:03:02,176:INFO:_display_container: 2
2025-10-31 11:03:02,177:INFO:DecisionTreeRegressor(ccp_alpha=0.0, criterion='squared_error', max_depth=None,
                      max_features=None, max_leaf_nodes=None,
                      min_impurity_decrease=0.0, min_samples_leaf=1,
                      min_samples_split=2, min_weight_fraction_leaf=0.0,
                      monotonic_cst=None, random_state=111, splitter='best')
2025-10-31 11:03:02,177:INFO:create_model() successfully completed......................................
2025-10-31 11:03:02,236:INFO:SubProcess create_model() end ==================================
2025-10-31 11:03:02,236:INFO:Creating metrics dataframe
2025-10-31 11:03:02,252:INFO:Initializing Random Forest Regressor
2025-10-31 11:03:02,252:INFO:Total runtime is 0.13765538533528646 minutes
2025-10-31 11:03:02,252:INFO:SubProcess create_model() called ==================================
2025-10-31 11:03:02,252:INFO:Initializing create_model()
2025-10-31 11:03:02,252:INFO:create_model(self=<pycaret.regression.oop.RegressionExperiment object at 0x00000142F6A032D0>, estimator=rf, fold=KFold(n_splits=10, random_state=None, shuffle=False), round=4, cross_validation=True, predict=True, fit_kwargs={}, groups=None, refit=False, probability_threshold=None, experiment_custom_tags=None, verbose=False, system=False, add_to_model_list=True, metrics=None, display=<pycaret.internal.display.display.CommonDisplay object at 0x00000142F7759E10>, model_only=True, return_train_score=False, error_score=0.0, kwargs={})
2025-10-31 11:03:02,252:INFO:Checking exceptions
2025-10-31 11:03:02,252:INFO:Importing libraries
2025-10-31 11:03:02,252:INFO:Copying training dataset
2025-10-31 11:03:02,257:INFO:Defining folds
2025-10-31 11:03:02,257:INFO:Declaring metric variables
2025-10-31 11:03:02,259:INFO:Importing untrained model
2025-10-31 11:03:02,261:INFO:Random Forest Regressor Imported successfully
2025-10-31 11:03:02,266:INFO:Starting cross validation
2025-10-31 11:03:02,266:INFO:Cross validating with KFold(n_splits=10, random_state=None, shuffle=False), n_jobs=-1
2025-10-31 11:03:02,814:INFO:Calculating mean and std
2025-10-31 11:03:02,814:INFO:Creating metrics dataframe
2025-10-31 11:03:02,814:INFO:Uploading results into container
2025-10-31 11:03:02,814:INFO:Uploading model into container now
2025-10-31 11:03:02,814:INFO:_master_model_container: 13
2025-10-31 11:03:02,814:INFO:_display_container: 2
2025-10-31 11:03:02,817:INFO:RandomForestRegressor(bootstrap=True, ccp_alpha=0.0, criterion='squared_error',
                      max_depth=None, max_features=1.0, max_leaf_nodes=None,
                      max_samples=None, min_impurity_decrease=0.0,
                      min_samples_leaf=1, min_samples_split=2,
                      min_weight_fraction_leaf=0.0, monotonic_cst=None,
                      n_estimators=100, n_jobs=-1, oob_score=False,
                      random_state=111, verbose=0, warm_start=False)
2025-10-31 11:03:02,817:INFO:create_model() successfully completed......................................
2025-10-31 11:03:02,867:INFO:SubProcess create_model() end ==================================
2025-10-31 11:03:02,867:INFO:Creating metrics dataframe
2025-10-31 11:03:02,883:INFO:Initializing Extra Trees Regressor
2025-10-31 11:03:02,883:INFO:Total runtime is 0.14817915757497152 minutes
2025-10-31 11:03:02,883:INFO:SubProcess create_model() called ==================================
2025-10-31 11:03:02,883:INFO:Initializing create_model()
2025-10-31 11:03:02,883:INFO:create_model(self=<pycaret.regression.oop.RegressionExperiment object at 0x00000142F6A032D0>, estimator=et, fold=KFold(n_splits=10, random_state=None, shuffle=False), round=4, cross_validation=True, predict=True, fit_kwargs={}, groups=None, refit=False, probability_threshold=None, experiment_custom_tags=None, verbose=False, system=False, add_to_model_list=True, metrics=None, display=<pycaret.internal.display.display.CommonDisplay object at 0x00000142F7759E10>, model_only=True, return_train_score=False, error_score=0.0, kwargs={})
2025-10-31 11:03:02,883:INFO:Checking exceptions
2025-10-31 11:03:02,883:INFO:Importing libraries
2025-10-31 11:03:02,883:INFO:Copying training dataset
2025-10-31 11:03:02,890:INFO:Defining folds
2025-10-31 11:03:02,890:INFO:Declaring metric variables
2025-10-31 11:03:02,893:INFO:Importing untrained model
2025-10-31 11:03:02,894:INFO:Extra Trees Regressor Imported successfully
2025-10-31 11:03:02,894:INFO:Starting cross validation
2025-10-31 11:03:02,894:INFO:Cross validating with KFold(n_splits=10, random_state=None, shuffle=False), n_jobs=-1
2025-10-31 11:03:03,240:INFO:Calculating mean and std
2025-10-31 11:03:03,240:INFO:Creating metrics dataframe
2025-10-31 11:03:03,240:INFO:Uploading results into container
2025-10-31 11:03:03,240:INFO:Uploading model into container now
2025-10-31 11:03:03,240:INFO:_master_model_container: 14
2025-10-31 11:03:03,240:INFO:_display_container: 2
2025-10-31 11:03:03,240:INFO:ExtraTreesRegressor(bootstrap=False, ccp_alpha=0.0, criterion='squared_error',
                    max_depth=None, max_features=1.0, max_leaf_nodes=None,
                    max_samples=None, min_impurity_decrease=0.0,
                    min_samples_leaf=1, min_samples_split=2,
                    min_weight_fraction_leaf=0.0, monotonic_cst=None,
                    n_estimators=100, n_jobs=-1, oob_score=False,
                    random_state=111, verbose=0, warm_start=False)
2025-10-31 11:03:03,240:INFO:create_model() successfully completed......................................
2025-10-31 11:03:03,313:INFO:SubProcess create_model() end ==================================
2025-10-31 11:03:03,313:INFO:Creating metrics dataframe
2025-10-31 11:03:03,321:INFO:Initializing AdaBoost Regressor
2025-10-31 11:03:03,321:INFO:Total runtime is 0.15548790693283082 minutes
2025-10-31 11:03:03,323:INFO:SubProcess create_model() called ==================================
2025-10-31 11:03:03,324:INFO:Initializing create_model()
2025-10-31 11:03:03,324:INFO:create_model(self=<pycaret.regression.oop.RegressionExperiment object at 0x00000142F6A032D0>, estimator=ada, fold=KFold(n_splits=10, random_state=None, shuffle=False), round=4, cross_validation=True, predict=True, fit_kwargs={}, groups=None, refit=False, probability_threshold=None, experiment_custom_tags=None, verbose=False, system=False, add_to_model_list=True, metrics=None, display=<pycaret.internal.display.display.CommonDisplay object at 0x00000142F7759E10>, model_only=True, return_train_score=False, error_score=0.0, kwargs={})
2025-10-31 11:03:03,324:INFO:Checking exceptions
2025-10-31 11:03:03,324:INFO:Importing libraries
2025-10-31 11:03:03,324:INFO:Copying training dataset
2025-10-31 11:03:03,326:INFO:Defining folds
2025-10-31 11:03:03,326:INFO:Declaring metric variables
2025-10-31 11:03:03,329:INFO:Importing untrained model
2025-10-31 11:03:03,329:INFO:AdaBoost Regressor Imported successfully
2025-10-31 11:03:03,329:INFO:Starting cross validation
2025-10-31 11:03:03,329:INFO:Cross validating with KFold(n_splits=10, random_state=None, shuffle=False), n_jobs=-1
2025-10-31 11:03:03,530:INFO:Calculating mean and std
2025-10-31 11:03:03,531:INFO:Creating metrics dataframe
2025-10-31 11:03:03,532:INFO:Uploading results into container
2025-10-31 11:03:03,532:INFO:Uploading model into container now
2025-10-31 11:03:03,532:INFO:_master_model_container: 15
2025-10-31 11:03:03,533:INFO:_display_container: 2
2025-10-31 11:03:03,533:INFO:AdaBoostRegressor(estimator=None, learning_rate=1.0, loss='linear',
                  n_estimators=50, random_state=111)
2025-10-31 11:03:03,533:INFO:create_model() successfully completed......................................
2025-10-31 11:03:03,589:INFO:SubProcess create_model() end ==================================
2025-10-31 11:03:03,589:INFO:Creating metrics dataframe
2025-10-31 11:03:03,599:INFO:Initializing Gradient Boosting Regressor
2025-10-31 11:03:03,599:INFO:Total runtime is 0.16011718511581421 minutes
2025-10-31 11:03:03,599:INFO:SubProcess create_model() called ==================================
2025-10-31 11:03:03,599:INFO:Initializing create_model()
2025-10-31 11:03:03,599:INFO:create_model(self=<pycaret.regression.oop.RegressionExperiment object at 0x00000142F6A032D0>, estimator=gbr, fold=KFold(n_splits=10, random_state=None, shuffle=False), round=4, cross_validation=True, predict=True, fit_kwargs={}, groups=None, refit=False, probability_threshold=None, experiment_custom_tags=None, verbose=False, system=False, add_to_model_list=True, metrics=None, display=<pycaret.internal.display.display.CommonDisplay object at 0x00000142F7759E10>, model_only=True, return_train_score=False, error_score=0.0, kwargs={})
2025-10-31 11:03:03,599:INFO:Checking exceptions
2025-10-31 11:03:03,599:INFO:Importing libraries
2025-10-31 11:03:03,599:INFO:Copying training dataset
2025-10-31 11:03:03,607:INFO:Defining folds
2025-10-31 11:03:03,607:INFO:Declaring metric variables
2025-10-31 11:03:03,608:INFO:Importing untrained model
2025-10-31 11:03:03,610:INFO:Gradient Boosting Regressor Imported successfully
2025-10-31 11:03:03,610:INFO:Starting cross validation
2025-10-31 11:03:03,610:INFO:Cross validating with KFold(n_splits=10, random_state=None, shuffle=False), n_jobs=-1
2025-10-31 11:03:03,877:INFO:Calculating mean and std
2025-10-31 11:03:03,877:INFO:Creating metrics dataframe
2025-10-31 11:03:03,877:INFO:Uploading results into container
2025-10-31 11:03:03,877:INFO:Uploading model into container now
2025-10-31 11:03:03,877:INFO:_master_model_container: 16
2025-10-31 11:03:03,877:INFO:_display_container: 2
2025-10-31 11:03:03,877:INFO:GradientBoostingRegressor(alpha=0.9, ccp_alpha=0.0, criterion='friedman_mse',
                          init=None, learning_rate=0.1, loss='squared_error',
                          max_depth=3, max_features=None, max_leaf_nodes=None,
                          min_impurity_decrease=0.0, min_samples_leaf=1,
                          min_samples_split=2, min_weight_fraction_leaf=0.0,
                          n_estimators=100, n_iter_no_change=None,
                          random_state=111, subsample=1.0, tol=0.0001,
                          validation_fraction=0.1, verbose=0, warm_start=False)
2025-10-31 11:03:03,877:INFO:create_model() successfully completed......................................
2025-10-31 11:03:03,936:INFO:SubProcess create_model() end ==================================
2025-10-31 11:03:03,936:INFO:Creating metrics dataframe
2025-10-31 11:03:03,950:INFO:Initializing Light Gradient Boosting Machine
2025-10-31 11:03:03,955:INFO:Total runtime is 0.16604073842366537 minutes
2025-10-31 11:03:03,958:INFO:SubProcess create_model() called ==================================
2025-10-31 11:03:03,958:INFO:Initializing create_model()
2025-10-31 11:03:03,958:INFO:create_model(self=<pycaret.regression.oop.RegressionExperiment object at 0x00000142F6A032D0>, estimator=lightgbm, fold=KFold(n_splits=10, random_state=None, shuffle=False), round=4, cross_validation=True, predict=True, fit_kwargs={}, groups=None, refit=False, probability_threshold=None, experiment_custom_tags=None, verbose=False, system=False, add_to_model_list=True, metrics=None, display=<pycaret.internal.display.display.CommonDisplay object at 0x00000142F7759E10>, model_only=True, return_train_score=False, error_score=0.0, kwargs={})
2025-10-31 11:03:03,958:INFO:Checking exceptions
2025-10-31 11:03:03,958:INFO:Importing libraries
2025-10-31 11:03:03,958:INFO:Copying training dataset
2025-10-31 11:03:03,963:INFO:Defining folds
2025-10-31 11:03:03,963:INFO:Declaring metric variables
2025-10-31 11:03:03,965:INFO:Importing untrained model
2025-10-31 11:03:03,967:INFO:Light Gradient Boosting Machine Imported successfully
2025-10-31 11:03:03,972:INFO:Starting cross validation
2025-10-31 11:03:03,973:INFO:Cross validating with KFold(n_splits=10, random_state=None, shuffle=False), n_jobs=-1
2025-10-31 11:03:04,398:INFO:Calculating mean and std
2025-10-31 11:03:04,398:INFO:Creating metrics dataframe
2025-10-31 11:03:04,402:INFO:Uploading results into container
2025-10-31 11:03:04,403:INFO:Uploading model into container now
2025-10-31 11:03:04,403:INFO:_master_model_container: 17
2025-10-31 11:03:04,403:INFO:_display_container: 2
2025-10-31 11:03:04,405:INFO:LGBMRegressor(boosting_type='gbdt', class_weight=None, colsample_bytree=1.0,
              importance_type='split', learning_rate=0.1, max_depth=-1,
              min_child_samples=20, min_child_weight=0.001, min_split_gain=0.0,
              n_estimators=100, n_jobs=-1, num_leaves=31, objective=None,
              random_state=111, reg_alpha=0.0, reg_lambda=0.0, subsample=1.0,
              subsample_for_bin=200000, subsample_freq=0)
2025-10-31 11:03:04,405:INFO:create_model() successfully completed......................................
2025-10-31 11:03:04,491:INFO:SubProcess create_model() end ==================================
2025-10-31 11:03:04,491:INFO:Creating metrics dataframe
2025-10-31 11:03:04,500:INFO:Initializing Dummy Regressor
2025-10-31 11:03:04,500:INFO:Total runtime is 0.17513654232025147 minutes
2025-10-31 11:03:04,503:INFO:SubProcess create_model() called ==================================
2025-10-31 11:03:04,503:INFO:Initializing create_model()
2025-10-31 11:03:04,503:INFO:create_model(self=<pycaret.regression.oop.RegressionExperiment object at 0x00000142F6A032D0>, estimator=dummy, fold=KFold(n_splits=10, random_state=None, shuffle=False), round=4, cross_validation=True, predict=True, fit_kwargs={}, groups=None, refit=False, probability_threshold=None, experiment_custom_tags=None, verbose=False, system=False, add_to_model_list=True, metrics=None, display=<pycaret.internal.display.display.CommonDisplay object at 0x00000142F7759E10>, model_only=True, return_train_score=False, error_score=0.0, kwargs={})
2025-10-31 11:03:04,503:INFO:Checking exceptions
2025-10-31 11:03:04,503:INFO:Importing libraries
2025-10-31 11:03:04,503:INFO:Copying training dataset
2025-10-31 11:03:04,508:INFO:Defining folds
2025-10-31 11:03:04,508:INFO:Declaring metric variables
2025-10-31 11:03:04,512:INFO:Importing untrained model
2025-10-31 11:03:04,516:INFO:Dummy Regressor Imported successfully
2025-10-31 11:03:04,524:INFO:Starting cross validation
2025-10-31 11:03:04,525:INFO:Cross validating with KFold(n_splits=10, random_state=None, shuffle=False), n_jobs=-1
2025-10-31 11:03:04,585:INFO:Calculating mean and std
2025-10-31 11:03:04,585:INFO:Creating metrics dataframe
2025-10-31 11:03:04,587:INFO:Uploading results into container
2025-10-31 11:03:04,588:INFO:Uploading model into container now
2025-10-31 11:03:04,588:INFO:_master_model_container: 18
2025-10-31 11:03:04,588:INFO:_display_container: 2
2025-10-31 11:03:04,588:INFO:DummyRegressor(constant=None, quantile=None, strategy='mean')
2025-10-31 11:03:04,588:INFO:create_model() successfully completed......................................
2025-10-31 11:03:04,654:INFO:SubProcess create_model() end ==================================
2025-10-31 11:03:04,654:INFO:Creating metrics dataframe
2025-10-31 11:03:04,670:WARNING:C:\Users\User\miniconda3\envs\py3_11_9\Lib\site-packages\pycaret\internal\pycaret_experiment\supervised_experiment.py:339: FutureWarning: Styler.applymap has been deprecated. Use Styler.map instead.
  .applymap(highlight_cols, subset=["TT (Sec)"])

2025-10-31 11:03:04,678:INFO:Initializing create_model()
2025-10-31 11:03:04,678:INFO:create_model(self=<pycaret.regression.oop.RegressionExperiment object at 0x00000142F6A032D0>, estimator=GradientBoostingRegressor(alpha=0.9, ccp_alpha=0.0, criterion='friedman_mse',
                          init=None, learning_rate=0.1, loss='squared_error',
                          max_depth=3, max_features=None, max_leaf_nodes=None,
                          min_impurity_decrease=0.0, min_samples_leaf=1,
                          min_samples_split=2, min_weight_fraction_leaf=0.0,
                          n_estimators=100, n_iter_no_change=None,
                          random_state=111, subsample=1.0, tol=0.0001,
                          validation_fraction=0.1, verbose=0, warm_start=False), fold=KFold(n_splits=10, random_state=None, shuffle=False), round=4, cross_validation=False, predict=False, fit_kwargs={}, groups=None, refit=True, probability_threshold=None, experiment_custom_tags=None, verbose=False, system=False, add_to_model_list=True, metrics=None, display=None, model_only=True, return_train_score=False, error_score=0.0, kwargs={})
2025-10-31 11:03:04,678:INFO:Checking exceptions
2025-10-31 11:03:04,679:INFO:Importing libraries
2025-10-31 11:03:04,679:INFO:Copying training dataset
2025-10-31 11:03:04,679:INFO:Defining folds
2025-10-31 11:03:04,679:INFO:Declaring metric variables
2025-10-31 11:03:04,679:INFO:Importing untrained model
2025-10-31 11:03:04,679:INFO:Declaring custom model
2025-10-31 11:03:04,679:INFO:Gradient Boosting Regressor Imported successfully
2025-10-31 11:03:04,679:INFO:Cross validation set to False
2025-10-31 11:03:04,679:INFO:Fitting Model
2025-10-31 11:03:04,770:INFO:GradientBoostingRegressor(alpha=0.9, ccp_alpha=0.0, criterion='friedman_mse',
                          init=None, learning_rate=0.1, loss='squared_error',
                          max_depth=3, max_features=None, max_leaf_nodes=None,
                          min_impurity_decrease=0.0, min_samples_leaf=1,
                          min_samples_split=2, min_weight_fraction_leaf=0.0,
                          n_estimators=100, n_iter_no_change=None,
                          random_state=111, subsample=1.0, tol=0.0001,
                          validation_fraction=0.1, verbose=0, warm_start=False)
2025-10-31 11:03:04,770:INFO:create_model() successfully completed......................................
2025-10-31 11:03:04,858:INFO:_master_model_container: 18
2025-10-31 11:03:04,858:INFO:_display_container: 2
2025-10-31 11:03:04,858:INFO:GradientBoostingRegressor(alpha=0.9, ccp_alpha=0.0, criterion='friedman_mse',
                          init=None, learning_rate=0.1, loss='squared_error',
                          max_depth=3, max_features=None, max_leaf_nodes=None,
                          min_impurity_decrease=0.0, min_samples_leaf=1,
                          min_samples_split=2, min_weight_fraction_leaf=0.0,
                          n_estimators=100, n_iter_no_change=None,
                          random_state=111, subsample=1.0, tol=0.0001,
                          validation_fraction=0.1, verbose=0, warm_start=False)
2025-10-31 11:03:04,858:INFO:compare_models() successfully completed......................................
2025-10-31 11:03:11,740:INFO:Initializing tune_model()
2025-10-31 11:03:11,740:INFO:tune_model(self=<pycaret.regression.oop.RegressionExperiment object at 0x00000142F6A032D0>, estimator=GradientBoostingRegressor(alpha=0.9, ccp_alpha=0.0, criterion='friedman_mse',
                          init=None, learning_rate=0.1, loss='squared_error',
                          max_depth=3, max_features=None, max_leaf_nodes=None,
                          min_impurity_decrease=0.0, min_samples_leaf=1,
                          min_samples_split=2, min_weight_fraction_leaf=0.0,
                          n_estimators=100, n_iter_no_change=None,
                          random_state=111, subsample=1.0, tol=0.0001,
                          validation_fraction=0.1, verbose=0, warm_start=False), fold=None, round=4, n_iter=10, custom_grid=None, optimize=R2, custom_scorer=None, search_library=scikit-learn, search_algorithm=None, early_stopping=False, early_stopping_max_iters=10, choose_better=True, fit_kwargs=None, groups=None, return_tuner=False, verbose=True, tuner_verbose=True, return_train_score=False, kwargs={})
2025-10-31 11:03:11,741:INFO:Checking exceptions
2025-10-31 11:03:11,756:INFO:Copying training dataset
2025-10-31 11:03:11,758:INFO:Checking base model
2025-10-31 11:03:11,758:INFO:Base model : Gradient Boosting Regressor
2025-10-31 11:03:11,758:INFO:Declaring metric variables
2025-10-31 11:03:11,758:INFO:Defining Hyperparameters
2025-10-31 11:03:11,838:INFO:Tuning with n_jobs=-1
2025-10-31 11:03:11,839:INFO:Initializing RandomizedSearchCV
2025-10-31 11:03:14,240:INFO:best_params: {'actual_estimator__subsample': 0.85, 'actual_estimator__n_estimators': 80, 'actual_estimator__min_samples_split': 10, 'actual_estimator__min_samples_leaf': 1, 'actual_estimator__min_impurity_decrease': 0.02, 'actual_estimator__max_features': 'log2', 'actual_estimator__max_depth': 11, 'actual_estimator__learning_rate': 0.05}
2025-10-31 11:03:14,240:INFO:Hyperparameter search completed
2025-10-31 11:03:14,240:INFO:SubProcess create_model() called ==================================
2025-10-31 11:03:14,242:INFO:Initializing create_model()
2025-10-31 11:03:14,242:INFO:create_model(self=<pycaret.regression.oop.RegressionExperiment object at 0x00000142F6A032D0>, estimator=GradientBoostingRegressor(alpha=0.9, ccp_alpha=0.0, criterion='friedman_mse',
                          init=None, learning_rate=0.1, loss='squared_error',
                          max_depth=3, max_features=None, max_leaf_nodes=None,
                          min_impurity_decrease=0.0, min_samples_leaf=1,
                          min_samples_split=2, min_weight_fraction_leaf=0.0,
                          n_estimators=100, n_iter_no_change=None,
                          random_state=111, subsample=1.0, tol=0.0001,
                          validation_fraction=0.1, verbose=0, warm_start=False), fold=KFold(n_splits=10, random_state=None, shuffle=False), round=4, cross_validation=True, predict=True, fit_kwargs={}, groups=None, refit=True, probability_threshold=None, experiment_custom_tags=None, verbose=True, system=False, add_to_model_list=True, metrics=None, display=<pycaret.internal.display.display.CommonDisplay object at 0x00000142F6905550>, model_only=True, return_train_score=False, error_score=0.0, kwargs={'subsample': 0.85, 'n_estimators': 80, 'min_samples_split': 10, 'min_samples_leaf': 1, 'min_impurity_decrease': 0.02, 'max_features': 'log2', 'max_depth': 11, 'learning_rate': 0.05})
2025-10-31 11:03:14,242:INFO:Checking exceptions
2025-10-31 11:03:14,242:INFO:Importing libraries
2025-10-31 11:03:14,242:INFO:Copying training dataset
2025-10-31 11:03:14,244:INFO:Defining folds
2025-10-31 11:03:14,244:INFO:Declaring metric variables
2025-10-31 11:03:14,246:INFO:Importing untrained model
2025-10-31 11:03:14,246:INFO:Declaring custom model
2025-10-31 11:03:14,248:INFO:Gradient Boosting Regressor Imported successfully
2025-10-31 11:03:14,253:INFO:Starting cross validation
2025-10-31 11:03:14,254:INFO:Cross validating with KFold(n_splits=10, random_state=None, shuffle=False), n_jobs=-1
2025-10-31 11:03:14,454:INFO:Calculating mean and std
2025-10-31 11:03:14,455:INFO:Creating metrics dataframe
2025-10-31 11:03:14,459:INFO:Finalizing model
2025-10-31 11:03:14,525:INFO:Uploading results into container
2025-10-31 11:03:14,525:INFO:Uploading model into container now
2025-10-31 11:03:14,525:INFO:_master_model_container: 19
2025-10-31 11:03:14,526:INFO:_display_container: 3
2025-10-31 11:03:14,526:INFO:GradientBoostingRegressor(alpha=0.9, ccp_alpha=0.0, criterion='friedman_mse',
                          init=None, learning_rate=0.05, loss='squared_error',
                          max_depth=11, max_features='log2',
                          max_leaf_nodes=None, min_impurity_decrease=0.02,
                          min_samples_leaf=1, min_samples_split=10,
                          min_weight_fraction_leaf=0.0, n_estimators=80,
                          n_iter_no_change=None, random_state=111,
                          subsample=0.85, tol=0.0001, validation_fraction=0.1,
                          verbose=0, warm_start=False)
2025-10-31 11:03:14,526:INFO:create_model() successfully completed......................................
2025-10-31 11:03:14,591:INFO:SubProcess create_model() end ==================================
2025-10-31 11:03:14,591:INFO:choose_better activated
2025-10-31 11:03:14,594:INFO:SubProcess create_model() called ==================================
2025-10-31 11:03:14,594:INFO:Initializing create_model()
2025-10-31 11:03:14,594:INFO:create_model(self=<pycaret.regression.oop.RegressionExperiment object at 0x00000142F6A032D0>, estimator=GradientBoostingRegressor(alpha=0.9, ccp_alpha=0.0, criterion='friedman_mse',
                          init=None, learning_rate=0.1, loss='squared_error',
                          max_depth=3, max_features=None, max_leaf_nodes=None,
                          min_impurity_decrease=0.0, min_samples_leaf=1,
                          min_samples_split=2, min_weight_fraction_leaf=0.0,
                          n_estimators=100, n_iter_no_change=None,
                          random_state=111, subsample=1.0, tol=0.0001,
                          validation_fraction=0.1, verbose=0, warm_start=False), fold=KFold(n_splits=10, random_state=None, shuffle=False), round=4, cross_validation=True, predict=True, fit_kwargs={}, groups=None, refit=True, probability_threshold=None, experiment_custom_tags=None, verbose=False, system=False, add_to_model_list=True, metrics=None, display=None, model_only=True, return_train_score=False, error_score=0.0, kwargs={})
2025-10-31 11:03:14,594:INFO:Checking exceptions
2025-10-31 11:03:14,595:INFO:Importing libraries
2025-10-31 11:03:14,595:INFO:Copying training dataset
2025-10-31 11:03:14,597:INFO:Defining folds
2025-10-31 11:03:14,597:INFO:Declaring metric variables
2025-10-31 11:03:14,598:INFO:Importing untrained model
2025-10-31 11:03:14,598:INFO:Declaring custom model
2025-10-31 11:03:14,598:INFO:Gradient Boosting Regressor Imported successfully
2025-10-31 11:03:14,598:INFO:Starting cross validation
2025-10-31 11:03:14,599:INFO:Cross validating with KFold(n_splits=10, random_state=None, shuffle=False), n_jobs=-1
2025-10-31 11:03:14,872:INFO:Calculating mean and std
2025-10-31 11:03:14,872:INFO:Creating metrics dataframe
2025-10-31 11:03:14,874:INFO:Finalizing model
2025-10-31 11:03:14,980:INFO:Uploading results into container
2025-10-31 11:03:14,980:INFO:Uploading model into container now
2025-10-31 11:03:14,981:INFO:_master_model_container: 20
2025-10-31 11:03:14,981:INFO:_display_container: 4
2025-10-31 11:03:14,981:INFO:GradientBoostingRegressor(alpha=0.9, ccp_alpha=0.0, criterion='friedman_mse',
                          init=None, learning_rate=0.1, loss='squared_error',
                          max_depth=3, max_features=None, max_leaf_nodes=None,
                          min_impurity_decrease=0.0, min_samples_leaf=1,
                          min_samples_split=2, min_weight_fraction_leaf=0.0,
                          n_estimators=100, n_iter_no_change=None,
                          random_state=111, subsample=1.0, tol=0.0001,
                          validation_fraction=0.1, verbose=0, warm_start=False)
2025-10-31 11:03:14,981:INFO:create_model() successfully completed......................................
2025-10-31 11:03:15,041:INFO:SubProcess create_model() end ==================================
2025-10-31 11:03:15,042:INFO:GradientBoostingRegressor(alpha=0.9, ccp_alpha=0.0, criterion='friedman_mse',
                          init=None, learning_rate=0.1, loss='squared_error',
                          max_depth=3, max_features=None, max_leaf_nodes=None,
                          min_impurity_decrease=0.0, min_samples_leaf=1,
                          min_samples_split=2, min_weight_fraction_leaf=0.0,
                          n_estimators=100, n_iter_no_change=None,
                          random_state=111, subsample=1.0, tol=0.0001,
                          validation_fraction=0.1, verbose=0, warm_start=False) result for R2 is 0.8562
2025-10-31 11:03:15,042:INFO:GradientBoostingRegressor(alpha=0.9, ccp_alpha=0.0, criterion='friedman_mse',
                          init=None, learning_rate=0.05, loss='squared_error',
                          max_depth=11, max_features='log2',
                          max_leaf_nodes=None, min_impurity_decrease=0.02,
                          min_samples_leaf=1, min_samples_split=10,
                          min_weight_fraction_leaf=0.0, n_estimators=80,
                          n_iter_no_change=None, random_state=111,
                          subsample=0.85, tol=0.0001, validation_fraction=0.1,
                          verbose=0, warm_start=False) result for R2 is 0.871
2025-10-31 11:03:15,042:INFO:GradientBoostingRegressor(alpha=0.9, ccp_alpha=0.0, criterion='friedman_mse',
                          init=None, learning_rate=0.05, loss='squared_error',
                          max_depth=11, max_features='log2',
                          max_leaf_nodes=None, min_impurity_decrease=0.02,
                          min_samples_leaf=1, min_samples_split=10,
                          min_weight_fraction_leaf=0.0, n_estimators=80,
                          n_iter_no_change=None, random_state=111,
                          subsample=0.85, tol=0.0001, validation_fraction=0.1,
                          verbose=0, warm_start=False) is best model
2025-10-31 11:03:15,042:INFO:choose_better completed
2025-10-31 11:03:15,048:INFO:_master_model_container: 20
2025-10-31 11:03:15,048:INFO:_display_container: 3
2025-10-31 11:03:15,049:INFO:GradientBoostingRegressor(alpha=0.9, ccp_alpha=0.0, criterion='friedman_mse',
                          init=None, learning_rate=0.05, loss='squared_error',
                          max_depth=11, max_features='log2',
                          max_leaf_nodes=None, min_impurity_decrease=0.02,
                          min_samples_leaf=1, min_samples_split=10,
                          min_weight_fraction_leaf=0.0, n_estimators=80,
                          n_iter_no_change=None, random_state=111,
                          subsample=0.85, tol=0.0001, validation_fraction=0.1,
                          verbose=0, warm_start=False)
2025-10-31 11:03:15,049:INFO:tune_model() successfully completed......................................
2025-10-31 11:03:23,382:INFO:Initializing evaluate_model()
2025-10-31 11:03:23,382:INFO:evaluate_model(self=<pycaret.regression.oop.RegressionExperiment object at 0x00000142F6A032D0>, estimator=GradientBoostingRegressor(alpha=0.9, ccp_alpha=0.0, criterion='friedman_mse',
                          init=None, learning_rate=0.05, loss='squared_error',
                          max_depth=11, max_features='log2',
                          max_leaf_nodes=None, min_impurity_decrease=0.02,
                          min_samples_leaf=1, min_samples_split=10,
                          min_weight_fraction_leaf=0.0, n_estimators=80,
                          n_iter_no_change=None, random_state=111,
                          subsample=0.85, tol=0.0001, validation_fraction=0.1,
                          verbose=0, warm_start=False), fold=None, fit_kwargs=None, plot_kwargs=None, feature_name=None, groups=None)
2025-10-31 11:03:23,392:INFO:Initializing plot_model()
2025-10-31 11:03:23,392:INFO:plot_model(self=<pycaret.regression.oop.RegressionExperiment object at 0x00000142F6A032D0>, estimator=GradientBoostingRegressor(alpha=0.9, ccp_alpha=0.0, criterion='friedman_mse',
                          init=None, learning_rate=0.05, loss='squared_error',
                          max_depth=11, max_features='log2',
                          max_leaf_nodes=None, min_impurity_decrease=0.02,
                          min_samples_leaf=1, min_samples_split=10,
                          min_weight_fraction_leaf=0.0, n_estimators=80,
                          n_iter_no_change=None, random_state=111,
                          subsample=0.85, tol=0.0001, validation_fraction=0.1,
                          verbose=0, warm_start=False), plot=pipeline, scale=1, save=False, fold=KFold(n_splits=10, random_state=None, shuffle=False), fit_kwargs={}, plot_kwargs=None, groups=None, feature_name=None, label=False, verbose=False, system=True, display=None, display_format=None)
2025-10-31 11:03:23,392:INFO:Checking exceptions
2025-10-31 11:03:23,395:INFO:Preloading libraries
2025-10-31 11:03:23,398:INFO:Copying training dataset
2025-10-31 11:03:23,398:INFO:Plot type: pipeline
2025-10-31 11:03:23,473:INFO:Visual Rendered Successfully
2025-10-31 11:03:23,538:INFO:plot_model() successfully completed......................................
2025-10-31 11:03:25,311:INFO:Initializing plot_model()
2025-10-31 11:03:25,311:INFO:plot_model(self=<pycaret.regression.oop.RegressionExperiment object at 0x00000142F6A032D0>, estimator=GradientBoostingRegressor(learning_rate=0.05, max_depth=11, max_features='log2',
                          min_impurity_decrease=0.02, min_samples_split=10,
                          n_estimators=80, random_state=111, subsample=0.85), plot=parameter, scale=1, save=False, fold=KFold(n_splits=10, random_state=None, shuffle=False), fit_kwargs={}, plot_kwargs=None, groups=None, feature_name=None, label=False, verbose=False, system=True, display=None, display_format=None)
2025-10-31 11:03:25,311:INFO:Checking exceptions
2025-10-31 11:03:25,314:INFO:Preloading libraries
2025-10-31 11:03:25,320:INFO:Copying training dataset
2025-10-31 11:03:25,321:INFO:Plot type: parameter
2025-10-31 11:03:25,324:INFO:Visual Rendered Successfully
2025-10-31 11:03:25,388:INFO:plot_model() successfully completed......................................
2025-10-31 11:03:32,005:INFO:Initializing plot_model()
2025-10-31 11:03:32,006:INFO:plot_model(self=<pycaret.regression.oop.RegressionExperiment object at 0x00000142F6A032D0>, estimator=GradientBoostingRegressor(learning_rate=0.05, max_depth=11, max_features='log2',
                          min_impurity_decrease=0.02, min_samples_split=10,
                          n_estimators=80, random_state=111, subsample=0.85), plot=pipeline, scale=1, save=False, fold=KFold(n_splits=10, random_state=None, shuffle=False), fit_kwargs={}, plot_kwargs=None, groups=None, feature_name=None, label=False, verbose=False, system=True, display=None, display_format=None)
2025-10-31 11:03:32,006:INFO:Checking exceptions
2025-10-31 11:03:32,010:INFO:Preloading libraries
2025-10-31 11:03:32,010:INFO:Copying training dataset
2025-10-31 11:03:32,010:INFO:Plot type: pipeline
2025-10-31 11:03:32,056:INFO:Visual Rendered Successfully
2025-10-31 11:03:32,117:INFO:plot_model() successfully completed......................................
2025-10-31 11:03:36,344:INFO:Initializing plot_model()
2025-10-31 11:03:36,344:INFO:plot_model(self=<pycaret.regression.oop.RegressionExperiment object at 0x00000142F6A032D0>, estimator=GradientBoostingRegressor(learning_rate=0.05, max_depth=11, max_features='log2',
                          min_impurity_decrease=0.02, min_samples_split=10,
                          n_estimators=80, random_state=111, subsample=0.85), plot=residuals, scale=1, save=False, fold=KFold(n_splits=10, random_state=None, shuffle=False), fit_kwargs={}, plot_kwargs=None, groups=None, feature_name=None, label=False, verbose=False, system=True, display=None, display_format=None)
2025-10-31 11:03:36,344:INFO:Checking exceptions
2025-10-31 11:03:36,347:INFO:Preloading libraries
2025-10-31 11:03:36,352:INFO:Copying training dataset
2025-10-31 11:03:36,352:INFO:Plot type: residuals
2025-10-31 11:03:36,406:INFO:Fitting Model
2025-10-31 11:03:36,406:WARNING:C:\Users\User\miniconda3\envs\py3_11_9\Lib\site-packages\sklearn\base.py:493: UserWarning: X does not have valid feature names, but GradientBoostingRegressor was fitted with feature names
  warnings.warn(

2025-10-31 11:03:36,422:INFO:Scoring test/hold-out set
2025-10-31 11:03:36,650:INFO:Visual Rendered Successfully
2025-10-31 11:03:36,726:INFO:plot_model() successfully completed......................................
2025-10-31 11:03:40,269:INFO:Initializing plot_model()
2025-10-31 11:03:40,269:INFO:plot_model(self=<pycaret.regression.oop.RegressionExperiment object at 0x00000142F6A032D0>, estimator=GradientBoostingRegressor(learning_rate=0.05, max_depth=11, max_features='log2',
                          min_impurity_decrease=0.02, min_samples_split=10,
                          n_estimators=80, random_state=111, subsample=0.85), plot=learning, scale=1, save=False, fold=KFold(n_splits=10, random_state=None, shuffle=False), fit_kwargs={}, plot_kwargs=None, groups=None, feature_name=None, label=False, verbose=False, system=True, display=None, display_format=None)
2025-10-31 11:03:40,269:INFO:Checking exceptions
2025-10-31 11:03:40,273:INFO:Preloading libraries
2025-10-31 11:03:40,275:INFO:Copying training dataset
2025-10-31 11:03:40,275:INFO:Plot type: learning
2025-10-31 11:03:40,323:INFO:Fitting Model
2025-10-31 11:03:41,723:INFO:Visual Rendered Successfully
2025-10-31 11:03:41,791:INFO:plot_model() successfully completed......................................
2025-10-31 11:03:43,908:INFO:Initializing plot_model()
2025-10-31 11:03:43,909:INFO:plot_model(self=<pycaret.regression.oop.RegressionExperiment object at 0x00000142F6A032D0>, estimator=GradientBoostingRegressor(learning_rate=0.05, max_depth=11, max_features='log2',
                          min_impurity_decrease=0.02, min_samples_split=10,
                          n_estimators=80, random_state=111, subsample=0.85), plot=manifold, scale=1, save=False, fold=KFold(n_splits=10, random_state=None, shuffle=False), fit_kwargs={}, plot_kwargs=None, groups=None, feature_name=None, label=False, verbose=False, system=True, display=None, display_format=None)
2025-10-31 11:03:43,909:INFO:Checking exceptions
2025-10-31 11:03:43,911:INFO:Preloading libraries
2025-10-31 11:03:43,918:INFO:Copying training dataset
2025-10-31 11:03:43,918:INFO:Plot type: manifold
2025-10-31 11:03:43,973:INFO:Fitting & Transforming Model
2025-10-31 11:03:45,005:INFO:Visual Rendered Successfully
2025-10-31 11:03:45,070:INFO:plot_model() successfully completed......................................
2025-10-31 11:03:48,427:INFO:Initializing plot_model()
2025-10-31 11:03:48,427:INFO:plot_model(self=<pycaret.regression.oop.RegressionExperiment object at 0x00000142F6A032D0>, estimator=GradientBoostingRegressor(learning_rate=0.05, max_depth=11, max_features='log2',
                          min_impurity_decrease=0.02, min_samples_split=10,
                          n_estimators=80, random_state=111, subsample=0.85), plot=pipeline, scale=1, save=False, fold=KFold(n_splits=10, random_state=None, shuffle=False), fit_kwargs={}, plot_kwargs=None, groups=None, feature_name=None, label=False, verbose=False, system=True, display=None, display_format=None)
2025-10-31 11:03:48,427:INFO:Checking exceptions
2025-10-31 11:03:48,427:INFO:Preloading libraries
2025-10-31 11:03:48,442:INFO:Copying training dataset
2025-10-31 11:03:48,442:INFO:Plot type: pipeline
2025-10-31 11:03:48,490:INFO:Visual Rendered Successfully
2025-10-31 11:03:48,567:INFO:plot_model() successfully completed......................................
2025-10-31 11:03:52,366:INFO:Initializing predict_model()
2025-10-31 11:03:52,366:INFO:predict_model(self=<pycaret.regression.oop.RegressionExperiment object at 0x00000142F6A032D0>, estimator=GradientBoostingRegressor(alpha=0.9, ccp_alpha=0.0, criterion='friedman_mse',
                          init=None, learning_rate=0.05, loss='squared_error',
                          max_depth=11, max_features='log2',
                          max_leaf_nodes=None, min_impurity_decrease=0.02,
                          min_samples_leaf=1, min_samples_split=10,
                          min_weight_fraction_leaf=0.0, n_estimators=80,
                          n_iter_no_change=None, random_state=111,
                          subsample=0.85, tol=0.0001, validation_fraction=0.1,
                          verbose=0, warm_start=False), probability_threshold=None, encoded_labels=False, raw_score=False, round=4, verbose=True, ml_usecase=None, preprocess=True, encode_labels=<function _SupervisedExperiment.predict_model.<locals>.encode_labels at 0x00000142F66E5940>)
2025-10-31 11:03:52,366:INFO:Checking exceptions
2025-10-31 11:03:52,366:INFO:Preloading libraries
2025-10-31 11:03:52,410:WARNING:C:\Users\User\miniconda3\envs\py3_11_9\Lib\site-packages\sklearn\metrics\_regression.py:483: FutureWarning: 'squared' is deprecated in version 1.4 and will be removed in 1.6. To calculate the root mean squared error, use the function'root_mean_squared_error'.
  warnings.warn(

2025-10-31 11:03:59,729:INFO:Initializing finalize_model()
2025-10-31 11:03:59,729:INFO:finalize_model(self=<pycaret.regression.oop.RegressionExperiment object at 0x00000142F6A032D0>, estimator=GradientBoostingRegressor(alpha=0.9, ccp_alpha=0.0, criterion='friedman_mse',
                          init=None, learning_rate=0.05, loss='squared_error',
                          max_depth=11, max_features='log2',
                          max_leaf_nodes=None, min_impurity_decrease=0.02,
                          min_samples_leaf=1, min_samples_split=10,
                          min_weight_fraction_leaf=0.0, n_estimators=80,
                          n_iter_no_change=None, random_state=111,
                          subsample=0.85, tol=0.0001, validation_fraction=0.1,
                          verbose=0, warm_start=False), fit_kwargs=None, groups=None, model_only=False, experiment_custom_tags=None)
2025-10-31 11:03:59,729:INFO:Finalizing GradientBoostingRegressor(alpha=0.9, ccp_alpha=0.0, criterion='friedman_mse',
                          init=None, learning_rate=0.05, loss='squared_error',
                          max_depth=11, max_features='log2',
                          max_leaf_nodes=None, min_impurity_decrease=0.02,
                          min_samples_leaf=1, min_samples_split=10,
                          min_weight_fraction_leaf=0.0, n_estimators=80,
                          n_iter_no_change=None, random_state=111,
                          subsample=0.85, tol=0.0001, validation_fraction=0.1,
                          verbose=0, warm_start=False)
2025-10-31 11:03:59,742:INFO:Initializing create_model()
2025-10-31 11:03:59,743:INFO:create_model(self=<pycaret.regression.oop.RegressionExperiment object at 0x00000142F6A032D0>, estimator=GradientBoostingRegressor(alpha=0.9, ccp_alpha=0.0, criterion='friedman_mse',
                          init=None, learning_rate=0.05, loss='squared_error',
                          max_depth=11, max_features='log2',
                          max_leaf_nodes=None, min_impurity_decrease=0.02,
                          min_samples_leaf=1, min_samples_split=10,
                          min_weight_fraction_leaf=0.0, n_estimators=80,
                          n_iter_no_change=None, random_state=111,
                          subsample=0.85, tol=0.0001, validation_fraction=0.1,
                          verbose=0, warm_start=False), fold=None, round=4, cross_validation=False, predict=False, fit_kwargs={}, groups=None, refit=True, probability_threshold=None, experiment_custom_tags=None, verbose=False, system=False, add_to_model_list=False, metrics=None, display=None, model_only=False, return_train_score=False, error_score=0.0, kwargs={})
2025-10-31 11:03:59,743:INFO:Checking exceptions
2025-10-31 11:03:59,744:INFO:Importing libraries
2025-10-31 11:03:59,744:INFO:Copying training dataset
2025-10-31 11:03:59,745:INFO:Defining folds
2025-10-31 11:03:59,745:INFO:Declaring metric variables
2025-10-31 11:03:59,745:INFO:Importing untrained model
2025-10-31 11:03:59,745:INFO:Declaring custom model
2025-10-31 11:03:59,746:INFO:Gradient Boosting Regressor Imported successfully
2025-10-31 11:03:59,746:INFO:Cross validation set to False
2025-10-31 11:03:59,746:INFO:Fitting Model
2025-10-31 11:03:59,823:INFO:Pipeline(memory=Memory(location=None),
         steps=[('numerical_imputer',
                 TransformerWrapper(exclude=None,
                                    include=['CRIM', 'ZN', 'INDUS', 'CHAS',
                                             'NOX', 'RM', 'AGE', 'DIS', 'RAD',
                                             'TAX', 'PTRATIO', 'B', 'LSTAT'],
                                    transformer=SimpleImputer(add_indicator=False,
                                                              copy=True,
                                                              fill_value=None,
                                                              keep_empty_features=False,
                                                              missing_values=nan,
                                                              strategy='mean'))),
                ('categorical_imputer'...
                                           criterion='friedman_mse', init=None,
                                           learning_rate=0.05,
                                           loss='squared_error', max_depth=11,
                                           max_features='log2',
                                           max_leaf_nodes=None,
                                           min_impurity_decrease=0.02,
                                           min_samples_leaf=1,
                                           min_samples_split=10,
                                           min_weight_fraction_leaf=0.0,
                                           n_estimators=80,
                                           n_iter_no_change=None,
                                           random_state=111, subsample=0.85,
                                           tol=0.0001, validation_fraction=0.1,
                                           verbose=0, warm_start=False))],
         verbose=False)
2025-10-31 11:03:59,823:INFO:create_model() successfully completed......................................
2025-10-31 11:03:59,887:INFO:_master_model_container: 20
2025-10-31 11:03:59,887:INFO:_display_container: 4
2025-10-31 11:03:59,889:INFO:Pipeline(memory=Memory(location=None),
         steps=[('numerical_imputer',
                 TransformerWrapper(exclude=None,
                                    include=['CRIM', 'ZN', 'INDUS', 'CHAS',
                                             'NOX', 'RM', 'AGE', 'DIS', 'RAD',
                                             'TAX', 'PTRATIO', 'B', 'LSTAT'],
                                    transformer=SimpleImputer(add_indicator=False,
                                                              copy=True,
                                                              fill_value=None,
                                                              keep_empty_features=False,
                                                              missing_values=nan,
                                                              strategy='mean'))),
                ('categorical_imputer'...
                                           criterion='friedman_mse', init=None,
                                           learning_rate=0.05,
                                           loss='squared_error', max_depth=11,
                                           max_features='log2',
                                           max_leaf_nodes=None,
                                           min_impurity_decrease=0.02,
                                           min_samples_leaf=1,
                                           min_samples_split=10,
                                           min_weight_fraction_leaf=0.0,
                                           n_estimators=80,
                                           n_iter_no_change=None,
                                           random_state=111, subsample=0.85,
                                           tol=0.0001, validation_fraction=0.1,
                                           verbose=0, warm_start=False))],
         verbose=False)
2025-10-31 11:03:59,889:INFO:finalize_model() successfully completed......................................
2025-10-31 11:04:03,677:INFO:Initializing save_model()
2025-10-31 11:04:03,677:INFO:save_model(model=Pipeline(memory=Memory(location=None),
         steps=[('numerical_imputer',
                 TransformerWrapper(exclude=None,
                                    include=['CRIM', 'ZN', 'INDUS', 'CHAS',
                                             'NOX', 'RM', 'AGE', 'DIS', 'RAD',
                                             'TAX', 'PTRATIO', 'B', 'LSTAT'],
                                    transformer=SimpleImputer(add_indicator=False,
                                                              copy=True,
                                                              fill_value=None,
                                                              keep_empty_features=False,
                                                              missing_values=nan,
                                                              strategy='mean'))),
                ('categorical_imputer'...
                                           criterion='friedman_mse', init=None,
                                           learning_rate=0.05,
                                           loss='squared_error', max_depth=11,
                                           max_features='log2',
                                           max_leaf_nodes=None,
                                           min_impurity_decrease=0.02,
                                           min_samples_leaf=1,
                                           min_samples_split=10,
                                           min_weight_fraction_leaf=0.0,
                                           n_estimators=80,
                                           n_iter_no_change=None,
                                           random_state=111, subsample=0.85,
                                           tol=0.0001, validation_fraction=0.1,
                                           verbose=0, warm_start=False))],
         verbose=False), model_name=boston_house_model, prep_pipe_=Pipeline(memory=FastMemory(location=C:\Users\User\AppData\Local\Temp\joblib),
         steps=[('numerical_imputer',
                 TransformerWrapper(exclude=None,
                                    include=['CRIM', 'ZN', 'INDUS', 'CHAS',
                                             'NOX', 'RM', 'AGE', 'DIS', 'RAD',
                                             'TAX', 'PTRATIO', 'B', 'LSTAT'],
                                    transformer=SimpleImputer(add_indicator=False,
                                                              copy=True,
                                                              fill_value=None,
                                                              keep_empty_features=False,
                                                              missing_values=nan,
                                                              strategy='mean'))),
                ('categorical_imputer',
                 TransformerWrapper(exclude=None, include=[],
                                    transformer=SimpleImputer(add_indicator=False,
                                                              copy=True,
                                                              fill_value=None,
                                                              keep_empty_features=False,
                                                              missing_values=nan,
                                                              strategy='most_frequent')))],
         verbose=False), verbose=True, use_case=MLUsecase.REGRESSION, kwargs={})
2025-10-31 11:04:03,677:INFO:Adding model into prep_pipe
2025-10-31 11:04:03,677:WARNING:Only Model saved as it was a pipeline.
2025-10-31 11:04:03,686:INFO:boston_house_model.pkl saved in current working directory
2025-10-31 11:04:03,692:INFO:Pipeline(memory=Memory(location=None),
         steps=[('numerical_imputer',
                 TransformerWrapper(exclude=None,
                                    include=['CRIM', 'ZN', 'INDUS', 'CHAS',
                                             'NOX', 'RM', 'AGE', 'DIS', 'RAD',
                                             'TAX', 'PTRATIO', 'B', 'LSTAT'],
                                    transformer=SimpleImputer(add_indicator=False,
                                                              copy=True,
                                                              fill_value=None,
                                                              keep_empty_features=False,
                                                              missing_values=nan,
                                                              strategy='mean'))),
                ('categorical_imputer'...
                                           criterion='friedman_mse', init=None,
                                           learning_rate=0.05,
                                           loss='squared_error', max_depth=11,
                                           max_features='log2',
                                           max_leaf_nodes=None,
                                           min_impurity_decrease=0.02,
                                           min_samples_leaf=1,
                                           min_samples_split=10,
                                           min_weight_fraction_leaf=0.0,
                                           n_estimators=80,
                                           n_iter_no_change=None,
                                           random_state=111, subsample=0.85,
                                           tol=0.0001, validation_fraction=0.1,
                                           verbose=0, warm_start=False))],
         verbose=False)
2025-10-31 11:04:03,692:INFO:save_model() successfully completed......................................
2025-10-31 11:04:15,042:INFO:Initializing load_model()
2025-10-31 11:04:15,042:INFO:load_model(model_name=boston_house_model, platform=None, authentication=None, verbose=True)
2025-10-31 11:04:27,444:INFO:Initializing predict_model()
2025-10-31 11:04:27,444:INFO:predict_model(self=<pycaret.regression.oop.RegressionExperiment object at 0x00000142F6A032D0>, estimator=Pipeline(memory=FastMemory(location=C:\Users\User\AppData\Local\Temp\joblib),
         steps=[('numerical_imputer',
                 TransformerWrapper(exclude=None,
                                    include=['CRIM', 'ZN', 'INDUS', 'CHAS',
                                             'NOX', 'RM', 'AGE', 'DIS', 'RAD',
                                             'TAX', 'PTRATIO', 'B', 'LSTAT'],
                                    transformer=SimpleImputer(add_indicator=False,
                                                              copy=True,
                                                              fill_value=None,
                                                              keep_empty_features=False,
                                                              missing_values=nan,
                                                              st...
                                           criterion='friedman_mse', init=None,
                                           learning_rate=0.05,
                                           loss='squared_error', max_depth=11,
                                           max_features='log2',
                                           max_leaf_nodes=None,
                                           min_impurity_decrease=0.02,
                                           min_samples_leaf=1,
                                           min_samples_split=10,
                                           min_weight_fraction_leaf=0.0,
                                           n_estimators=80,
                                           n_iter_no_change=None,
                                           random_state=111, subsample=0.85,
                                           tol=0.0001, validation_fraction=0.1,
                                           verbose=0, warm_start=False))],
         verbose=False), probability_threshold=None, encoded_labels=False, raw_score=False, round=4, verbose=True, ml_usecase=None, preprocess=True, encode_labels=<function _SupervisedExperiment.predict_model.<locals>.encode_labels at 0x00000142F73939C0>)
2025-10-31 11:04:27,444:INFO:Checking exceptions
2025-10-31 11:04:27,444:INFO:Preloading libraries
2025-10-31 11:04:27,444:INFO:Set up data.
2025-10-31 11:04:27,444:INFO:Set up index.
